timestamp,ticker,source,text,url,SentimentScore
2026-07-02 10:44:24+00:00,KHC,StockStory,3 S&P 500 Stocks We Steer Clear Of,https://finance.yahoo.com/markets/stocks/articles/3-p-500-stocks-steer-104424502.html,-0.5
2026-07-02 10:53:00+00:00,ALNY,Motley Fool,Wall Street Thinks This Biotech Stock Can Soar 45%. Here's Why Analysts Are Right.,https://finance.yahoo.com/healthcare/articles/wall-street-thinks-biotech-stock-105300473.html,0.8
2026-07-02 11:00:24+00:00,BKR,StockStory,1 Cash-Producing Stock Worth Your Attention and 2 Facing Challenges,https://finance.yahoo.com/markets/stocks/articles/1-cash-producing-stock-worth-110024677.html,0.0
2026-07-02 11:28:14+00:00,FTNT,Insider Monkey,"Here’s Why Fortinet, Inc. (FTNT) Is Among the Most Profitable Software Stocks to Buy",https://finance.yahoo.com/markets/stocks/articles/why-fortinet-inc-ftnt-among-112814763.html,0.8
2026-07-02 11:28:16+00:00,PAYX,Insider Monkey,"Why Paychex, Inc. (PAYX) Is Still a Controversial Pick on Wall Street",https://finance.yahoo.com/markets/stocks/articles/why-paychex-inc-payx-still-112816828.html,-0.5
2026-07-02 11:28:20+00:00,CDNS,Insider Monkey,"Why Analysts Are Growing More Bullish on Cadence Design Systems, Inc. (CDNS)",https://finance.yahoo.com/markets/stocks/articles/why-analysts-growing-more-bullish-112820827.html,0.8
2026-07-02 11:38:03+00:00,CEG,Simply Wall St.,Energy Transition Today - Driving Grid Stability With Vehicle-To-Grid Innovation,https://finance.yahoo.com/energy/articles/energy-transition-today-driving-grid-113803365.html,0.5
2026-07-02 12:14:24+00:00,ADP,MT Newswires,Stocks Mostly Up Pre-Bell Ahead of Key Jobs Report,https://finance.yahoo.com/markets/stocks/articles/stocks-mostly-pre-bell-ahead-121424839.html,0.5
2026-07-02 12:17:00+00:00,KHC,Zacks,MKC Stock Outlook Hinges on Pricing Power and Flavor Demand Trends,https://finance.yahoo.com/markets/stocks/articles/mkc-stock-outlook-hinges-pricing-121700337.html,0.2
2026-07-02 12:20:00+00:00,MCHP,Zacks,5 Top-Ranked Momentum Stock Picks for Q3 2026 After a Fabulous Q2,https://finance.yahoo.com/markets/stocks/articles/5-top-ranked-momentum-stock-122000661.html,0.8
2026-07-02 12:45:00+00:00,WBD,MarketBeat,"Netflix Stock Is Near 2021 Levels, and Bulls See 4 Reasons to Care",https://finance.yahoo.com/markets/stocks/articles/netflix-stock-near-2021-levels-124500492.html,0.5
2026-07-02 12:55:56+00:00,ADP,24/7 Wall St.,"The Dow Just Had Its Best First Half Since 2021, but This Jobs Number Is Flashing Yellow",https://finance.yahoo.com/economy/articles/dow-just-had-best-first-125556373.html,0.2
2026-07-02 13:00:00+00:00,FTNT,GlobeNewswire,Fortinet to Announce Second Quarter 2026 Financial Results,https://finance.yahoo.com/technology/articles/fortinet-announce-second-quarter-2026-130000618.html,0.0
2026-07-02 13:00:02+00:00,SNPS,Zacks,"Synopsys, Inc. (SNPS) is Attracting Investor Attention: Here is What You Should Know",https://finance.yahoo.com/markets/stocks/articles/synopsys-inc-snps-attracting-investor-130002567.html,0.5
2026-07-02 13:00:03+00:00,BKNG,Zacks,Investors Heavily Search Booking Holdings Inc. (BKNG): Here is What You Need to Know,https://finance.yahoo.com/markets/stocks/articles/investors-heavily-search-booking-holdings-130003376.html,0.5
2026-07-02 13:00:05+00:00,WDAY,MT Newswires,"Software, Consulting Firms Not Facing Doom Still Likely to See Pain From AI Spending",https://finance.yahoo.com/technology/ai/articles/software-consulting-firms-not-facing-130005553.html,-0.6
2026-07-02 13:16:04+00:00,COST,reddit.com/r/stocks,"Tesla reports 480,126 vehicle deliveries for second quarter, topping expectation - Tesla reported vehicle deliveries and production levels for the second quarter, as Elon Musk’s automaker tries to rebound from consecutive annual declines in auto sales. Here are the key numbers: * Total Q2 vehicle deliveries: 480,126 * Total Q2 vehicle production: 451,758 Analysts were expecting around 406,600 deliveries, according to StreetAccount’s consensus. Tesla’s company-compiled consensus published last week was 406,024 deliveries. In the same",,0.8
2026-07-02 13:23:34+00:00,AXON,Yahoo Finance,CEO of Taser maker Axon: Drones that stun perpetrators are in our future,https://finance.yahoo.com/markets/article/ceo-of-taser-maker-axon-drones-that-stun-perpetrators-are-in-our-future-132334656.html,0.5
2026-07-02 13:26:00+00:00,ADP,Zacks,"Stock Market News for July 2, 2026",https://finance.yahoo.com/markets/stocks/articles/stock-market-news-july-2-132600808.html,0.0
2026-07-02 13:26:00+00:00,ABNB,Motley Fool,Prediction: Nike Will Be Booted From the Dow Jones Industrial Average Within 12 Months and Replaced by One of 2 Consumer-Facing Giants,https://finance.yahoo.com/markets/stocks/articles/prediction-nike-booted-dow-jones-132600653.html,-0.6
2026-07-02 13:40:00+00:00,KLAC,Zacks,COHU Stock Outlook Hinges on AI Growth and Profit Recovery,https://finance.yahoo.com/technology/ai/articles/cohu-stock-outlook-hinges-ai-134000663.html,0.5
2026-07-02 13:42:35+00:00,HONA,The Fly,"Palantir, Chevron upgraded: Wall Street's top analyst calls",https://finance.yahoo.com/markets/stocks/articles/palantir-chevron-upgraded-wall-streets-134235004.html,0.5
2026-07-02 13:57:00+00:00,KLAC,Zacks,ONTO Stock Climbs 26% in a Month: What's the Next Move for Investors?,https://finance.yahoo.com/markets/stocks/articles/onto-stock-climbs-26-month-135700941.html,0.6
2026-07-02 14:08:21+00:00,MDLZ,Simply Wall St.,Mondelez (MDLZ) Launches Swarovski Toblerone Push While Backing Luna Bar With Jessica Alba,https://finance.yahoo.com/markets/stocks/articles/mondelez-mdlz-launches-swarovski-toblerone-140821999.html,0.5
2026-07-02 14:21:00+00:00,XEL,Zacks,Can Partnerships and PPAs Continue to Power NextEra's Earnings Growth?,https://finance.yahoo.com/energy/articles/partnerships-ppas-continue-power-nexteras-142100032.html,0.5
2026-07-02 14:26:36+00:00,ISRG,Insider Monkey,Intuitive Surgical (ISRG) Fell on Below-Consensus Forecast,https://finance.yahoo.com/markets/stocks/articles/intuitive-surgical-isrg-fell-below-142636188.html,-0.5
2026-07-02 14:37:18+00:00,MU,reddit.com/r/stocks,What’s your take on the recent pullback in WDC? Are you all still holding? - The storage sector has taken a beating for two consecutive days; MU and SNDK both dropped around 10% yesterday and are continuing to fall in pre-market trading today. WDC fell 6.3% yesterday and appears to be trending lower today. The fundamentals haven't changed what has shifted is market sentiment and capital flow. With institutions rebalancing portfolios and investors cashing in,,-0.6
2026-07-02 14:44:24+00:00,CTAS,StockStory,2 Profitable Stocks with Exciting Potential and 1 We Ignore,https://finance.yahoo.com/markets/stocks/articles/2-profitable-stocks-exciting-potential-144424770.html,0.6
2026-07-02 14:48:41+00:00,AXON,Insider Monkey,Brown Advisory Large-Cap Growth Strategy Picked Axon Enterprises (AXON) Amid Broader Sell-Off,https://finance.yahoo.com/markets/stocks/articles/brown-advisory-large-cap-growth-144841246.html,0.2
2026-07-02 14:58:30+00:00,SBUX,Yahoo Finance Video,"How Starbucks is capturing demand for fruit flavors, cold foam, and more",https://finance.yahoo.com/video/how-starbucks-is-capturing-demand-for-fruit-flavors-cold-foam-and-more-145830238.html,0.5
2026-07-02 15:05:00+00:00,ADP,Zacks,Jobless Claims Decreased Less Than Expected,https://finance.yahoo.com/economy/articles/jobless-claims-decreased-less-expected-150500786.html,-0.5
2026-07-02 15:14:30+00:00,MELI,Simply Wall St.,Is MercadoLibre (NasdaqGS:MELI) Cheap On Cash Flow Or Too Pricey On Earnings?,https://finance.yahoo.com/markets/stocks/articles/mercadolibre-nasdaqgs-meli-cheap-cash-151430801.html,0.1
2026-07-02 15:17:00+00:00,ALAB,Zacks,MRVL Rallies 154% in 3 Months: Time to Hold or Fold the Stock?,https://finance.yahoo.com/markets/stocks/articles/mrvl-rallies-154-3-months-151700978.html,0.5
2026-07-02 15:29:00+00:00,KDP,Barrons.com,National Beverage Stock Jumps After LaCroix Owner Declares Special Dividend,https://www.barrons.com/articles/national-beverage-stock-special-dividend-lacroix-e1278ede?siteid=yhoof2&yptr=yahoo,0.8
2026-07-02 15:40:03+00:00,CDNS,Zacks,PRGS vs. CDNS: Which Stock Is the Better Value Option?,https://finance.yahoo.com/markets/stocks/articles/prgs-vs-cdns-stock-better-154003549.html,0.5
2026-07-02 15:56:24+00:00,NXPI,StockStory,Q1 Earnings Highlights: NXP Semiconductors (NASDAQ:NXPI) Vs The Rest Of The Analog Semiconductors Stocks,https://finance.yahoo.com/markets/stocks/articles/q1-earnings-highlights-nxp-semiconductors-155624067.html,0.0
2026-07-02 16:00:26+00:00,MAR,Motley Fool,Coca-Cola vs. PepsiCo: Which Beverage Titan Is Adjusting to New Consumer Habits Better?,https://finance.yahoo.com/markets/stocks/articles/coca-cola-vs-pepsico-beverage-160026477.html,0.5
2026-07-02 16:05:00+00:00,ALAB,Zacks,"Should You Buy, Sell, or Hold Astera Labs Stock at 40.16X PS?",https://finance.yahoo.com/markets/stocks/articles/buy-sell-hold-astera-labs-160500429.html,0.1
2026-07-02 16:10:04+00:00,ISRG,Zacks,Why Intuitive Surgical (ISRG) Could Beat Earnings Estimates Again,https://finance.yahoo.com/markets/stocks/articles/why-intuitive-surgical-isrg-could-161004779.html,0.5
2026-07-02 16:14:21+00:00,MELI,Simply Wall St.,MercadoLibre (NasdaqGS:MELI) Leans On Brazil As Growth And Efficiency Pick Up,https://finance.yahoo.com/markets/stocks/articles/mercadolibre-nasdaqgs-meli-leans-brazil-161421403.html,0.6
2026-07-02 16:18:00+00:00,ARM,Zacks,ARM Stock Soars 118% in a Year: Is the Buying Opportunity Gone?,https://finance.yahoo.com/markets/stocks/articles/arm-stock-soars-118-buying-161800461.html,0.2
2026-07-02 16:20:13+00:00,ARM,BeInCrypto,Why a Hot July CPI Print Could Hit This Semiconductor Chip Hard,https://finance.yahoo.com/markets/stocks/articles/why-hot-july-cpi-print-162013321.html,-0.5
2026-07-02 16:20:24+00:00,MPWR,StockStory,Reflecting On Analog Semiconductors Stocks’ Q1 Earnings: Monolithic Power Systems (NASDAQ:MPWR),https://finance.yahoo.com/markets/stocks/articles/reflecting-analog-semiconductors-stocks-q1-162024238.html,0.2
2026-07-02 16:40:24+00:00,KLAC,Bloomberg,Chip Stocks Off to Rough Start in Third Quarter With 2-Day Skid,https://finance.yahoo.com/markets/stocks/articles/chip-stocks-off-rough-start-164024851.html,-0.6
2026-07-02 17:07:34+00:00,META,reddit.com/r/stocks,"Top Tech Executive Quotes On Memory (MU) - * **Jensen Huang, CEO, NVIDIA** * *""The only thing limiting AI right now is infrastructure.""* * **Lisa Su, CEO, AMD** * *""AI accelerator performance depends on high-bandwidth memory capacity and bandwidth as much as compute.""* * **Andy Jassy, CEO, Amazon** * *""The primary constraint is infrastructure availability, not customer demand.""* * **Satya Nadella, CEO, Microsoft** * *""We're investing across compute, networking, storage and memory to meet AI",,0.5
2026-07-02 17:08:01+00:00,INTU,Insider Monkey,Is Intuit (INTU) One of the Best SaaS Stocks to Buy According to Reddit?,https://finance.yahoo.com/markets/stocks/articles/intuit-intu-one-best-saas-170801219.html,0.2
2026-07-02 17:27:00+00:00,NBIS,Barrons.com,CoreWeave Takes Another Hit From Meta. One Analyst Sees 200% Upside for the AI Stock.,https://www.barrons.com/articles/coreweave-stock-price-meta-cfb7120a?siteid=yhoof2&yptr=yahoo,0.6
2026-07-02 17:34:11+00:00,LITE,24/7 Wall St.,"Applied Optoelectronics Plunges 17%, Coherent and Lumentum Sink 10% as Photonics Stocks Reset",https://finance.yahoo.com/markets/stocks/articles/applied-optoelectronics-plunges-17-coherent-173411730.html,-0.8
2026-07-02 17:43:00+00:00,NBIS,Barrons.com,Meta Stock Falls as AI Cloud Plans Hit an Immediate Snag,https://www.barrons.com/articles/meta-stock-price-softbank-cloud-0f855abd?siteid=yhoof2&yptr=yahoo,-0.6
2026-07-02 17:57:11+00:00,FAST,reddit.com/r/stocks,"Bought SanDisk (SNDK) at $2,330. Did I mess up buying the top or is this just a healthy pullback? - Hey everyone, basically the title. I put $2,330 into SanDisk right at the peak earlier this week, and then the entire chip/memory sector took a massive dive today and yesterday. I know the long-term outlook for AI data center storage and NAND has been super bullish (I saw Bernstein even put a $3,000 price target",,-0.2
2026-07-02 18:29:48+00:00,BKNG,Trefis,Own ABNB Stock? Here Is How To Collect 14% A Year On It,https://finance.yahoo.com/markets/options/articles/own-abnb-stock-collect-14-182948795.html,0.5
2026-07-02 18:31:41+00:00,ABNB,The Hustle,Talk about pooling resources: The Airbnb of swimming pools,https://finance.yahoo.com/small-business/articles/talk-pooling-resources-airbnb-swimming-183141959.html,0.6
2026-07-02 18:42:00+00:00,MELI,Motley Fool,"If I Could Invest $1,000 Into Just 1 Stock in July, It Would Be MercadoLibre By a Mile",https://finance.yahoo.com/markets/stocks/articles/could-invest-1-000-just-184200082.html,0.8
2026-07-02 18:52:21+00:00,FAST,reddit.com/r/stocks,"Ford owns the new Michigan battery plant outright, but CATL runs it and takes zero equity. The licensing structure is the real story here. - I have been trying to get real exposure to the China battery supply chain for about two years now, and I keep hitting the same wall. You can buy the A share names, but the ADRs are thin, the Hong Kong listings gap on policy news, and the ETFs feel",,0.2
2026-07-02 19:40:10+00:00,NBIS,GuruFocus.com,BNP Paribas Sends Fresh Message on CoreWeave and Nebius Stocks,https://finance.yahoo.com/technology/ai/articles/bnp-paribas-sends-fresh-message-194010206.html,0.2
2026-07-02 20:02:25+00:00,SBUX,The Hustle,How The 5 Biggest Coffee Brands Actually Make Their Money,https://finance.yahoo.com/video/5-biggest-coffee-brands-actually-200225574.html,0.0
2026-07-02 20:11:07+00:00,TTWO,Investor's Business Daily,'Grand Theft Auto 6' Video Game Sales Off To Strong Start,https://www.investors.com/news/technology/ttwo-stock-gta-6-sales-off-to-strong-start/?src=A00220&yptr=yahoo,0.8
2026-07-02 20:19:20+00:00,AXON,reddit.com/r/stocks,"Has Axon Enterprise grown into its valuation or is it still growing into it or is it overvalued. - I recently came across an article about Axon's CEO saying AI is the future of policing. I expected another AI buzzword story. Instead, I ended up spending the next few weeks reading about the company, and the more I researched it, the less I thought I was looking at a Taser manufacturer. A police department that",,0.2
2026-07-02 20:48:27+00:00,ORLY,Stocktwits,"GPC Stock Pops 13%, ORLY Falls 5% — O’Reilly Makes Cash Bid For Genuine Parts’ $10B Auto Unit, Says Report",https://finance.yahoo.com/markets/stocks/articles/gpc-stock-pops-13-orly-204827200.html,0.2
2026-07-02 21:02:06+00:00,AMGN,Investor's Business Daily,"Stock Market Today: Dow Runs 590 Points To New High But Meta, Chip, Optical Stocks Slammed",https://www.investors.com/market-trend/stock-market-today/dow-jones-sp500-nasdaq-jobs-report-tesla-deliveries-tsla-stock/?src=A00220&yptr=yahoo,0.2
2026-07-02 21:13:20+00:00,ADP,Simply Wall St.,Automatic Data Processing (ADP) Is Up 7.2% After Expanding US$9.2 Billion Credit Lines Has The Bull Case Changed?,https://finance.yahoo.com/markets/stocks/articles/automatic-data-processing-adp-7-211320546.html,0.5
2026-07-02 21:31:00+00:00,MELI,Insider Monkey,Forget SpaceX (SPCX) and Buy This Ecommerce Stock Instead,https://finance.yahoo.com/markets/stocks/articles/forget-spacex-spcx-buy-ecommerce-213100887.html,-0.5
2026-07-02 21:45:04+00:00,APP,Zacks,AppLovin (APP) Stock Moves -6.28%: What You Should Know,https://finance.yahoo.com/markets/stocks/articles/applovin-app-stock-moves-6-214504400.html,-0.5
2026-07-02 21:45:05+00:00,CEG,Zacks,Constellation Energy Corporation (CEG) Stock Moves 1.16%: What You Should Know,https://finance.yahoo.com/markets/stocks/articles/constellation-energy-corporation-ceg-stock-214505964.html,0.5
2026-07-02 21:50:02+00:00,CDNS,Zacks,Cadence Design Systems (CDNS) Stock Moves -1.22%: What You Should Know,https://finance.yahoo.com/markets/stocks/articles/cadence-design-systems-cdns-stock-215002105.html,-0.5
2026-07-02 21:50:02+00:00,ABNB,Zacks,"Airbnb, Inc. (ABNB) Stock Moves 1.10%: What You Should Know",https://finance.yahoo.com/markets/stocks/articles/airbnb-inc-abnb-stock-moves-215002115.html,0.2
2026-07-02 21:52:00+00:00,MDLZ,Barrons.com,"Soda, Coffee, and Cava Won the First Half. Snacks and Pizza Struggled.",https://www.barrons.com/articles/soda-coffee-snacks-stocks-078639cd?siteid=yhoof2&yptr=yahoo,0.2
2026-07-02 22:00:03+00:00,KHC,Zacks,Kraft Heinz (KHC) Stock Moves 1.44%: What You Should Know,https://finance.yahoo.com/markets/stocks/articles/kraft-heinz-khc-stock-moves-220003936.html,0.2
2026-07-02 22:00:05+00:00,PCAR,Zacks,Paccar (PCAR) Stock Moves -1.44%: What You Should Know,https://finance.yahoo.com/markets/stocks/articles/paccar-pcar-stock-moves-1-220005262.html,-0.5
2026-07-02 22:15:04+00:00,KLAC,Zacks,KLA (KLAC) Stock Moves -11.51%: What You Should Know,https://finance.yahoo.com/markets/stocks/articles/kla-klac-stock-moves-11-221504036.html,-0.5
2026-07-02 22:35:00+00:00,SBUX,Motley Fool,Better Buy in July: 1 Share of Starbucks or 1 Dutch Bros Share Plus 1 Chipotle Share?,https://finance.yahoo.com/markets/stocks/articles/better-buy-july-1-share-223500533.html,0.5
2026-07-02 23:12:14+00:00,MAR,TheStreet,"Giant global travel chain seals new Coca-Cola deal, drops Pepsi",https://finance.yahoo.com/media-advertising/articles/major-hotel-chain-switches-pepsi-141700397.html,0.6
2026-07-03 00:28:24+00:00,AMGN,StockStory,"Amgen (AMGN) Stock Is Up, What You Need To Know",https://finance.yahoo.com/markets/stocks/articles/amgen-amgn-stock-know-002824744.html,0.5
2026-07-03 00:34:32+00:00,ISRG,Motley Fool,June 2026 Mailbag: “Do You Know Its Market Cap?”,https://finance.yahoo.com/markets/stocks/articles/june-2026-mailbag-know-market-003432144.html,0.1
2026-07-03 01:00:00+00:00,BKNG,PR Newswire,Checkout.com partners with Agoda to deliver AI-powered payment performance for global travel,https://finance.yahoo.com/technology/ai/articles/checkout-com-partners-agoda-deliver-010000264.html,0.5
2026-07-03 01:44:24+00:00,ABNB,Motley Fool,Airbnb vs. MGM Resorts International: Which Consumer Stock Is a Better Buy in 2026?,https://finance.yahoo.com/markets/stocks/articles/airbnb-vs-mgm-resorts-international-014424994.html,0.1
2026-07-03 02:10:47+00:00,APP,Simply Wall St.,AppLovin (APP) Opens AppLovin Ads To All Advertisers After Axon Rebrand,https://finance.yahoo.com/media-advertising/articles/applovin-app-opens-applovin-ads-021047660.html,0.5
2026-07-03 02:44:24+00:00,KLAC,StockStory,"KLA Corporation and Teradyne Stocks Trade Down, What You Need To Know",https://finance.yahoo.com/markets/stocks/articles/kla-corporation-teradyne-stocks-trade-024424661.html,-0.5
2026-07-03 03:00:24+00:00,MCHP,StockStory,"onsemi, Skyworks Solutions, and Microchip Technology Shares Plummet, What You Need To Know",https://finance.yahoo.com/markets/stocks/articles/onsemi-skyworks-solutions-microchip-technology-030024466.html,-0.6
2026-07-03 03:44:12+00:00,APP,Motley Fool,Why AppLovin Stock Was Racing Higher This Week,https://finance.yahoo.com/markets/stocks/articles/why-applovin-stock-racing-higher-034412159.html,0.5
2026-07-03 04:50:00+00:00,INTU,Motley Fool,Sandisk Is the Best-Performing S&P 500 Stock During the First Half of 2026. Here's What Stock I Think Will Dominate the Second Half (Hint: It's Not SpaceX),https://finance.yahoo.com/markets/stocks/articles/sandisk-best-performing-p-500-045000930.html,0.5
2026-07-03 07:00:00+00:00,BKNG,PR Newswire,Into the Rain: Agoda Unveils Monsoon Season Destinations in Asia,https://finance.yahoo.com/media-advertising/articles/rain-agoda-unveils-monsoon-season-070000645.html,0.5
2026-07-03 07:36:00+00:00,ORLY,Zacks,Genuine Parts (GPC) Moves 12.9% Higher: Will This Strength Last?,https://finance.yahoo.com/markets/stocks/articles/genuine-parts-gpc-moves-12-073600355.html,0.5
2026-07-03 08:15:07+00:00,KLAC,Simply Wall St.,US Stock Market Today: S&P 500 Futures Slip On Cooling Jobs And Rate Jitters,https://finance.yahoo.com/markets/stocks/articles/us-stock-market-today-p-081507201.html,-0.5
2026-07-03 08:17:46+00:00,PAYX,Insider Monkey,Jim Cramer on Paychex: “The Stock’s Found Its Footing of Late”,https://finance.yahoo.com/markets/stocks/articles/jim-cramer-paychex-stock-found-081746481.html,0.6
2026-07-03 08:40:00+00:00,REGN,GlobeNewswire,Dupilumab Achieves Record $11.9 Billion in Global Sales Amidst Continued Growth,https://finance.yahoo.com/healthcare/articles/dupilumab-achieves-record-11-9-084000913.html,0.8
2026-07-03 08:52:44+00:00,ISRG,Barchart,Intuitive Surgical’s Quarterly Earnings Preview: What You Need to Know,https://finance.yahoo.com/healthcare/articles/intuitive-surgical-quarterly-earnings-preview-085244557.html,0.2
2026-07-03 09:09:22+00:00,ABNB,Fortune,Airbnb offered $750 to Americans to open up their homes during the World Cup—mostly women took it up and now they’re earning thousands,https://finance.yahoo.com/real-estate/articles/airbnb-offered-750-americans-open-090922817.html,0.8
2026-07-03 09:30:07+00:00,AAPL,reddit.com/r/stocks,"r/Stocks Daily Discussion & Fundamentals Friday Jul 03, 2026 - This is the daily discussion, so anything stocks related is fine, but the theme for today is on fundamentals, but if fundamentals aren't your thing then just ignore the theme. Some helpful day to day links, including news: * [Finviz](https://finviz.com/quote.ashx?t=spy) for charts, fundamentals, and aggregated news on individual stocks * [Bloomberg market news](https://www.bloomberg.com/markets) * StreetInsider news: * [Market Check](https://www.streetinsider.com/Market+Check) - Possibly why the market is",,0.2
2026-07-03 10:00:00+00:00,KDP,WSJ,Inside Cannes: What Executives Said About Leading in the AI Era,https://finance.yahoo.com/video/inside-cannes-executives-said-leading-100000839.html,0.5
2026-07-03 10:40:19+00:00,PCAR,Barchart,What to Expect From PACCAR’s Q2 2026 Earnings Report,https://finance.yahoo.com/markets/stocks/articles/expect-paccar-q2-2026-earnings-104019033.html,0.2
2026-07-03 11:06:06+00:00,CSX,StockStory,3 Cash-Producing Stocks Walking a Fine Line,https://finance.yahoo.com/markets/stocks/articles/3-cash-producing-stocks-walking-110606194.html,0.0
2026-07-03 11:15:56+00:00,GEHC,Barchart,Earnings Preview: What To Expect From GE HealthCare Technologies’ Report,https://finance.yahoo.com/healthcare/articles/earnings-preview-expect-ge-healthcare-111556444.html,0.5
2026-07-03 11:20:28+00:00,MU,reddit.com/r/stocks,Sandisk earning forecast - |Sandisk 4-6/2026||||| |:-|:-|:-|:-|:-| |Metric|Wall Street Consensus|Management Guidance Range|Whisper Numbers|Mine| |Revenue|$8.28 Billion – $8.35 Billion|$7.75 Billion – $8.25 Billion|$8.95-9.15|12B| |EPS (Non-GAAP)|$33.17 – $34.26|$30.00 – $33.00|$36.5-37.2|46| |Gross Margin|\~79.0%|79.0% – 81.0%| |83%| |||||| Micron last reported NAND revenue $10B 100% Q/Q growth. Sandisk NAND revenue historically is \~20% higher than Micron. MU from $5B to last $10B reported this month. Sandisk from $6B to my $12B estimate. Main focus: Guidance (at least 20% growth,,0.5
2026-07-03 11:59:39+00:00,ALNY,Insider Monkey,What Offers Alnylam Pharmaceuticals (ALNY) Sustained Long-Term Growth?,https://finance.yahoo.com/healthcare/articles/offers-alnylam-pharmaceuticals-alny-sustained-115939874.html,0.2
2026-07-03 12:26:19+00:00,MELI,Trefis,The UK Playbook That Telegraphed The eBay Stock Surge,https://finance.yahoo.com/markets/stocks/articles/uk-playbook-telegraphed-ebay-stock-122619642.html,0.5
2026-07-03 12:28:35+00:00,SBUX,Trefis,The Real Risk Squeezing McDonald's Stock,https://finance.yahoo.com/markets/stocks/articles/real-risk-squeezing-mcdonalds-stock-122835755.html,-0.5
2026-07-03 12:31:26+00:00,PCAR,Trefis,The Engine Driving Caterpillar's Run Isn't In A Bulldozer,https://finance.yahoo.com/markets/stocks/articles/engine-driving-caterpillars-run-isnt-123126224.html,0.2
2026-07-03 12:35:00+00:00,KDP,Zacks,Coca-Cola Stock Hits 52-Week High: Time to Buy or Wait for Now?,https://finance.yahoo.com/markets/stocks/articles/coca-cola-stock-hits-52-123500213.html,0.2
2026-07-03 12:46:42+00:00,FTNT,Trefis,Cisco Stock Is Soaring On A Massive AI Bet,https://finance.yahoo.com/technology/ai/articles/cisco-stock-soaring-massive-ai-124642965.html,0.8
2026-07-03 12:54:13+00:00,NXPI,Barchart,What to Expect From NXP Semiconductors’ Q2 2026 Earnings Report,https://finance.yahoo.com/markets/stocks/articles/expect-nxp-semiconductors-q2-2026-125413645.html,0.2
2026-07-03 13:00:05+00:00,WBD,Zacks,"Warner Bros. Discovery, Inc. (WBD) is Attracting Investor Attention: Here is What You Should Know",https://finance.yahoo.com/markets/stocks/articles/warner-bros-discovery-inc-wbd-130005504.html,0.5
2026-07-03 13:40:04+00:00,CSX,Zacks,Has CSX (CSX) Outpaced Other Transportation Stocks This Year?,https://finance.yahoo.com/markets/stocks/articles/csx-csx-outpaced-other-transportation-134004897.html,0.2
2026-07-03 13:42:00+00:00,NBIS,Zacks,CRWV Shares Slip 24% in a Month: Buy the Dip or Stay on the Sidelines?,https://finance.yahoo.com/markets/stocks/articles/crwv-shares-slip-24-month-134200068.html,-0.6
2026-07-03 14:06:00+00:00,ARM,Zacks,Arm Holdings' Robust Licensing Business Drives AI-Fueled Growth,https://finance.yahoo.com/technology/ai/articles/arm-holdings-robust-licensing-business-140600801.html,0.8
2026-07-03 14:25:43+00:00,KLAC,Insider Monkey,Vltava Fund Exited KLA Corporation (KLAC) Amid Price-Quality Imbalance,https://finance.yahoo.com/markets/stocks/articles/vltava-fund-exited-kla-corporation-142543142.html,-0.5
2026-07-03 15:11:01+00:00,ABNB,Simply Wall St.,The Bull Case For Airbnb (ABNB) Could Change Following Its AI-Powered Shift Toward an ‘Amazon for Services’,https://finance.yahoo.com/technology/ai/articles/bull-case-airbnb-abnb-could-151101896.html,0.6
2026-07-03 15:11:38+00:00,ORLY,Just Auto,O’Reilly eyes $10bn bid for Genuine Parts’ auto unit – report,https://finance.yahoo.com/markets/stocks/articles/o-reilly-eyes-10bn-bid-151138079.html,0.2
2026-07-03 15:17:18+00:00,CDNS,Barchart,Earnings Preview: What To Expect From Cadence Design’s Report,https://finance.yahoo.com/markets/stocks/articles/earnings-preview-expect-cadence-design-151718860.html,0.5
2026-07-03 15:35:00+00:00,MNST,Zacks,Will Monster Beverage's Expansion Strategy & Innovations Aid?,https://finance.yahoo.com/markets/stocks/articles/monster-beverages-expansion-strategy-innovations-153500418.html,0.5
2026-07-03 15:40:01+00:00,MNST,Zacks,FMX or MNST: Which Is the Better Value Stock Right Now?,https://finance.yahoo.com/markets/stocks/articles/fmx-mnst-better-value-stock-154001845.html,0.2
2026-07-03 15:45:43+00:00,SPCX,reddit.com/r/stocks,"Which satellite stock is currently the most worth watching? - After RKLB announced plans to acquire IRDM in an approximately 8 billion dollar cash and stock deal, which satellite stock is currently the most worth watching? The satellite and telecom equipment sector is increasingly attracting attention from space companies because it combines three critical elements: satellite constellations, licensed spectrum, and customers. Space based connectivity is also gaining importance for defense applications. However, identifying the best",,0.5
2026-07-03 15:53:49+00:00,FTNT,24/7 Wall St.,Cybersecurity Spending Just Crossed $300 Billion and These 3 ETFs Are the Cleanest Plays on the AI Era Attack Surface,https://finance.yahoo.com/technology/ai/articles/cybersecurity-spending-just-crossed-300-155349509.html,0.5
2026-07-03 15:56:38+00:00,ALAB,FX Empire,Huge AI-Driven Sales Gains Boost Astera Labs,https://finance.yahoo.com/technology/ai/articles/huge-ai-driven-sales-gains-155638333.html,0.6
2026-07-03 15:57:00+00:00,EXC,Business Wire,ComEd Crews Working to Restore Power Following Thursday Storms,https://finance.yahoo.com/energy/articles/comed-crews-working-restore-power-155700059.html,0.5
2026-07-03 15:57:50+00:00,COST,reddit.com/r/stocks,"Meituan just trained a 1.6 trillion parameter model on 50,000 domestic chips. I think I have had it in the wrong bucket. - I have held Meituan for a bit over two years now, mostly accumulated around the 110 to 130 HKD range during the various panics in 2023. It is roughly a quarter of my portfolio, which I mention only so you know I am not casual about this. In my head I always",,0.2
2026-07-03 16:10:03+00:00,AEP,Zacks,Will AEP (AEP) Beat Estimates Again in Its Next Earnings Report?,https://finance.yahoo.com/markets/stocks/articles/aep-aep-beat-estimates-again-161003322.html,0.2
2026-07-03 16:10:04+00:00,BKR,Zacks,Will Baker Hughes (BKR) Beat Estimates Again in Its Next Earnings Report?,https://finance.yahoo.com/markets/stocks/articles/baker-hughes-bkr-beat-estimates-161004920.html,0.2
2026-07-03 16:15:58+00:00,ADP,Gold Price Group,"Soft Jobs Data Helps Gold Rebound From $4,000 Test",https://finance.yahoo.com/markets/commodities/articles/soft-jobs-data-helps-gold-161558330.html,0.5
2026-07-03 16:20:00+00:00,ISRG,Motley Fool,"Intuitive Surgical Is Down 28%, and Wall Street Is Piling On. Goldman Sachs Just Said Everyone Is Wrong -- and History Is on Its Side.",https://finance.yahoo.com/markets/stocks/articles/intuitive-surgical-down-28-wall-162000926.html,0.5
2026-07-03 16:34:06+00:00,KDP,StockStory,3 Nasdaq 100 Stocks to Research Further,https://finance.yahoo.com/markets/stocks/articles/3-nasdaq-100-stocks-research-163406811.html,0.0
2026-07-03 16:42:06+00:00,CTAS,StockStory,2 High-Flying Stocks with Competitive Advantages and 1 We Turn Down,https://finance.yahoo.com/markets/stocks/articles/2-high-flying-stocks-competitive-164206986.html,0.2
2026-07-03 16:48:58+00:00,META,reddit.com/r/stocks,Can American Express lift a battered travel stock? - Everyone who follows $TRIP is focused on the $700M sale of TheFork. I think the bigger story is what happens next. Tripadvisor CEO Matt Goldberg:said: “I’m confident that we’ve found an ideal home for them and look forward to expanding our relationship with American Express in the future.” Amex CEO Stephen Squeri: “We’re excited about the opportunity to deepen our relationship with Tripadvisor… By building on,,0.6
2026-07-03 17:35:00+00:00,AEP,Motley Fool,This Tech ETF Is Quietly Outperforming QQQ in 2026 -- Is There Still Time to Buy?,https://finance.yahoo.com/markets/stocks/articles/tech-etf-quietly-outperforming-qqq-173500007.html,0.5
2026-07-03 17:42:00+00:00,AMGN,Zacks,Roche Reports Positive Results From Head-to-Head Study on NSCLC Drug,https://finance.yahoo.com/healthcare/articles/roche-reports-positive-results-head-174200860.html,0.8
2026-07-03 17:43:23+00:00,BKR,Barchart,Here's What to Expect From Baker Hughes' Next Earnings Report,https://finance.yahoo.com/markets/stocks/articles/heres-expect-baker-hughes-next-174323119.html,0.2
2026-07-03 18:10:06+00:00,TER,StockStory,3 Reasons TER is Risky and 1 Stock to Buy Instead,https://finance.yahoo.com/markets/stocks/articles/3-reasons-ter-risky-1-181006490.html,-0.5
2026-07-03 18:10:37+00:00,FTNT,Simply Wall St.,How Investors May Respond To Fortinet (FTNT) Losing Russell Defensive Status Amid AI Security Spotlight,https://finance.yahoo.com/markets/stocks/articles/investors-may-respond-fortinet-ftnt-181037527.html,0.1
2026-07-03 18:23:29+00:00,DDOG,Insider Monkey,"Is Datadog, Inc. (DDOG) A Good Stock To Buy Now?",https://finance.yahoo.com/markets/stocks/articles/datadog-inc-ddog-good-stock-182329611.html,0.2
2026-07-03 18:28:10+00:00,KHC,Insider Monkey,Is The Kraft Heinz Company (KHC) A Good Stock To Buy Now?,https://finance.yahoo.com/markets/stocks/articles/kraft-heinz-company-khc-good-182810435.html,0.2
2026-07-03 19:36:48+00:00,COST,reddit.com/r/stocks,Meta's full arc this week: +9% on cloud hype and -5% on Zuck's own AI comments. - Meta had a wild couple of days. Wednesday the stock popped almost 9% after Bloomberg reported they're building out a cloud business to sell excess AI computing power to outside customers instead of just eating the cost internally. META had told investors it plans to spend $125-145 billion in 2026 on AI. Even though Meta's actual quarterly business,,0.4
2026-07-03 20:10:12+00:00,TER,Simply Wall St.,Teradyne (TER) Stock Still Trades At A Premium Following AI Automation Expansion,https://finance.yahoo.com/markets/stocks/articles/teradyne-ter-stock-still-trades-201012679.html,0.5
2026-07-03 21:22:06+00:00,DXCM,StockStory,Patient Monitoring Stocks Q1 Results: Benchmarking DexCom (NASDAQ:DXCM),https://finance.yahoo.com/healthcare/articles/patient-monitoring-stocks-q1-results-212206495.html,0.2
2026-07-03 21:33:13+00:00,APP,Insider Monkey,How AppLovin Corporation’s (APP) E-Commerce Ad Push Could Broaden Its Growth Beyond Mobile Apps,https://finance.yahoo.com/markets/stocks/articles/applovin-corporation-app-e-commerce-213313251.html,0.5
2026-07-03 22:34:06+00:00,ISRG,StockStory,Q1 Surgical Equipment & Consumables - Specialty Earnings Review: First Prize Goes to Intuitive Surgical (NASDAQ:ISRG),https://finance.yahoo.com/healthcare/articles/q1-surgical-equipment-consumables-specialty-223406826.html,0.6
2026-07-03 23:43:59+00:00,CPRT,Insider Monkey,"Is Copart, Inc. (CPRT) A Good Stock To Buy Now?",https://finance.yahoo.com/markets/stocks/articles/copart-inc-cprt-good-stock-234359490.html,0.5
2026-07-04 02:14:39+00:00,DASH,Motley Fool,DoorDash vs. Lyft: Which Stock Is a Better Buy in 2026?,https://finance.yahoo.com/markets/stocks/articles/doordash-vs-lyft-stock-better-021439237.html,0.2
2026-07-04 02:38:44+00:00,MELI,Insider Monkey,BofA Highlights MercadoLibre Inc. (MELI) Credit Card Growth and Fintech Expansion,https://finance.yahoo.com/markets/stocks/articles/bofa-highlights-mercadolibre-inc-meli-023844162.html,0.5
2026-07-04 04:15:20+00:00,CPRT,Simply Wall St.,How CEO Transition and Russell Reclassification Will Impact Copart (CPRT) Investors,https://finance.yahoo.com/markets/stocks/articles/ceo-transition-russell-reclassification-impact-041520199.html,0.1
2026-07-04 05:06:57+00:00,ISRG,Simply Wall St.,Intuitive Surgical (ISRG) Posts Strong Results As Da Vinci 5 Gains Ground,https://finance.yahoo.com/markets/stocks/articles/intuitive-surgical-isrg-posts-strong-050657717.html,0.8
2026-07-04 06:09:58+00:00,CPRT,Simply Wall St.,Copart (CPRT) Stock Looks Cheap On Fair Value While Returns Stay Weak,https://finance.yahoo.com/markets/stocks/articles/copart-cprt-stock-looks-cheap-060958232.html,-0.5
2026-07-04 08:09:28+00:00,ORLY,Simply Wall St.,Genuine Parts (GPC) Gets Reported Offer For Its Auto Parts Division,https://finance.yahoo.com/markets/stocks/articles/genuine-parts-gpc-gets-reported-080928657.html,0.5
2026-07-04 11:00:00+00:00,XEL,MarketBeat,MarketBeat Week in Review – 06/29 - 07/03,https://finance.yahoo.com/markets/stocks/articles/marketbeat-week-review-06-29-110000272.html,0.0
2026-07-04 12:01:01+00:00,APP,Motley Fool,AppLovin vs. Palantir Technologies: Which High-Growth Tech Stock Is a Better Buy in 2026?,https://finance.yahoo.com/markets/stocks/articles/applovin-vs-palantir-technologies-high-120101323.html,0.5
2026-07-04 12:09:50+00:00,ABNB,Simply Wall St.,Airbnb (ABNB) Uses AI To Block July 4 Party Bookings For A Fifth Year,https://finance.yahoo.com/markets/stocks/articles/airbnb-abnb-uses-ai-block-120950792.html,0.2
2026-07-04 12:55:00+00:00,ABNB,MarketBeat,Why Flywire and Airbnb Could Be Quiet Winners of a Ceasefire,https://finance.yahoo.com/markets/stocks/articles/why-flywire-airbnb-could-quiet-125500594.html,0.5
2026-07-04 12:55:57+00:00,NBIS,Insider Monkey,Nebius (NBIS) AI Cloud 3.6 Launches With AI-Powered Agent Nebius Echo,https://finance.yahoo.com/technology/ai/articles/nebius-nbis-ai-cloud-3-125557692.html,0.5
2026-07-04 13:33:00+00:00,DDOG,TheStreet,Benchmark reboots its Datadog target as the AI super cycle builds,https://finance.yahoo.com/markets/stocks/articles/benchmark-reboots-datadog-target-ai-133300710.html,0.6
2026-07-04 13:48:01+00:00,TER,Insider Monkey,BofA Boosts Teradyne (TER) Price Target on Industry Growth,https://finance.yahoo.com/markets/stocks/articles/bofa-boosts-teradyne-ter-price-134801547.html,0.6
2026-07-04 14:04:47+00:00,BKR,Investor's Business Daily,Stock Market Week Ahead: Oil Hints At A Paradigm Shift,https://www.investors.com/news/stock-market-week-ahead-oil-hints-at-a-paradigm-shift/?src=A00220&yptr=yahoo,0.5
2026-07-04 14:09:57+00:00,ISRG,Simply Wall St.,Piper Sandler (PIPR) Stock Looks Strong On Returns Yet Above Fair Value,https://finance.yahoo.com/markets/stocks/articles/piper-sandler-pipr-stock-looks-140957397.html,0.2
2026-07-04 14:11:02+00:00,AXON,Insider Monkey,Raymond James Begins Coverage on AppLovin (APP) Stock,https://finance.yahoo.com/markets/stocks/articles/raymond-james-begins-coverage-applovin-141102807.html,0.2
2026-07-04 14:20:00+00:00,NBIS,Motley Fool,Missed the First Wave of Artificial Intelligence (AI) Stocks? These 2 Aggressive Plays Are Your Second-Chance Buys,https://finance.yahoo.com/technology/ai/articles/missed-first-wave-artificial-intelligence-142000436.html,0.5
2026-07-04 14:23:30+00:00,MSFT,reddit.com/r/stocks,"Microsoft's $2.5B bet might solve AI's biggest enterprise problem - Microsoft's had an encouraging turn this week, after a rough June the stock bounced back on some genuinely new substantive news rather than just a market rebound. Operating margins are sitting at a strong 46.8%, and Wall Street's consensus rating on the stock is still ""Strong Buy,"" with a mean price target implying nearly 40% upside from here, so the long-term sentiment clearly hasn't broken",,0.8
2026-07-04 15:08:54+00:00,REGN,Simply Wall St.,Regeneron (REGN) Stock Looks Undervalued Even After A 20% Gain,https://finance.yahoo.com/markets/stocks/articles/regeneron-regn-stock-looks-undervalued-150854996.html,0.6
2026-07-04 15:22:00+00:00,EXC,Business Wire,ComEd Continues Power Restoration Following Two Powerful Storms,https://finance.yahoo.com/energy/articles/comed-continues-power-restoration-following-152200059.html,0.5
2026-07-04 15:41:51+00:00,NBIS,Motley Fool,Why Did Nebius Stock Jump 20% in June?,https://finance.yahoo.com/markets/stocks/articles/why-did-nebius-stock-jump-154151359.html,0.2
2026-07-04 16:14:00+00:00,NBIS,Simply Wall St.,Nebius Group (NBIS) Launches AI Cloud 3.6 With Echo For Natural Language Control,https://finance.yahoo.com/technology/ai/articles/nebius-group-nbis-launches-ai-161400667.html,0.6
2026-07-04 16:15:30+00:00,REGN,Simply Wall St.,Regeneron (REGN) Secures FDA Priority Review And EMA Acceptance For Cemdisiran,https://finance.yahoo.com/healthcare/articles/regeneron-regn-secures-fda-priority-161530818.html,0.5
2026-07-04 16:30:56+00:00,ARM,24/7 Wall St.,Why Arm Is a Strong Buy Despite the 35% Pullback From Peak Levels,https://finance.yahoo.com/markets/stocks/articles/why-arm-strong-buy-despite-163056546.html,0.8
2026-07-04 18:08:44+00:00,KDP,Simply Wall St.,Keurig Dr Pepper (KDP) Reshuffles Leadership As Its Two Company Split Moves Closer,https://finance.yahoo.com/markets/stocks/articles/keurig-dr-pepper-kdp-reshuffles-180844237.html,0.1
2026-07-04 19:09:22+00:00,AEP,Simply Wall St.,American Electric Power (AEP) Joins Bloom Expansion To Power AI Data Centers,https://finance.yahoo.com/energy/articles/american-electric-power-aep-joins-190922287.html,0.5
2026-07-04 21:09:54+00:00,KDP,Simply Wall St.,Keurig Dr Pepper (KDP) Stock Looks Fully Priced As Its 20% Run Continues,https://finance.yahoo.com/markets/stocks/articles/keurig-dr-pepper-kdp-stock-210954337.html,-0.5
2026-07-04 21:10:36+00:00,AEP,Simply Wall St.,American Electric Power (AEP) Stock May Be 30% Above Fair Value Following Data Center Demand News,https://finance.yahoo.com/markets/stocks/articles/american-electric-power-aep-stock-211036412.html,0.5
2026-07-04 22:52:58+00:00,AVGO,reddit.com/r/stocks,"Effect of Using Margin on AI related Equities - I have witnessed what appears to be mechanical automated selling on a number of occasions (in the last three months), specifically when all AI stocks take a massive dive. My assumption is that part of the automated selling is from brokerages performing forced automated selling for margin calls on these equities. The more forced selling the more the prices of AI related equites drop. The more",,-0.5
2026-07-05 01:17:00+00:00,MNST,TheStreet,Morgan Stanley unveils key Monster stock price prediction,https://finance.yahoo.com/markets/stocks/articles/morgan-stanley-unveils-key-monster-011700788.html,0.5
2026-07-05 01:20:00+00:00,MELI,Motley Fool,MercadoLibre Stock Has Been Left For Dead. Here's Why Investors Should Consider Buying More.,https://finance.yahoo.com/markets/stocks/articles/mercadolibre-stock-left-dead-heres-012000488.html,0.8
2026-07-05 03:17:00+00:00,AXON,TheStreet,Axon and Rocket Lab rallied while chip stocks sank,https://finance.yahoo.com/markets/stocks/articles/axon-rocket-lab-rallied-while-031700271.html,0.2
2026-07-05 07:25:00+00:00,MELI,Motley Fool,3 Magnificent Growth Stocks to Buy in July,https://finance.yahoo.com/markets/stocks/articles/3-magnificent-growth-stocks-buy-072500432.html,0.8
2026-07-05 08:21:27+00:00,MSFT,reddit.com/r/stocks,"Judge my strategy. - I love the gambling aspect of investing, but I also appreciate the power of compounding over time in the market. A few things I believe; The market goes up in the long run. Time in the market bears timing the market. The best returns come after the crash, stay invested. Options are the same as gambling. Now on to my strategy. I made my seed money on GME when I had",,0.2
2026-07-05 11:07:49+00:00,AEP,Simply Wall St.,Is AEP’s ESOP-Linked Share Filing Quietly Reframing Its Capital Allocation Story?,https://finance.yahoo.com/markets/stocks/articles/aep-esop-linked-share-filing-110749234.html,0.2
2026-07-05 11:12:26+00:00,KLAC,Insider Monkey,KLA Corporation (KLAC) Is One Of Jim Cramer’s Top Performing 2026 Stocks,https://finance.yahoo.com/markets/stocks/articles/kla-corporation-klac-one-jim-111226432.html,0.6
2026-07-05 11:12:39+00:00,TER,Insider Monkey,Teradyne (TER) Is One Of Jim Cramer’s Top Performing 2026 Stocks,https://finance.yahoo.com/markets/stocks/articles/teradyne-ter-one-jim-cramer-111239061.html,0.5
2026-07-05 11:20:00+00:00,MELI,Motley Fool,"Down 35%, Is MercadoLibre Stock a Better Buy than SpaceX and the ""Magnificent Seven"" Stocks in July?",https://finance.yahoo.com/markets/stocks/articles/down-35-mercadolibre-stock-better-112000441.html,0.1
2026-07-05 12:08:00+00:00,LRCX,Simply Wall St.,Lam Research (LRCX) Stock Falls As AI Demand Fears Clash With Company Guidance,https://finance.yahoo.com/markets/stocks/articles/lam-research-lrcx-stock-falls-120800140.html,-0.5
2026-07-05 12:08:37+00:00,BKR,Simply Wall St.,Baker Hughes (BKR) Lands Angola Subsea Deal And North America Geothermal Partnership,https://finance.yahoo.com/energy/articles/baker-hughes-bkr-lands-angola-120837304.html,0.5
2026-07-05 12:58:59+00:00,BKNG,Insider Monkey,Checkout.com Partners with Booking Holdings’ (BKNG) Agoda to Optimize Global Payment Processing,https://finance.yahoo.com/technology/ai/articles/checkout-com-partners-booking-holdings-125859174.html,0.6
2026-07-05 12:59:08+00:00,GILD,Insider Monkey,Is Gilead (GILD) One of the Most Undervalued NASDAQ Stocks to Buy Right Now?,https://finance.yahoo.com/markets/stocks/articles/gilead-gild-one-most-undervalued-125908409.html,0.5
2026-07-05 13:04:32+00:00,FANG,Insider Monkey,Diamondback Energy’s (FANG) Viper Energy Completes Acquisition of Riverbend Oil & Gas IX Assets,https://finance.yahoo.com/energy/articles/diamondback-energy-fang-viper-energy-130432812.html,0.5
2026-07-05 16:00:59+00:00,ADP,Yahoo Finance,Rate hike readjustment and AI hardware momentum: What to watch this week,https://finance.yahoo.com/economy/article/rate-hike-readjustment-and-ai-hardware-momentum-what-to-watch-this-week-160059243.html,0.2
2026-07-05 16:03:00+00:00,WBD,TheStreet,Paramount’s Warner deal has a new $650 million problem,https://finance.yahoo.com/media-advertising/articles/paramount-warner-deal-650-million-160300665.html,-0.5
2026-07-05 16:30:13+00:00,SBUX,24/7 Wall St.,"Starbucks vs Chipotle: Two Restaurant Titans, Two Playbooks, Only One Winner",https://finance.yahoo.com/markets/stocks/articles/starbucks-vs-chipotle-two-restaurant-163013348.html,0.5
2026-07-05 17:58:00+00:00,EXC,Business Wire,"ComEd Restores Power to Over 240,000 Customers as Crews Push Through Holiday Weekend to Finish Restoration",https://finance.yahoo.com/energy/articles/comed-restores-power-over-240-175800127.html,0.8
2026-07-05 19:05:00+00:00,MELI,Motley Fool,MercadoLibre and Walmart Are Both Down This Year. Which Stock Should Investors Buy?,https://finance.yahoo.com/markets/stocks/articles/mercadolibre-walmart-both-down-stock-190500309.html,0.0
2026-07-05 22:50:44+00:00,APP,Insider Monkey,Advertising Growth Affirm AppLovin Corporation (APP) as Top AI Stock to Buy According to Billionaire Philippe Laffont,https://finance.yahoo.com/technology/ai/articles/advertising-growth-affirm-applovin-corporation-225044375.html,0.6
2026-07-05 23:00:00+00:00,CEG,Oilprice.com,Big Tech’s $3 Trillion Struggle to Secure Enough Electricity,https://finance.yahoo.com/energy/articles/big-tech-3-trillion-struggle-230000415.html,-0.5
2026-07-05 23:17:00+00:00,SBUX,TheStreet,Costco has found an AI use members will appreciate,https://finance.yahoo.com/technology/ai/articles/costco-found-ai-members-appreciate-231700829.html,0.6
2026-07-06 00:00:00+00:00,MSTR,SEC-EDGAR-8K,"(Item 8.01) Other Events. ATM Updates On July 6, 2026, Strategy Inc (""Strategy"") announced that, during the period between June 29, 2026 and July 5, 2026, Strategy did not sell any shares under its at-the-market offering program. Repurchase Program Updates On July 6, 2026, Strategy announced that, during the period between June 29, 2026 and July 5, 2026, Strategy did not purchase any shares under its share repurchase programs. BTC Updates On July 6, 2026, Strategy announced

(Item 5.02) Departure of Directors or Certain Officers; Election of Directors; Appointment of Certain Officers; Compensatory Arrangements of Certain Officers. Designation of Principal Accounting Officer As previously disclosed, on June 30, 2026, Jeanine Montgomery, Strategy’s Vice President & Chief Accounting Officer and principal accounting officer, retired from Strategy. On June 29, 2026, the Board of Directors of Strategy designated Andrew Kang, Strategy’s Executive Vice President & Chief Financial Officer, as Strategy’s principal accounting officer, effective as of",,0.0
2026-07-06 00:00:00+00:00,AVGO,SEC-EDGAR-8K,"(Item 8.01) Other Events. Broadcom Inc. (“Broadcom”) and Apple Inc. (“Apple”) have agreed to expand their long-standing technology collaboration through 2031 by entering into new multi-year long-term agreements for Broadcom to develop and supply a range of custom ASIC silicon products for use in multiple generations of Apple products. Cautionary Note Regarding Forward-Looking Statements This Current Report on Form 8-K contains forward-looking statements (including within the meaning of Section 21E of the Securities Exchange Act of 1934,",,0.2
2026-07-06 00:00:00+00:00,REGN,SEC-EDGAR-8K,"(Item 2.02) . Results of Operations and Financial Condition. Regeneron Pharmaceuticals, Inc. (“ Regeneron ” or the “ Company ”) currently expects that its financial results calculated in accordance with U.S. generally accepted accounting principles (“ GAAP ”) and its non-GAAP financial results for the second quarter 2026 will include an acquired in-process research and development (“ IPR&D ”) charge of approximately $127 million on a pre-tax basis. This charge relates to up-front and opt-in payments in",,-0.2
2026-07-06 00:15:14+00:00,WDAY,Insider Monkey,Here Is Why Workday (WDAY) Is An Attractive AI Stock to Invest In,https://finance.yahoo.com/markets/stocks/articles/why-workday-wday-attractive-ai-001514757.html,0.8
2026-07-06 00:17:16+00:00,ALAB,Insider Monkey,What Makes Astera Labs (ALAB) One of BlackRock’s 30 Most Important AI Stocks,https://finance.yahoo.com/technology/ai/articles/makes-astera-labs-alab-one-001716918.html,0.5
2026-07-06 00:17:54+00:00,CEG,Insider Monkey,Constellation Energy (CEG) Applies for License Renewals for 2 Plants,https://finance.yahoo.com/energy/articles/constellation-energy-ceg-applies-license-001754358.html,0.2
2026-07-06 02:03:00+00:00,TER,Insider Monkey,"How Teradyne, Inc.’s (TER) Robotics Demos Keep Its Automation Story Grounded in Factory Use Cases",https://finance.yahoo.com/technology/articles/teradyne-inc-ter-robotics-demos-020300587.html,0.5
2026-07-06 03:18:02+00:00,EXC,Simply Wall St.,ComEd’s Massive Storm Response Might Change The Case For Investing In Exelon (EXC),https://finance.yahoo.com/energy/articles/comed-massive-storm-response-might-031802109.html,0.2
2026-07-06 03:48:24+00:00,ARM,reddit.com/r/stocks,"What Non Tech, Non AI Stocks To Explore? - Currently looking into non tech, non AI, non quantum, non space stocks. I mean I am quite heavy on tech sector and would like to explore other sectors that may have been good to hold for the long. One of such stocks I am looking at is $COKE. And another one I am exploring is $SN. Sharkninja has been offering innovative product and expanding its product",,0.5
2026-07-06 06:03:26+00:00,MDLZ,Reuters,"From shampoo to cookies, consumer products get an AI makeover",https://finance.yahoo.com/technology/ai/articles/shampoo-cookies-consumer-products-ai-060326594.html,0.5
2026-07-06 07:16:01+00:00,CPRT,StockStory,2 Services Stocks with Exciting Potential and 1 Facing Headwinds,https://finance.yahoo.com/markets/stocks/articles/2-services-stocks-exciting-potential-071601094.html,0.5
2026-07-06 07:57:47+00:00,HON,Reuters,"Solstice, Element Solutions weigh $27 billion merger, FT reports",https://finance.yahoo.com/markets/stocks/articles/solstice-element-solutions-weigh-27-075747721.html,0.2
2026-07-06 08:09:27+00:00,KLAC,Simply Wall St.,US Stock Market Today: S&P 500 Futures Rise As Inflation Jitters Temporarily Ease,https://finance.yahoo.com/markets/stocks/articles/us-stock-market-today-p-080927004.html,0.6
2026-07-06 08:36:01+00:00,FANG,StockStory,3 Market-Beating Stocks to Consider Right Now,https://finance.yahoo.com/markets/stocks/articles/3-market-beating-stocks-consider-083601868.html,0.5
2026-07-06 08:45:00+00:00,CRWD,Motley Fool,Is CrowdStrike Stock a Buy After Its Stock Split?,https://finance.yahoo.com/markets/stocks/articles/crowdstrike-stock-buy-stock-split-084500721.html,0.2
2026-07-06 09:12:21+00:00,MELI,Motley Fool,Why MercadoLibre Stock Dropped 16% in the First Half of the Year,https://finance.yahoo.com/markets/stocks/articles/why-mercadolibre-stock-dropped-16-091221850.html,-0.6
2026-07-06 09:26:58+00:00,ODFL,Barchart,What You Need To Know Ahead of Old Dominion Freight's Earnings Release,https://finance.yahoo.com/markets/stocks/articles/know-ahead-old-dominion-freights-092658627.html,0.1
2026-07-06 09:41:01+00:00,CEG,Insider Monkey,Citi Keeps Neutral Rating on Constellation Energy (CEG),https://finance.yahoo.com/energy/articles/citi-keeps-neutral-rating-constellation-094101111.html,0.0
2026-07-06 09:41:29+00:00,STX,Insider Monkey,Is Seagate (STX) the Best Pick and Shovel AI Stock to Invest In?,https://finance.yahoo.com/markets/stocks/articles/seagate-stx-best-pick-shovel-094129015.html,0.5
2026-07-06 09:41:35+00:00,CSCO,Insider Monkey,Barclays Raises its Price Target on Equinix (EQIX),https://finance.yahoo.com/markets/stocks/articles/barclays-raises-price-target-equinix-094135225.html,0.5
2026-07-06 09:42:25+00:00,KLAC,Insider Monkey,Cantor Fitzgerald Raises its Price Target on KLA (KLAC),https://finance.yahoo.com/markets/stocks/articles/cantor-fitzgerald-raises-price-target-094225261.html,0.5
2026-07-06 09:44:45+00:00,ADP,Barchart,Automatic Data Processing's Q4 2026 Earnings: What to Expect,https://finance.yahoo.com/markets/stocks/articles/automatic-data-processings-q4-2026-094445069.html,0.2
2026-07-06 10:01:49+00:00,DDOG,Insider Monkey,Datadog (DDOG): The Best High Growth Cybersecurity Stock to Buy Now,https://finance.yahoo.com/markets/stocks/articles/datadog-ddog-best-high-growth-100149991.html,0.8
2026-07-06 10:04:32+00:00,SHOP,Motley Fool,Why Opendoor Stock Dropped 21% in the First Half of 2026,https://finance.yahoo.com/markets/stocks/articles/why-opendoor-stock-dropped-21-100432362.html,-0.6
2026-07-06 10:04:51+00:00,LITE,Bloomberg,Millennium-Backed Trader Gains 61% With Bets on AI Backbone,https://finance.yahoo.com/technology/ai/articles/millennium-backed-trader-gains-61-100451846.html,0.6
2026-07-06 10:36:01+00:00,EA,StockStory,3 Inflated  Stocks We Steer Clear Of,https://finance.yahoo.com/markets/stocks/articles/3-inflated-stocks-steer-clear-103601244.html,-0.5
2026-07-06 10:49:28+00:00,ALAB,Insider Monkey,Stifel Raises its Price Target on Power Integrations (POWI),https://finance.yahoo.com/markets/stocks/articles/stifel-raises-price-target-power-104928847.html,0.5
2026-07-06 10:51:06+00:00,DXCM,Barchart,Earnings Preview: What To Expect From DexCom's Report,https://finance.yahoo.com/healthcare/articles/earnings-preview-expect-dexcoms-report-105106413.html,0.5
2026-07-06 10:53:54+00:00,HON,InvestorsHub,"Solstice Advanced Materials Explores $27 Billion Merger With Element Solutions, Report Says (SOLS)",https://finance.yahoo.com/markets/stocks/articles/solstice-advanced-materials-explores-27-105354025.html,0.5
2026-07-06 11:00:00+00:00,DXCM,Business Wire,"Insulet Accelerates Global Growth with Launch of Omnipod® 5 and Omnipod Discover™ in Spain, Expanding Access to Tubeless Diabetes Technology",https://finance.yahoo.com/healthcare/articles/insulet-accelerates-global-growth-launch-110000210.html,0.8
2026-07-06 11:26:54+00:00,AEP,Barchart,American Electric Power’s Quarterly Earnings Preview: What You Need to Know,https://finance.yahoo.com/markets/stocks/articles/american-electric-power-quarterly-earnings-112654571.html,0.5
2026-07-06 11:30:00+00:00,INTU,GlobeNewswire,"Banzai Completes Acquisition of ConnectAndSell, Doubling Annual Revenue at 86% Gross Margin",https://finance.yahoo.com/technology/ai/articles/banzai-completes-acquisition-connectandsell-doubling-113000346.html,0.8
2026-07-06 11:32:41+00:00,STX,Investing.com,Memory stocks rebound as analysts flag a buying opportunity,https://finance.yahoo.com/markets/stocks/articles/memory-stocks-rebound-analysts-flag-113241138.html,0.8
2026-07-06 11:35:36+00:00,TER,Quartz,"Dow futures near 53,000 as chip stocks attempt rebound",https://finance.yahoo.com/markets/stocks/articles/dow-futures-near-53-000-113536159.html,0.5
2026-07-06 11:38:47+00:00,STX,InvestorsHub,Memory Stocks Advance as Analysts Highlight Attractive Entry Point,https://finance.yahoo.com/markets/stocks/articles/memory-stocks-advance-analysts-highlight-113847623.html,0.8
2026-07-06 11:52:28+00:00,GILD,24/7 Wall St.,"Here Are Monday’s Best Wall Street Analyst Research Calls: Agnico Eagle Mines, Datadog, Delta Air Lines, Gilead Sciences, Okta, Pfizer, Regions Financial, T-Mobile, and More",https://finance.yahoo.com/markets/stocks/articles/monday-best-wall-street-analyst-115228468.html,0.5
2026-07-06 12:05:00+00:00,LRCX,MarketBeat,Analysts Just Raised Price Targets On These 3 Semiconductor Equipment Stocks,https://finance.yahoo.com/markets/stocks/articles/analysts-just-raised-price-targets-120500108.html,0.5
2026-07-06 12:30:02+00:00,LIN,Zacks,"If You Invested $1000 in Linde 10 Years Ago, This Is How Much You'd Have Now",https://finance.yahoo.com/markets/stocks/articles/invested-1000-linde-10-years-123002690.html,0.5
2026-07-06 12:30:37+00:00,KLAC,24/7 Wall St.,Jeff Bezos Is Pouring Money Into a Startup That Could Drive ‘Civilizational Wealth’,https://finance.yahoo.com/technology/ai/articles/jeff-bezos-pouring-money-startup-123037738.html,0.8
2026-07-06 12:33:11+00:00,HON,Bloomberg,Solstice to Acquire Element Solutions in $14.5 Billion Deal,https://finance.yahoo.com/markets/stocks/articles/solstice-acquire-element-solutions-14-123311013.html,0.5
2026-07-06 12:34:43+00:00,WDAY,Motley Fool,These 3 Stocks Were the Worst Performers on the Nasdaq-100 in the First Half of 2026. Can They Rebound in the Second Half?,https://finance.yahoo.com/markets/stocks/articles/3-stocks-were-worst-performers-123443362.html,-0.5
2026-07-06 12:40:22+00:00,HON,Reuters,"Solstice buys Element Solutions in $14.5 billion deal, sharpens focus on AI market",https://finance.yahoo.com/markets/stocks/articles/honeywell-spinoff-solstice-buy-element-124022495.html,0.5
2026-07-06 12:41:00+00:00,MAR,PR Newswire,"Hawkins Way Capital Announces Opening of Fourth Series by Marriott™ Hotel in the U.S. with FOUND Hotels, Chicago",https://finance.yahoo.com/real-estate/articles/hawkins-way-capital-announces-opening-124100193.html,0.5
2026-07-06 12:41:00+00:00,TXN,Zacks,Forget NVIDIA: Buy These 4 AI Hardware Stocks for Bigger Gains,https://finance.yahoo.com/technology/ai/articles/forget-nvidia-buy-4-ai-124100008.html,0.5
2026-07-06 12:44:01+00:00,CSX,StockStory,3 Unpopular Stocks We Approach with Caution,https://finance.yahoo.com/markets/stocks/articles/3-unpopular-stocks-approach-caution-124401865.html,-0.5
2026-07-06 12:51:00+00:00,TXN,Zacks,Will Strong Cash Flows Support NVIDIA's Share Buyback Strategy Ahead?,https://finance.yahoo.com/markets/stocks/articles/strong-cash-flows-support-nvidias-125100422.html,0.5
2026-07-06 12:52:01+00:00,DASH,StockStory,2 of Wall Street’s Favorite Stocks to Own for Decades and 1 That Underwhelm,https://finance.yahoo.com/markets/stocks/articles/2-wall-street-favorite-stocks-125201626.html,0.2
2026-07-06 12:55:14+00:00,TXN,24/7 Wall St.,Why A Low-Yield Dividend Portfolio Could Pay More Than A High-Yield Portfolio In Retirement,https://finance.yahoo.com/markets/stocks/articles/why-low-yield-dividend-portfolio-125514631.html,0.5
2026-07-06 13:00:00+00:00,DASH,Business Wire,"DoorDash to Announce Second Quarter 2026 Results on August 5, 2026",https://finance.yahoo.com/markets/stocks/articles/doordash-announce-second-quarter-2026-130000321.html,0.0
2026-07-06 13:00:03+00:00,ISRG,Zacks,"Intuitive Surgical, Inc. (ISRG) is Attracting Investor Attention: Here is What You Should Know",https://finance.yahoo.com/markets/stocks/articles/intuitive-surgical-inc-isrg-attracting-130003255.html,0.5
2026-07-06 13:00:05+00:00,PDD,Zacks,PDD Holdings Inc. Sponsored ADR (PDD) is Attracting Investor Attention: Here is What You Should Know,https://finance.yahoo.com/markets/stocks/articles/pdd-holdings-inc-sponsored-adr-130005878.html,0.5
2026-07-06 13:12:57+00:00,STX,24/7 Wall St.,"SanDisk Rebounds 5%, Western Digital Gains 5%, Micron Climbs 3% as UBS, Citi, BofA Turn Bullish on Memory",https://finance.yahoo.com/markets/stocks/articles/sandisk-rebounds-5-western-digital-131257139.html,0.8
2026-07-06 13:15:00+00:00,PAYX,Zacks,"Beat the Market the Zacks Way: PDF Solutions, LifeStance Health, Paychex in Focus",https://finance.yahoo.com/markets/stocks/articles/beat-market-zacks-way-pdf-131500613.html,0.2
2026-07-06 13:17:13+00:00,HON,Benzinga,Jim Cramer Says Solstice-Element Merger Would Create a 'Chemical Tech Powerhouse': Stocks Could 'Go Higher',https://finance.yahoo.com/markets/stocks/articles/jim-cramer-says-solstice-element-131713272.html,0.8
2026-07-06 13:23:07+00:00,DDOG,Investing.com,Bernstein downgrades Datadog on valuation concerns despite stronger AI outlook,https://finance.yahoo.com/markets/stocks/articles/bernstein-downgrades-datadog-valuation-concerns-132307814.html,-0.5
2026-07-06 13:24:01+00:00,SHOP,StockStory,3 Reasons We Love Shopify (SHOP),https://finance.yahoo.com/markets/stocks/articles/3-reasons-love-shopify-shop-132401146.html,0.8
2026-07-06 13:40:03+00:00,AMGN,Zacks,"Is Allarity Therapeutics, Inc. (ALLR) Stock Outpacing Its Medical Peers This Year?",https://finance.yahoo.com/markets/stocks/articles/allarity-therapeutics-inc-allr-stock-134003711.html,0.2
2026-07-06 13:42:48+00:00,LRCX,Barchart,What You Need to Know Ahead of Lam Research's Earnings Release,https://finance.yahoo.com/markets/stocks/articles/know-ahead-lam-researchs-earnings-134248280.html,0.1
2026-07-06 13:44:00+00:00,APP,Zacks,Digital Turbine's Ad Platform Expands: Can the Momentum Continue?,https://finance.yahoo.com/media-advertising/articles/digital-turbines-ad-platform-expands-134400485.html,0.5
2026-07-06 13:47:50+00:00,GILD,The Fly,"Okta upgraded, Datadog downgraded: Wall Street's top analyst calls",https://finance.yahoo.com/news/marvell-upgraded-trade-desk-downgraded-143122342.html,0.2
2026-07-06 13:50:00+00:00,SBUX,MarketBeat,These 3 Stocks Offer Investors Exposure to the Functional Beverage Boom,https://finance.yahoo.com/markets/stocks/articles/3-stocks-offer-investors-exposure-135000845.html,0.5
2026-07-06 14:00:00+00:00,EXC,Business Wire,Exelon to Announce Second Quarter Results on July 30,https://finance.yahoo.com/markets/stocks/articles/exelon-announce-second-quarter-results-140000119.html,0.0
2026-07-06 14:05:32+00:00,CEG,24/7 Wall St.,Record Heat Dome Drove the Grid to All-Time Peak Demand Friday: Here’s 4 Stocks To Buy As Things Heat Up,https://finance.yahoo.com/energy/articles/record-heat-dome-drove-grid-140532003.html,0.6
2026-07-06 14:20:00+00:00,PEP,Proactive,Wall Street braces for Fed signals as earnings season gets underway,https://finance.yahoo.com/economy/policy/articles/wall-street-braces-fed-signals-142000211.html,0.2
2026-07-06 14:25:00+00:00,MELI,MarketBeat,"AI Is Selling Off, But These 5 Stocks Could Benefit Next",https://finance.yahoo.com/markets/stocks/articles/ai-selling-off-5-stocks-142500412.html,0.5
2026-07-06 14:25:00+00:00,SBUX,Zacks,WEN Stock Up 28% in a Month: Should Investors Chase the Rally or Wait?,https://finance.yahoo.com/markets/stocks/articles/wen-stock-28-month-investors-142500784.html,0.2
2026-07-06 14:28:00+00:00,NBIS,Zacks,"Nebius Stock Jumps 124% in 6 Months: Time to Buy, Hold or Sell?",https://finance.yahoo.com/markets/stocks/articles/nebius-stock-jumps-124-6-142800710.html,0.5
2026-07-06 14:31:00+00:00,ALAB,Zacks,CRDO's Retimer Business Hits Its Stride: Further Gains Ahead?,https://finance.yahoo.com/technology/articles/crdos-retimer-business-hits-stride-143100645.html,0.6
2026-07-06 14:33:00+00:00,SBUX,Zacks,Is Starbucks' Loyalty Strategy Fueling More Store Traffic?,https://finance.yahoo.com/markets/stocks/articles/starbucks-loyalty-strategy-fueling-more-143300663.html,0.5
2026-07-06 14:33:51+00:00,HON,Investor's Business Daily,Honeywell Spinoff Solstice Inks $14.5 Billion Deal For 'Increased Exposure' To AI Boom,https://www.investors.com/news/honeywell-spinoff-solstice-inks-14-5-billion-deal-element-solutions-ai-boom/?src=A00220&yptr=yahoo,0.8
2026-07-06 14:38:00+00:00,TXN,Zacks,STM Stock Trades at Lofty Valuations: Is It Still Attractive?,https://finance.yahoo.com/markets/stocks/articles/stm-stock-trades-lofty-valuations-143800051.html,0.2
2026-07-06 14:42:43+00:00,SHOP,Insider Monkey,Here’s Why Shopify (SHOP) is Struggling,https://finance.yahoo.com/markets/stocks/articles/why-shopify-shop-struggling-144243970.html,-0.5
2026-07-06 14:48:00+00:00,CRWD,Zacks,CRWD Trades at Premium Valuation: Time to Hold or Fold the Stock?,https://finance.yahoo.com/markets/stocks/articles/crwd-trades-premium-valuation-time-144800777.html,0.1
2026-07-06 14:52:01+00:00,MCHP,StockStory,3 Reasons to Sell MCHP and 1 Stock to Buy Instead,https://finance.yahoo.com/markets/stocks/articles/3-reasons-sell-mchp-1-145201401.html,-0.5
2026-07-06 14:54:31+00:00,WDC,reddit.com/r/stocks,"Well... the memory stocks are making last week's debate a little more interesting - Last week I posted that I was more confused by the sell-off than the earnings. Then I spent the whole weekend reading everyone's explanations. Profit taking. Rotation. Too expensive. AI bubble. Fair enough. Now the market finally opens again and the whole memory group comes out strong. WDC and STX are flying, MU and SNDK are green too. It's only been",,0.5
2026-07-06 15:02:32+00:00,DDOG,Barchart,Analysts Say This Stock Is a Buy Now to Take Advantage of a Historic AI Supercycle,https://finance.yahoo.com/markets/stocks/articles/analysts-stock-buy-now-advantage-150232369.html,0.8
2026-07-06 15:04:00+00:00,KDP,Zacks,Is Keurig Dr Pepper's Innovation Engine Still Driving Share Gains?,https://finance.yahoo.com/markets/stocks/articles/keurig-dr-peppers-innovation-engine-150400729.html,0.2
2026-07-06 15:08:23+00:00,CRWD,24/7 Wall St.,"CrowdStrike Surges 5%, Palo Alto and Okta Gain 4% as Cybersecurity Stocks Rally on Analyst Upgrades",https://finance.yahoo.com/markets/stocks/articles/crowdstrike-surges-5-palo-alto-150823579.html,0.8
2026-07-06 15:08:28+00:00,ALAB,GuruFocus.com,Bank of America Gives Astera Labs Stock a Stunning Street-High Price Target,https://finance.yahoo.com/markets/stocks/articles/bank-america-gives-astera-labs-123817559.html,0.8
2026-07-06 15:08:46+00:00,CMCSA,GuruFocus.com,Comcast's $61.4 Million Minions Win Puts NBCUniversal in Focus,https://finance.yahoo.com/media-advertising/articles/comcasts-61-4-million-minions-120915461.html,0.2
2026-07-06 15:09:41+00:00,ORLY,MT Newswires,"O'Reilly Automotive Could Gain Scale Through Potential Genuine Parts Auto Business Acquisition, UBS Says",https://finance.yahoo.com/markets/stocks/articles/o-apos-reilly-automotive-could-150941906.html,0.5
2026-07-06 15:20:00+00:00,LRCX,Zacks,Is Ultra Clean Stock Still a Buy After 320% Surge in the YTD Period ?,https://finance.yahoo.com/markets/stocks/articles/ultra-clean-stock-still-buy-152000526.html,0.2
2026-07-06 15:26:49+00:00,KLAC,MT Newswires,"Semiconductor Sector Seeing Rising Wafer Fab Equipment Market 2028 Growth Projections, Morgan Stanley Says",https://finance.yahoo.com/technology/articles/semiconductor-sector-seeing-rising-wafer-152649707.html,0.6
2026-07-06 15:31:15+00:00,ISRG,Trefis,Intuitive Surgical Stock Looks Weighed Down. Its After-Hours Growth Says Otherwise.,https://finance.yahoo.com/markets/stocks/articles/intuitive-surgical-stock-looks-weighed-153115875.html,0.2
2026-07-06 15:55:00+00:00,REGN,Zacks,Can Alnylam's Drug Pipeline Fuel Its Long-Term Revenue Growth?,https://finance.yahoo.com/healthcare/articles/alnylams-drug-pipeline-fuel-long-155500699.html,0.2
2026-07-06 15:56:00+00:00,WBD,Motley Fool,Netflix Has Crashed 42% in 12 Months. Is It Time to Buy the Streaming Giant?,https://finance.yahoo.com/markets/stocks/articles/netflix-crashed-42-12-months-155600037.html,-0.6
2026-07-06 16:00:04+00:00,AMGN,Zacks,Amgen (AMGN) Upgraded to Buy: What Does It Mean for the Stock?,https://finance.yahoo.com/markets/stocks/articles/amgen-amgn-upgraded-buy-does-160004835.html,0.5
2026-07-06 16:00:53+00:00,AMGN,Exec Edge,The Cancer Therapy Strategy VERAXA Is Betting the Company On,https://finance.yahoo.com/healthcare/articles/cancer-therapy-strategy-veraxa-betting-160053349.html,0.2
2026-07-06 16:01:06+00:00,PEP,Fortune,Ex-PepsiCo CEO Indra Nooyi worked from midnight until 5 a.m. as a receptionist to pay for her Yale degree—and she says ‘respect went up’ because of it,https://finance.yahoo.com/small-business/articles/ex-pepsico-ceo-indra-nooyi-160106291.html,0.5
2026-07-06 16:09:43+00:00,TXN,Simply Wall St.,Should Texas Instruments’ Index Shift Toward Growth Benchmarks Reframe the Core TXN Investment Narrative?,https://finance.yahoo.com/markets/stocks/articles/texas-instruments-index-shift-toward-160943843.html,0.2
2026-07-06 16:09:46+00:00,INTU,Simply Wall St.,Intuit (INTU) Faces Downgrades As Pricing Risks And AI Shift Raise New Doubts,https://finance.yahoo.com/markets/stocks/articles/intuit-intu-faces-downgrades-pricing-160946672.html,-0.6
2026-07-06 16:10:04+00:00,TER,Zacks,Why Teradyne (TER) is Poised to Beat Earnings Estimates Again,https://finance.yahoo.com/markets/stocks/articles/why-teradyne-ter-poised-beat-161004668.html,0.8
2026-07-06 16:10:15+00:00,HON,Simply Wall St.,Honeywell (HON) Launches Experion Cognition As AI Becomes Central To Its New Focus,https://finance.yahoo.com/technology/ai/articles/honeywell-hon-launches-experion-cognition-161015013.html,0.6
2026-07-06 16:10:33+00:00,ALAB,Simply Wall St.,Astera Labs (ALAB) Stock Looks Rich On Book Value But Strong On Returns,https://finance.yahoo.com/markets/stocks/articles/astera-labs-alab-stock-looks-161033969.html,0.5
2026-07-06 16:13:04+00:00,GOOG,reddit.com/r/stocks,"Seeking advice on rebalancing my individual stocks - I have a significant % of my net worth in 4 individual stocks. 2000 shares of RDDT at $172 cost 3000 shares of AFRM at $40 cost 600 shares of RKLB at $90 cost 100 shares of GOOG at $375 cost I am aware the risk of holding so much worth in individual stocks. I also have $200k in VTI, a separate 401k (20% contribution each pay)",,-0.5
2026-07-06 16:19:00+00:00,CSCO,Zacks,Can Cisco's AI Networking Momentum Lift CSCO Stock Higher?,https://finance.yahoo.com/technology/ai/articles/ciscos-ai-networking-momentum-lift-161900761.html,0.5
2026-07-06 16:21:28+00:00,ODFL,Investing.com,Morgan Stanley turns cautious on freight stocks despite stronger cycle outlook,https://finance.yahoo.com/markets/stocks/articles/morgan-stanley-turns-cautious-freight-162128651.html,-0.5
2026-07-06 16:25:00+00:00,ISRG,Motley Fool,Prediction: Intuitive Surgical Will Be Worth $500 Billion by 2031 -- Here's Why,https://finance.yahoo.com/markets/stocks/articles/prediction-intuitive-surgical-worth-500-162500835.html,0.8
2026-07-06 16:26:00+00:00,ORLY,Barrons.com,O’Reilly Stock Sinks on Report of Possible NAPA Bid,https://www.barrons.com/articles/oreilly-automotive-stock-genuine-parts-napa-0c1720b5?siteid=yhoof2&yptr=yahoo,-0.5
2026-07-06 16:27:00+00:00,TXN,Zacks,ON Benefits From Rising Demand for Power Solutions: What's Ahead?,https://finance.yahoo.com/technology/articles/benefits-rising-demand-power-solutions-162700714.html,0.5
2026-07-06 16:27:00+00:00,AXON,Zacks,Axon Crosses Its 200-Day SMA: Should You Buy the Stock Now?,https://finance.yahoo.com/markets/stocks/articles/axon-crosses-200-day-sma-162700841.html,0.5
2026-07-06 16:31:57+00:00,ASML,Stocktwits,ASML Stock Gains Over 5% — Why Bernstein Thinks ASML Holding Can Keep Climbing After Nearly 140% Run In The Past Year,https://finance.yahoo.com/markets/stocks/articles/asml-stock-gains-over-5-163157867.html,0.8
2026-07-06 16:34:30+00:00,LRCX,Insider Monkey,Is Lam Research (LRCX) One of the Best Stocks on the Rise to Invest In?,https://finance.yahoo.com/markets/stocks/articles/lam-research-lrcx-one-best-163430470.html,0.6
2026-07-06 16:35:19+00:00,DDOG,Insider Monkey,"Benchmark Lifts PT on Datadog (DDOG), Remains Bullish",https://finance.yahoo.com/markets/stocks/articles/benchmark-lifts-pt-datadog-ddog-163519546.html,0.8
2026-07-06 16:35:34+00:00,KLAC,Insider Monkey,Is KLA Corporation (KLAC) One of the Best Stocks on the Rise to Invest In?,https://finance.yahoo.com/markets/stocks/articles/kla-corporation-klac-one-best-163534007.html,0.5
2026-07-06 16:35:43+00:00,TXN,Insider Monkey,UBS Remains Bullish on Texas Instruments (TXN) – Here’s Why,https://finance.yahoo.com/markets/stocks/articles/ubs-remains-bullish-texas-instruments-163543273.html,0.8
2026-07-06 16:35:55+00:00,ARM,Insider Monkey,UBS Remains Bullish on Arm Holdings (ARM) – Here’s Why,https://finance.yahoo.com/markets/stocks/articles/ubs-remains-bullish-arm-holdings-163555863.html,0.8
2026-07-06 16:36:30+00:00,STX,Insider Monkey,Melius Research Initiates Coverage of Seagate Technology (STX),https://finance.yahoo.com/markets/stocks/articles/melius-research-initiates-coverage-seagate-163630279.html,0.2
2026-07-06 16:37:04+00:00,LRCX,Insider Monkey,Susquehanna Lifts PT on Lam Research (LRCX) – Here’s Why,https://finance.yahoo.com/markets/stocks/articles/susquehanna-lifts-pt-lam-research-163704042.html,0.5
2026-07-06 16:42:00+00:00,CEG,Zacks,Can AI-Driven Electricity Demand Fuel CEG's Long-Term Growth?,https://finance.yahoo.com/energy/articles/ai-driven-electricity-demand-fuel-164200415.html,0.5
2026-07-06 16:46:56+00:00,SHOP,Motley Fool,Circle Internet Group Has a Brand-New Stablecoin Rival. What Does That Mean For Circle Stock?,https://finance.yahoo.com/markets/crypto/articles/circle-internet-group-brand-stablecoin-164656720.html,0.2
2026-07-06 16:54:26+00:00,DDOG,GuruFocus.com,"Datadog's AI Growth Story Has a Q4 Problem, Bernstein Says",https://finance.yahoo.com/markets/stocks/articles/datadogs-ai-growth-story-q4-165426502.html,-0.5
2026-07-06 16:54:43+00:00,CSCO,Yahoo Finance,Software's strongest pocket is back near records: Chart of the Day,https://finance.yahoo.com/markets/article/softwares-strongest-pocket-is-back-near-records-chart-of-the-day-165443761.html,0.5
2026-07-06 17:00:45+00:00,DDOG,Stocktwits,"DDOG's Late-June Rally Failed To Carry The Stock Beyond Recently Hit Record Highs – Interestingly, Bernstein Now Flags Slowing Demand Signals",https://finance.yahoo.com/markets/stocks/articles/ddogs-june-rally-failed-carry-170045606.html,-0.2
2026-07-06 17:03:22+00:00,HON,Insider Monkey,Honeywell (HON) Gets a Fresh Price Target After Major Corporate Restructuring,https://finance.yahoo.com/markets/stocks/articles/honeywell-hon-gets-fresh-price-170322638.html,0.6
2026-07-06 17:03:31+00:00,ADI,Insider Monkey,Analog Devices (ADI) Wins Higher Price Target as AI Chip Boom Accelerates,https://finance.yahoo.com/technology/ai/articles/analog-devices-adi-wins-higher-170331674.html,0.8
2026-07-06 17:20:39+00:00,HON,Insider Monkey,Is Honeywell International Inc. (HON) among the 7 Best Fusion Energy Development Stocks to Buy?,https://finance.yahoo.com/markets/stocks/articles/honeywell-international-inc-hon-among-172039052.html,0.2
2026-07-06 17:23:03+00:00,MCHP,Investopedia,"The AI Trade Is Off to a Hot Start This Week as Chip, Memory Stocks Surge",https://finance.yahoo.com/technology/ai/articles/ai-trade-off-hot-start-172303818.html,0.8
2026-07-06 17:37:55+00:00,PYPL,American Banker,Klarna seeks a bank license to directly rival US institutions,https://finance.yahoo.com/economy/policy/articles/klarna-seeks-bank-license-directly-173755750.html,0.2
2026-07-06 17:47:04+00:00,WBD,GuruFocus.com,Warner Bros. Slips on California Lawsuit Report,https://finance.yahoo.com/media-advertising/articles/warner-bros-slips-california-lawsuit-174704907.html,-0.5
2026-07-06 17:52:23+00:00,MCHP,Insider Monkey,"Microchip Technology (MCHP) Stock Continue To Drop, Here’s Why Some Analysts Still See Upside",https://finance.yahoo.com/markets/stocks/articles/microchip-technology-mchp-stock-continue-175223008.html,0.2
2026-07-06 17:54:22+00:00,ORLY,MT Newswires,Top Midday Decliners,https://finance.yahoo.com/markets/stocks/articles/top-midday-decliners-175422966.html,-0.5
2026-07-06 17:56:43+00:00,LITE,Insider Monkey,Northland Raises Lumentum (LITE) Price Target as AI Data Center Optics Outlook Improves,https://finance.yahoo.com/markets/stocks/articles/northland-raises-lumentum-lite-price-175643883.html,0.8
2026-07-06 18:09:59+00:00,HON,Simply Wall St.,Honeywell (HON) Stock Looks Fairly Valued After Its 46% Fall,https://finance.yahoo.com/markets/stocks/articles/honeywell-hon-stock-looks-fairly-180959939.html,0.2
2026-07-06 18:10:30+00:00,ASML,Simply Wall St.,The Bull Case For ASML Holding (ENXTAM:ASML) Could Change Following AI-Fueled Backlog And Mistral Partnership,https://finance.yahoo.com/technology/ai/articles/bull-case-asml-holding-enxtam-181030943.html,0.5
2026-07-06 18:10:53+00:00,CSCO,MT Newswires,Update: Equity Markets Rise Intraday as Tech Advances,https://finance.yahoo.com/markets/stocks/articles/equity-markets-rise-intraday-tech-181053180.html,0.5
2026-07-06 18:16:10+00:00,FTNT,Trefis,The Wide-Open Possibilities The Options Market Sees In Cisco Stock,https://finance.yahoo.com/markets/options/articles/wide-open-possibilities-options-market-181610548.html,0.6
2026-07-06 18:17:36+00:00,AXON,Investor's Business Daily,"Axon Extends Win Streak On Target Hike, World Cup Drone Defense",https://www.investors.com/news/axon-stock-dedrone-world-cup-needham/?src=A00220&yptr=yahoo,0.5
2026-07-06 18:20:55+00:00,CMCSA,LA Times,Comcast's Sky to buy Britain's ITV in $2.1-billion deal,https://finance.yahoo.com/media-advertising/articles/comcasts-sky-buy-britains-itv-182055043.html,0.5
2026-07-06 18:24:53+00:00,GEHC,Insider Monkey,GE HealthCare (GEHC) Introduces AI-Driven Upgrade Pathways to Modernize Legacy Imaging Suites,https://finance.yahoo.com/healthcare/articles/ge-healthcare-gehc-introduces-ai-182453355.html,0.5
2026-07-06 18:34:00+00:00,DXCM,Zacks,Here's Why You Should Retain DexCom Stock in Your Portfolio for Now,https://finance.yahoo.com/markets/stocks/articles/heres-why-retain-dexcom-stock-183400933.html,0.5
2026-07-06 18:36:00+00:00,GILD,Zacks,Will the Label Expansion of Trodelvy Strengthen GILD's Oncology Portfolio?,https://finance.yahoo.com/healthcare/articles/label-expansion-trodelvy-strengthen-gilds-183600363.html,0.5
2026-07-06 18:36:41+00:00,APP,Trefis,The New Business That Flagged AppLovin Stock’s Next Move,https://finance.yahoo.com/markets/stocks/articles/business-flagged-applovin-stock-next-183641024.html,0.1
2026-07-06 18:46:17+00:00,NBIS,Investing.com,"Meta capex to surge in 2027, neocloud fears ’erroneous’ - SemiAnalysis",https://finance.yahoo.com/technology/ai/articles/meta-capex-surge-2027-neocloud-184617902.html,0.1
2026-07-06 18:46:59+00:00,PYPL,Trefis,Shopify Stock And The Peril Of A Personal Best,https://finance.yahoo.com/markets/stocks/articles/shopify-stock-peril-personal-best-184659633.html,-0.5
2026-07-06 18:49:08+00:00,CMCSA,MT Newswires,CNBC Parent Versant Media to Acquire Sports Technology Platform Full Swing,https://finance.yahoo.com/media-advertising/articles/cnbc-parent-versant-media-acquire-184908331.html,0.5
2026-07-06 18:50:36+00:00,ASML,24/7 Wall St.,"The Second-Biggest Stock Sale in History Hits the Nasdaq Friday, and Chip Stocks Are Ripping",https://finance.yahoo.com/markets/stocks/articles/second-biggest-stock-sale-history-185036236.html,0.8
2026-07-06 18:53:56+00:00,CMCSA,Euronews,Sky agrees to buy British broadcaster ITV for up to £1.6 billion,https://finance.yahoo.com/media-advertising/articles/sky-agrees-buy-british-broadcaster-125419266.html,0.8
2026-07-06 19:00:36+00:00,TXN,24/7 Wall St.,Double Your Retirement Income in a Decade. Here’s How.,https://finance.yahoo.com/markets/stocks/articles/double-retirement-income-decade-190036947.html,0.5
2026-07-06 19:01:00+00:00,ARM,Barrons.com,"AMD Feels Goldman’s Love, and the Stock Jumps",https://www.barrons.com/articles/amd-stock-goldmans-sachs-price-target-8ae8b2f6?siteid=yhoof2&yptr=yahoo,0.8
2026-07-06 19:10:43+00:00,LRCX,24/7 Wall St.,"MTUM Owns the Winners, but July Could Turn Into a Momentum Bloodbath",https://finance.yahoo.com/markets/stocks/articles/mtum-owns-winners-july-could-191043086.html,-0.6
2026-07-06 19:12:17+00:00,DASH,Simply Wall St.,DoorDash (DASH) Stock Looks Strong On Returns But Rich On Earnings,https://finance.yahoo.com/markets/stocks/articles/doordash-dash-stock-looks-strong-191217248.html,0.2
2026-07-06 19:15:45+00:00,ASML,24/7 Wall St.,The Anti-Magnificent Seven Trade? VGK Is Quietly Creeping Toward Record Highs,https://finance.yahoo.com/markets/world-indices/articles/anti-magnificent-seven-trade-vgk-191545380.html,0.6
2026-07-06 19:20:37+00:00,CSCO,Yahoo Finance Video,Cybersecurity stocks are starting to catch up to chip growth,https://finance.yahoo.com/video/cybersecurity-stocks-are-starting-to-catch-up-to-chip-growth-192037957.html,0.5
2026-07-06 20:15:00+00:00,CDNS,Business Wire,Cadence Announces Second Quarter 2026 Financial Results Webcast,https://finance.yahoo.com/markets/stocks/articles/cadence-announces-second-quarter-2026-201500991.html,0.0
2026-07-06 20:15:06+00:00,ORLY,MT Newswires,US Equity Markets Higher as Chipmakers Rally; Dow Rises to Record,https://finance.yahoo.com/markets/stocks/articles/us-equity-markets-higher-chipmakers-201506997.html,0.8
2026-07-06 20:23:04+00:00,AMGN,Trefis,What Eli Lilly Stock Said When It Had Too Much Business,https://finance.yahoo.com/markets/stocks/articles/eli-lilly-stock-said-had-202304385.html,0.1
2026-07-06 20:24:00+00:00,HON,Barrons.com,Blockbuster AI Deal Shows Why Honeywell Had to Break Up,https://www.barrons.com/articles/ai-deal-honeywell-solstice-advanced-materials-element-solutions-stock-d4c6336c?siteid=yhoof2&yptr=yahoo,0.2
2026-07-06 20:28:00+00:00,ASML,Barrons.com,"AMD, Nvidia, Micron, Intel, Dell, O’Reilly, Rivian, and More Stocks That Explain Today’s Market",https://www.barrons.com/articles/stock-movers-a817c1db?siteid=yhoof2&yptr=yahoo,0.5
2026-07-06 20:31:41+00:00,COST,reddit.com/r/stocks,"Nvidia's new GPU financing program is answering a question nobody wanted to ask. - Last week Nvidia gave two companies access to over 200,000 GPUs without asking for full payment upfront. That's a pretty big shift for a company that's been selling chips about as fast as it can make them. The new model lets AI cloud providers access GPUs through revenue sharing and credit support structures rather than paying the full cost outright. Two",,0.2
2026-07-06 20:31:47+00:00,QCOM,Investor's Business Daily,Credo Leads Rebound For Semiconductor Stocks,https://www.investors.com/news/technology/credo-stock-leads-philadelphia-semiconductor-index-sox/?src=A00220&yptr=yahoo,0.5
2026-07-06 20:32:14+00:00,CMCSA,MT Newswires,"T-Mobile US Well Positioned to Withstand Broader Sector Pressure, BofA Says",https://finance.yahoo.com/markets/stocks/articles/t-mobile-us-well-positioned-203214001.html,0.6
2026-07-06 20:39:25+00:00,TER,Stocktwits,"AMD, TER Stocks Jump After Goldman Sachs Lifts Price Targets",https://finance.yahoo.com/markets/stocks/articles/amd-ter-stocks-jump-goldman-203925358.html,0.8
2026-07-06 20:43:48+00:00,ORLY,Investor's Business Daily,"Stock Market Today: Dow Up, AI Stock Tests Entry; SpaceX Tumbles As Elon Musk Makes This Boast (Live Coverage)",https://www.investors.com/market-trend/stock-market-today/dow-jones-sp500-nasdaq-micron-mu-stock-sandisk-sndk-stock/?src=A00220&yptr=yahoo,0.2
2026-07-06 20:46:10+00:00,CMCSA,Trefis,How Wide Is The Range Of Possibilities For Netflix Stock?,https://finance.yahoo.com/markets/options/articles/wide-range-possibilities-netflix-stock-204610093.html,0.2
2026-07-06 20:48:44+00:00,DDOG,Barchart,This Analyst Just Downgraded Datadog Stock. Here's Why.,https://finance.yahoo.com/markets/stocks/articles/analyst-just-downgraded-datadog-stock-204844724.html,-0.5
2026-07-06 20:50:00+00:00,STX,MarketBeat,Flash Crash or Cash? The AI Hardware Reset Investors Can’t Ignore,https://finance.yahoo.com/technology/ai/articles/flash-crash-cash-ai-hardware-205000172.html,0.2
2026-07-06 20:53:27+00:00,ABNB,Bloomberg,US Chief Design Officer on Launch of Trump Accounts Site,https://finance.yahoo.com/video/us-chief-design-officer-launch-205327093.html,0.1
2026-07-06 20:57:23+00:00,QCOM,MT Newswires,"Update: Dow Crosses 53,000, Nasdaq Rebounds as Tech Advances",https://finance.yahoo.com/markets/stocks/articles/dow-crosses-53-000-nasdaq-205723642.html,0.8
2026-07-06 21:07:00+00:00,ALAB,Zacks,"Unpacking Gavin Baker's ""Memory Crunch"" Thesis",https://finance.yahoo.com/markets/stocks/articles/unpacking-gavin-bakers-memory-crunch-210700889.html,0.2
2026-07-06 21:09:16+00:00,PEP,Simply Wall St.,PepsiCo (PEP) Launches RegenLend And Captain D's Seafood Promotion,https://finance.yahoo.com/markets/stocks/articles/pepsico-pep-launches-regenlend-captain-210916752.html,0.2
2026-07-06 21:13:16+00:00,DASH,Motley Fool,"Stock Market Today, July 6: Southeast Asian Mobility Upstart Grab Falls as Uber CEO Exits Board",https://finance.yahoo.com/markets/stocks/articles/stock-market-today-july-6-211316739.html,-0.5
2026-07-06 21:18:09+00:00,ORLY,MT Newswires,"Update: US Equity Indexes Advance as Communication Services, Technology Top Sector Charts While Crude Oil Trades Steady",https://finance.yahoo.com/markets/stocks/articles/us-equity-indexes-advance-communication-211809818.html,0.5
2026-07-06 21:40:01+00:00,MCHP,StockStory,"Monolithic Power Systems, Vishay Intertechnology, and Microchip Technology Stocks Trade Up, What You Need To Know",https://finance.yahoo.com/markets/stocks/articles/monolithic-power-systems-vishay-intertechnology-214001316.html,0.5
2026-07-06 21:45:02+00:00,PDD,Zacks,Why PDD Holdings Inc. Sponsored ADR (PDD) Outpaced the Stock Market Today,https://finance.yahoo.com/markets/stocks/articles/why-pdd-holdings-inc-sponsored-214502257.html,0.5
2026-07-06 21:45:03+00:00,SBUX,Zacks,Starbucks (SBUX) Stock Dips While Market Gains: Key Facts,https://finance.yahoo.com/markets/stocks/articles/starbucks-sbux-stock-dips-while-214503871.html,-0.5
2026-07-06 21:48:01+00:00,STX,StockStory,"Seagate, Semtech, and Teradyne Stocks Trade Up, What You Need To Know",https://finance.yahoo.com/markets/stocks/articles/seagate-semtech-teradyne-stocks-trade-214801771.html,0.5
2026-07-06 21:50:02+00:00,TTWO,Zacks,Take-Two Interactive (TTWO) Beats Stock Market Upswing: What Investors Need to Know,https://finance.yahoo.com/markets/stocks/articles/two-interactive-ttwo-beats-stock-215002561.html,0.5
2026-07-06 21:50:03+00:00,WDAY,Zacks,Workday (WDAY) Outpaces Stock Market Gains: What You Should Know,https://finance.yahoo.com/markets/stocks/articles/workday-wday-outpaces-stock-market-215003049.html,0.5
2026-07-06 21:50:04+00:00,INTU,Zacks,Intuit (INTU) Stock Falls Amid Market Uptick: What Investors Need to Know,https://finance.yahoo.com/markets/stocks/articles/intuit-intu-stock-falls-amid-215004045.html,-0.2
2026-07-06 22:00:00+00:00,SBUX,Yahoo Finance Video,Are fast food chains using collectible cups to hide a 30% price hike?,https://finance.yahoo.com/video/fast-food-chains-using-collectible-220000002.html,-0.6
2026-07-06 22:00:03+00:00,AMGN,Zacks,Amgen (AMGN) Stock Dips While Market Gains: Key Facts,https://finance.yahoo.com/markets/stocks/articles/amgen-amgn-stock-dips-while-220003343.html,-0.5
2026-07-06 22:00:04+00:00,CMCSA,Zacks,Comcast (CMCSA) Stock Sinks As Market Gains: What You Should Know,https://finance.yahoo.com/markets/stocks/articles/comcast-cmcsa-stock-sinks-market-220004058.html,-0.5
2026-07-06 22:00:04+00:00,WBD,Zacks,Warner Bros. Discovery (WBD) Stock Slides as Market Rises: Facts to Know Before You Trade,https://finance.yahoo.com/markets/stocks/articles/warner-bros-discovery-wbd-stock-220004146.html,-0.5
2026-07-06 22:00:05+00:00,ISRG,Zacks,"Intuitive Surgical, Inc. (ISRG) Rises Higher Than Market: Key Facts",https://finance.yahoo.com/markets/stocks/articles/intuitive-surgical-inc-isrg-rises-220005437.html,0.5
2026-07-06 22:20:01+00:00,ADI,StockStory,"Entegris and Analog Devices Shares Skyrocket, What You Need To Know",https://finance.yahoo.com/markets/stocks/articles/entegris-analog-devices-shares-skyrocket-222001249.html,0.8
2026-07-06 22:28:01+00:00,TXN,StockStory,"Texas Instruments and Impinj Stocks Trade Up, What You Need To Know",https://finance.yahoo.com/markets/stocks/articles/texas-instruments-impinj-stocks-trade-222801652.html,0.5
2026-07-06 22:40:08+00:00,AMD,reddit.com/r/stocks,"Taiwan Invasion,The needle for the AI Bubble - Ishares China ETF has tanked below 2004 price by -45percent. The S&P500 has went up 280percent since this period. Both tell a cautionary tale of bull vs bear. One is only smart when the tides in their favour. I’ve been thinking about what would really Pop the Ai Bubble. It could be a number of different things but what is clear to me is that it’s certainly",,-0.5
2026-07-06 22:44:01+00:00,NXPI,StockStory,"Marvell Technology and NXP Semiconductors Shares Are Soaring, What You Need To Know",https://finance.yahoo.com/markets/stocks/articles/marvell-technology-nxp-semiconductors-shares-224401386.html,0.5
2026-07-06 22:49:21+00:00,QCOM,24/7 Wall St.,This Semiconductor ETF Is Up 54% This Year and Refuses to Own Intel,https://finance.yahoo.com/markets/stocks/articles/semiconductor-etf-54-refuses-own-224921953.html,0.6
2026-07-06 22:50:23+00:00,ORLY,Motley Fool,Why AutoZone Stock Plunged by More Than 6% Today,https://finance.yahoo.com/markets/stocks/articles/why-autozone-stock-plunged-more-225023397.html,-0.7
2026-07-06 23:00:01+00:00,CRWD,StockStory,"CrowdStrike (CRWD) Stock Trades Up, Here Is Why",https://finance.yahoo.com/markets/stocks/articles/crowdstrike-crwd-stock-trades-why-230001509.html,0.5
2026-07-06 23:48:01+00:00,CRWD,StockStory,"Varonis Systems (VRNS) Shares Skyrocket, What You Need To Know",https://finance.yahoo.com/markets/stocks/articles/varonis-systems-vrns-shares-skyrocket-234801776.html,0.8
2026-07-07 00:00:00+00:00,VRTX,SEC-EDGAR-8K,"(Item 1.01) . Entry into a Material Definitive Agreement. Merger Agreement On July 6, 2026, Vertex Pharmaceuticals Incorporated, a Massachusetts corporation (“ Parent ”), Clark Merger Sub, Inc., a Delaware corporation and a wholly owned subsidiary of Parent (“ Merger Sub ”), and Crinetics Pharmaceuticals, Inc., a Delaware corporation (the “ Company ”), entered into an Agreement and Plan of Merger (the “ Merger Agreement ”). Subject to the terms of the Merger Agreement, Merger Sub will

(Item 8.01) . Other Events. On July 6, 2026, the Company and Parent issued a joint press release announcing the execution of the Merger Agreement. A copy of the press release is attached hereto as Exhibit 99.2 and is incorporated herein by reference. Cautionary Notice Regarding Forward-Looking Statements This Current Report on Form 8-K contains “forward-looking statements” within the meaning of the Private Securities Litigation Reform Act of 1995 related to the Company, Parent and the Transactions",,0.1
2026-07-07 00:00:00+00:00,TMUS,SEC-EDGAR-8K,"(Item 5.02) — Departure of Directors or Certain Officers; Election of Directors; Appointment of Certain Officers; Compensatory Arrangements of Certain Officers. T-Mobile US, Inc. (the “Company”) announced that it has appointed Chris Sambar as its Chief Enterprise Officer, effective no later than October 14, 2026. In this role, Mr. Sambar will oversee the Company’s enterprise and government businesses and will report directly to Srinivasan Gopalan, the Company’s President and Chief Executive Officer. In connection with Mr. Sambar’s",,0.1
2026-07-07 00:50:00+00:00,CRWD,Motley Fool,Should You Buy CrowdStrike After Its Recent Stock Split? The Answer Might Surprise You.,https://finance.yahoo.com/markets/stocks/articles/buy-crowdstrike-recent-stock-split-005000072.html,0.5
2026-07-07 01:54:18+00:00,ALAB,Investor's Business Daily,Dow Jones Futures: Tech Futures Slide On Samsung Earnings; SpaceX Falls Ahead Of Nasdaq-100 Inclusion,https://www.investors.com/market-trend/stock-market-today/dow-jones-sp500-nasdaq-ai-stocks-astera-bloom-nvidia-tesla/?src=A00220&yptr=yahoo,-0.2
2026-07-07 02:09:02+00:00,ORLY,Stocktwits,"Why Did REE, HTZ, ORLY Stocks Slump To 52-Week Lows Today?",https://finance.yahoo.com/markets/stocks/articles/why-did-ree-htz-orly-020902528.html,-0.5
2026-07-07 02:35:00+00:00,ORLY,Motley Fool,Why You Should Avoid These 2 Auto Stocks In The Second Half of 2026,https://finance.yahoo.com/markets/stocks/articles/why-avoid-2-auto-stocks-023500201.html,-0.6
2026-07-07 04:38:46+00:00,HON,Simply Wall St.,Honeywell International (HON) Could Be 28% Undervalued After Its Experion Cognition Launch,https://finance.yahoo.com/markets/stocks/articles/honeywell-international-hon-could-28-043846378.html,0.8
2026-07-07 04:58:27+00:00,COST,reddit.com/r/stocks,"I think price targets are useful, but mostly for the assumptions behind them - I see a lot of people dismiss analyst price targets because they often move after the stock already moved. I get that criticism. If a stock jumps 20% after earnings and the target gets raised the next morning, that does not feel like much of a signal. But I still think price targets can be useful if you treat them as",,0.2
2026-07-07 05:09:06+00:00,QCOM,Stocktwits,"S&P 500, Nasdaq, Dow Futures Mixed After Record Session: Why MU, SNDK, RIVN, SPCX Stocks Are Trending Overnight",https://finance.yahoo.com/markets/stocks/articles/p-500-nasdaq-dow-futures-050906384.html,0.5
2026-07-07 05:15:26+00:00,PYPL,Stocktwits,"SLS Stock Rises Overnight: Why Retail Traders Prefer Sellas Over IBRX, ONDS, PYPL As Most Bullish Pick",https://finance.yahoo.com/markets/stocks/articles/sls-stock-rises-overnight-why-051526279.html,0.8
2026-07-07 05:28:19+00:00,DASH,Simply Wall St.,DoorDash (DASH) Pushes Into Auto Parts As Its Valuation Case Gets A Fresh Look,https://finance.yahoo.com/markets/stocks/articles/doordash-dash-pushes-auto-parts-052819488.html,0.5
2026-07-07 05:34:00+00:00,BKNG,PR Newswire,"Agoda Reveals First-Half 2026 Travel Insights: Thailand Draws Visitors from Every Corner of Asia as Malaysia, South Korea, and China Lead the Way",https://finance.yahoo.com/small-business/articles/agoda-reveals-first-half-2026-053400076.html,0.5
2026-07-07 06:18:31+00:00,SNPS,Reuters,"Synopsys to cut chip fab manufacturing control software in shift to AI design, sources say",https://finance.yahoo.com/technology/ai/articles/synopsys-cut-chip-fab-manufacturing-061831382.html,0.1
2026-07-07 07:24:37+00:00,PEP,Reuters Videos,Trump claims credit as Walmart drops prices on barbecue staples,https://finance.yahoo.com/video/trump-claims-credit-walmart-drops-065631835.html,0.5
2026-07-07 07:54:24+00:00,NBIS,Stocktwits,NBIS Stock Down About 30% From Peak Amid Meta AI Cloud Threat — But Retail Still Believes In Neocloud Opportunity,https://finance.yahoo.com/markets/stocks/articles/nbis-stock-down-30-peak-075424531.html,-0.2
2026-07-07 08:02:43+00:00,CMCSA,StockStory,1 Profitable Stock to Target This Week and 2 We Ignore,https://finance.yahoo.com/markets/stocks/articles/1-profitable-stock-target-week-080243193.html,0.5
2026-07-07 08:12:08+00:00,MAR,Hotel Management Network,Why global hotel chains keep growing,https://finance.yahoo.com/real-estate/articles/why-global-hotel-chains-keep-081208317.html,0.5
2026-07-07 08:32:25+00:00,AVGO,reddit.com/r/stocks,"Selling NVDA or AVGO (Broadcom)? - Hi everyone, I'm holding both NVDA and AVGO stock and am looking to derisk given the uncertainty/possibility of an AI bubble bursting and the fact that I'm holding multiple AI-focused stocks at once. If you had to get rid of one stock to derisk and reinvest elsewhere (most likely a safer ETF), which would you sell today? NVDA or AVGO? Curious to hear your thoughts! Not necessarily investing advice",,0.2
2026-07-07 09:29:56+00:00,TMUS,Insider Monkey,"T-Mobile US, Inc. (TMUS) Is A Top Stock In Billionaire Jeffrey Talpins’ Filings",https://finance.yahoo.com/markets/stocks/articles/t-mobile-us-inc-tmus-092956640.html,0.5
2026-07-07 09:31:00+00:00,STX,Zacks,"Zacks Industry Outlook Highlights Micron, Seagate, Hewlett Packard and Agilysys",https://finance.yahoo.com/markets/stocks/articles/zacks-industry-outlook-highlights-micron-093100077.html,0.0
2026-07-07 09:44:06+00:00,APP,Insider Monkey,AppLovin Corporation (APP) Stock Down Heavily Since Jim Cramer Was “Comfortable” Recommending It,https://finance.yahoo.com/markets/stocks/articles/applovin-corporation-app-stock-down-094406059.html,-0.7
2026-07-07 09:47:27+00:00,CRWV,Insider Monkey,CoreWeave Inc. (CRWV) Down Nearly 20% Since Jim Cramer Said It’s “Coming Back”,https://finance.yahoo.com/markets/stocks/articles/coreweave-inc-crwv-down-nearly-094727562.html,-0.8
2026-07-07 10:00:00+00:00,STX,Zacks,"Stock Market News for July 7, 2026",https://finance.yahoo.com/markets/stocks/articles/stock-market-news-july-7-100000088.html,0.0
2026-07-07 10:07:00+00:00,ORLY,Zacks,"Company News for July 7, 2026",https://finance.yahoo.com/markets/stocks/articles/company-news-july-7-2026-100700851.html,0.0
2026-07-07 10:09:00+00:00,PEP,Zacks,"The Zacks Analyst Blog Highlights PepsiCo, Delta Air Lines, Bloom Energy, Ross Stores and NetEase",https://finance.yahoo.com/markets/stocks/articles/zacks-analyst-blog-highlights-pepsico-100900746.html,0.5
2026-07-07 10:09:52+00:00,TTWO,StockStory,2 Growth Stocks with All-Star Potential and 1 We Ignore,https://finance.yahoo.com/markets/stocks/articles/2-growth-stocks-star-potential-100952324.html,0.5
2026-07-07 10:12:34+00:00,EXC,Utility Dive,"Exelon, FirstEnergy utilities’ RTO adder targeted by Maryland in FERC complaint",https://finance.yahoo.com/energy/articles/exelon-firstenergy-utilities-rto-adder-101234394.html,-0.2
2026-07-07 10:17:04+00:00,KHC,Barchart,Earnings Preview: What To Expect From Kraft Heinz's Report,https://finance.yahoo.com/markets/stocks/articles/earnings-preview-expect-kraft-heinzs-101704876.html,0.2
2026-07-07 10:41:29+00:00,SNPS,InvestorsHub,Synopsys to phase out chip manufacturing software as AI design becomes strategic focus (SNPS),https://finance.yahoo.com/technology/ai/articles/synopsys-phase-chip-manufacturing-software-104129666.html,0.1
2026-07-07 10:45:03+00:00,PEP,InvestorsHub,Walmart cuts prices on barbecue essentials after Trump highlights retailer’s move (WMT),https://finance.yahoo.com/economy/policy/articles/walmart-cuts-prices-barbecue-essentials-104503703.html,0.2
2026-07-07 10:56:30+00:00,QCOM,Investopedia,"Markets News, July 7, 2026: Major Indexes Close Lower, Chip Stocks Drop; Oil Prices Jump as US Revokes Iran’s License to Sell Oil Following Attacks",https://finance.yahoo.com/markets/stocks/articles/markets-news-july-7-2026-105630397.html,-0.6
2026-07-07 11:00:00+00:00,SHOP,GlobeNewswire,Payfuture Launches Local Payments Integration for Merchants on Shopify in India,https://finance.yahoo.com/small-business/articles/payfuture-launches-local-payments-integration-110000531.html,0.5
2026-07-07 11:10:00+00:00,DXCM,MedTech Dive,Insulet launches Omnipod 5 in Spain,https://finance.yahoo.com/healthcare/articles/insulet-launches-omnipod-5-spain-111000911.html,0.5
2026-07-07 11:18:00+00:00,NBIS,Motley Fool,Meta Platforms Just Gave a Massive Warning to CoreWeave and Nebius. Is It Time to Sell These AI Infrastructure Stocks?,https://finance.yahoo.com/technology/ai/articles/meta-platforms-just-gave-massive-111800352.html,-0.8
2026-07-07 11:21:22+00:00,ADBE,Investing.com,‘Cheap but fundamentally challenged’: BofA reinstates Adobe at Underperform,https://finance.yahoo.com/markets/stocks/articles/cheap-fundamentally-challenged-bofa-reinstates-112122502.html,-0.6
2026-07-07 11:25:52+00:00,CSCO,Trefis,Arista Networks Stock: Is AI's Hottest Growth Story Hitting a Supply Ceiling?,https://finance.yahoo.com/markets/stocks/articles/arista-networks-stock-ais-hottest-112552331.html,0.2
2026-07-07 11:31:58+00:00,ADBE,Trefis,CRM Stock Has Bounced From This Price Before. Now What?,https://finance.yahoo.com/markets/stocks/articles/crm-stock-bounced-price-now-113158814.html,0.2
2026-07-07 11:37:35+00:00,CEG,Simply Wall St.,This Week In Energy Transition - India's Path to Net Zero by 2050: A Renewable Revolution,https://finance.yahoo.com/energy/articles/week-energy-transition-indias-path-113735525.html,0.8
2026-07-07 11:43:38+00:00,SBUX,MT Newswires,Restaurant Brands International Price Target Lowered to $85 at RBC,https://finance.yahoo.com/markets/stocks/articles/restaurant-brands-international-price-target-114338672.html,-0.5
2026-07-07 11:45:42+00:00,ADSK,Trefis,"Adobe Stock Is Down, But Its Strategy Is All-In On The Future",https://finance.yahoo.com/markets/stocks/articles/adobe-stock-down-strategy-future-114542704.html,0.5
2026-07-07 11:45:43+00:00,QCOM,Trefis,What A Real Crash Looks Like For Marvell Stock,https://finance.yahoo.com/markets/stocks/articles/real-crash-looks-marvell-stock-114543200.html,-0.5
2026-07-07 11:45:52+00:00,PANW,StockStory,Why Is Rapid7 (RPD) Stock Rocketing Higher Today,https://finance.yahoo.com/markets/stocks/articles/why-rapid7-rpd-stock-rocketing-114552786.html,0.6
2026-07-07 11:59:00+00:00,CEG,ESG Dive,Walmart signs nuclear PPA with Constellation to support Illinois operations,https://finance.yahoo.com/energy/articles/walmart-signs-nuclear-ppa-constellation-115900343.html,0.5
2026-07-07 12:00:00+00:00,NXPI,GlobeNewswire,NXP Semiconductors Announces Conference Call to Review Second Quarter 2026 Financial Results,https://finance.yahoo.com/markets/stocks/articles/nxp-semiconductors-announces-conference-call-120000367.html,0.0
2026-07-07 12:00:18+00:00,SHOP,24/7 Wall St.,"Here Are Tuesday’s Best Wall Street Analyst Research Calls: Adobe, American Airlines, Broadcom, First Solar, Meta Platforms, Shopify, SpaceX, Ventas, Waste Management, and More",https://finance.yahoo.com/markets/stocks/articles/tuesday-best-wall-street-analyst-120018351.html,0.5
2026-07-07 12:03:21+00:00,MRVL,MT Newswires,Equities Mostly Down Pre-Bell Amid Broad Chip Stock Sell-Off,https://finance.yahoo.com/markets/stocks/articles/equities-mostly-down-pre-bell-120321035.html,-0.7
2026-07-07 12:04:28+00:00,AMAT,Trefis,KLA Stock Is Making A Very Loud Promise,https://finance.yahoo.com/markets/stocks/articles/kla-stock-making-very-loud-120428253.html,0.6
2026-07-07 12:04:29+00:00,PYPL,Trefis,Why MELI Beats A Bond At Its Own Game,https://finance.yahoo.com/markets/stocks/articles/why-meli-beats-bond-own-120429438.html,0.6
2026-07-07 12:08:27+00:00,SPCX,reddit.com/r/stocks,"Opendoor and the Open ai hype - So we probably all know what happened to Virgin Galactic(SPCE) around the time Space X(SPCX) was about to go public, it went up more than 200 % mainly because of the hype of the upcoming IPO but also because of re\*ards thinking they were buying Space X. So my theory is that something similar will happen To Opendoor (OPEN) when Open ai will go public around the 26",,0.2
2026-07-07 12:14:28+00:00,SHOP,Simply Wall St.,Does Shopify’s (SHOP) Board Shuffle Reframe the Story Around Cash Strength and Billings Momentum?,https://finance.yahoo.com/markets/stocks/articles/does-shopify-shop-board-shuffle-121428456.html,0.5
2026-07-07 12:15:00+00:00,ADP,PR Newswire,"ADP National Employment Report Preliminary Estimate for June 20, 2026",https://finance.yahoo.com/economy/articles/adp-national-employment-report-preliminary-121500051.html,0.0
2026-07-07 12:15:00+00:00,SBUX,ACCESS Newswire,NX3 Commercial Group Closes $27.5 Million Five-Property NNN Portfolio in Florida 1031 Exchange,https://finance.yahoo.com/real-estate/articles/nx3-commercial-group-closes-27-121500393.html,0.5
2026-07-07 12:15:59+00:00,SNPS,Trefis,The Free Growth Sitting Inside PTC Stock,https://finance.yahoo.com/markets/stocks/articles/free-growth-sitting-inside-ptc-121559998.html,0.2
2026-07-07 12:16:00+00:00,HON,Barrons.com,"Stock Markets Face an AI Reckoning, Samsung’s Stock Slump Isn’t It. 5 Other Things to Know Today.",https://www.barrons.com/articles/stock-market-ai-samsung-things-to-know-today-e729ecd3?siteid=yhoof2&yptr=yahoo,0.1
2026-07-07 12:26:58+00:00,TMUS,Trefis,What The Selloff In CMCSA Ignores About Its Cash,https://finance.yahoo.com/media-advertising/articles/selloff-cmcsa-ignores-cash-122658526.html,0.1
2026-07-07 12:26:58+00:00,MRVL,Trefis,What You Actually Pay To Join The AMD Run,https://finance.yahoo.com/markets/stocks/articles/actually-pay-join-amd-run-122658780.html,0.0
2026-07-07 12:30:10+00:00,TER,24/7 Wall St.,3 AI Infrastructure Stocks to Buy in July,https://finance.yahoo.com/technology/ai/articles/3-ai-infrastructure-stocks-buy-123010364.html,0.5
2026-07-07 12:35:28+00:00,INTU,24/7 Wall St.,The Retirement Portfolio Sweet Spot Explained With Real Examples,https://finance.yahoo.com/markets/stocks/articles/retirement-portfolio-sweet-spot-explained-123528737.html,0.5
2026-07-07 12:36:00+00:00,CSCO,Zacks,Flex Climbs 130% in 6 Months: Is the Stock Still Worth Buying?,https://finance.yahoo.com/markets/stocks/articles/flex-climbs-130-6-months-123600275.html,0.5
2026-07-07 12:41:13+00:00,CRWD,Trefis,What CrowdStrike Stock Was Telling You Before Its AI-Fueled Surge,https://finance.yahoo.com/markets/stocks/articles/crowdstrike-stock-telling-ai-fueled-124113273.html,0.5
2026-07-07 12:44:50+00:00,MRVL,MT Newswires,"Marvell Technology Poised to Sustain 40%+ Growth for Next 3 Years on Strong AI Demand, RBC Says",https://finance.yahoo.com/technology/ai/articles/marvell-technology-poised-sustain-40-124450118.html,0.8
2026-07-07 13:00:00+00:00,CMCSA,Business Wire,"Comcast Reaches Construction Milestone in Greater Phillipsburg Expansion, Bringing Xfinity and Comcast Business Services to More New Jersey Communities",https://finance.yahoo.com/technology/articles/comcast-reaches-construction-milestone-greater-130000666.html,0.6
2026-07-07 13:00:00+00:00,FTNT,GlobeNewswire,WatchGuard Appoints Vincent Hwang as Chief Product Officer to Accelerate Platform Strategy and AI-Driven Innovation,https://finance.yahoo.com/technology/ai/articles/watchguard-appoints-vincent-hwang-chief-130000868.html,0.6
2026-07-07 13:00:00+00:00,BKNG,PR Newswire,Booking Holdings to Webcast Second Quarter 2026 Financial Results on August 4,https://finance.yahoo.com/markets/stocks/articles/booking-holdings-webcast-second-quarter-130000618.html,0.0
2026-07-07 13:00:00+00:00,GILD,GlobeNewswire,Stipple Bio Appoints Biopharma Business Development Leader Roland Gendron as Chief Business Officer,https://finance.yahoo.com/healthcare/articles/stipple-bio-appoints-biopharma-business-130000015.html,0.5
2026-07-07 13:00:00+00:00,MDLZ,GlobeNewswire,From plastic waste to chocolate wrappers: LYB and Mondelez collaborate on Marabou flexible packaging sourced from recycled plastic,https://finance.yahoo.com/technology/articles/plastic-waste-chocolate-wrappers-lyb-130000958.html,0.6
2026-07-07 13:00:03+00:00,PYPL,Zacks,"Investors Heavily Search PayPal Holdings, Inc. (PYPL): Here is What You Need to Know",https://finance.yahoo.com/markets/stocks/articles/investors-heavily-search-paypal-holdings-130003891.html,0.5
2026-07-07 13:00:05+00:00,CSCO,Zacks,"Cisco Systems, Inc. (CSCO) is Attracting Investor Attention: Here is What You Should Know",https://finance.yahoo.com/markets/stocks/articles/cisco-systems-inc-csco-attracting-130005764.html,0.5
2026-07-07 13:00:07+00:00,COST,Zacks,Costco Wholesale Corporation (COST) Is a Trending Stock: Facts to Know Before Betting on It,https://finance.yahoo.com/markets/stocks/articles/costco-wholesale-corporation-cost-trending-130007747.html,0.5
2026-07-07 13:00:07+00:00,CEG,Zacks,Investors Heavily Search Constellation Energy Corporation (CEG): Here is What You Need to Know,https://finance.yahoo.com/markets/stocks/articles/investors-heavily-search-constellation-energy-130007384.html,0.5
2026-07-07 13:03:00+00:00,ADI,PR Newswire,Analog Devices Completes Acquisition of Empower Semiconductor,https://finance.yahoo.com/technology/ai/articles/analog-devices-completes-acquisition-empower-130300254.html,0.5
2026-07-07 13:04:02+00:00,AXON,Yahoo Finance,How the billionaire Taser founder knew he had struck business gold,https://finance.yahoo.com/markets/article/how-the-billionaire-taser-founder-knew-he-had-struck-business-gold-130402993.html,0.5
2026-07-07 13:05:16+00:00,SHOP,Investing.com,Shopify shares climb as BofA lifts rating to Buy on agentic commerce shift,https://finance.yahoo.com/technology/ai/articles/shopify-shares-climb-bofa-lifts-130516282.html,0.8
2026-07-07 13:11:18+00:00,PEP,Investopedia,Here’s How Much PepsiCo Stock Is Expected to Move After Earnings,https://finance.yahoo.com/markets/stocks/articles/much-pepsico-stock-expected-move-131118274.html,0.2
2026-07-07 13:12:32+00:00,ADBE,InvestorsHub,BofA resumes Adobe coverage with Underperform rating despite low valuation (ADBE),https://finance.yahoo.com/markets/stocks/articles/bofa-resumes-adobe-coverage-underperform-131232353.html,-0.5
2026-07-07 13:13:18+00:00,TMUS,Simply Wall St.,T Mobile US (TMUS) Could Be 30% Below Fair Value Following Dish Bankruptcy,https://finance.yahoo.com/markets/stocks/articles/t-mobile-us-tmus-could-131318154.html,-0.5
2026-07-07 13:13:25+00:00,SHOP,Simply Wall St.,Shopify (SHOP) Could Be 52% Undervalued After Audit Chair Exit,https://finance.yahoo.com/markets/stocks/articles/shopify-shop-could-52-undervalued-131325961.html,0.5
2026-07-07 13:13:56+00:00,CSCO,Simply Wall St.,"Cisco Systems (CSCO) Raised Guidance, Is The Stock Fully Valued?",https://finance.yahoo.com/markets/stocks/articles/cisco-systems-csco-raised-guidance-131356530.html,0.2
2026-07-07 13:14:45+00:00,MRVL,Simply Wall St.,Is Marvell Technology (MRVL) Fully Valued Following Its Russell Value Index Removal?,https://finance.yahoo.com/markets/stocks/articles/marvell-technology-mrvl-fully-valued-131445154.html,-0.5
2026-07-07 13:22:28+00:00,ISRG,Trefis,How To Target A 10% Yield While Catching The BSX Stock Knife?,https://finance.yahoo.com/markets/options/articles/target-10-yield-while-catching-132228641.html,-0.5
2026-07-07 13:30:00+00:00,MRVL,PR Newswire,The Nuclear Company Appoints Technology Public Company Veteran Brad Buss as Independent Director,https://finance.yahoo.com/technology/articles/nuclear-company-appoints-technology-public-133000948.html,0.5
2026-07-07 13:30:00+00:00,COST,MarketBeat,3 Stocks With Solid Yields and Sustainabale Payouts Boost Dividends Once Again,https://finance.yahoo.com/markets/stocks/articles/3-stocks-solid-yields-sustainabale-133000163.html,0.8
2026-07-07 13:30:00+00:00,KHC,MarketBeat,"Big Beautiful Boycott: Can It Really Hurt Coca-Cola, Amazon, and Kraft Heinz Stocks?",https://finance.yahoo.com/markets/stocks/articles/big-beautiful-boycott-really-hurt-133000502.html,0.2
2026-07-07 13:30:03+00:00,PANW,Zacks,Brokers Suggest Investing in Palo Alto (PANW): Read This Before Placing a Bet,https://finance.yahoo.com/markets/stocks/articles/brokers-suggest-investing-palo-alto-133003118.html,0.5
2026-07-07 13:30:06+00:00,ASML,Zacks,Wall Street Analysts Think ASML (ASML) Is a Good Investment: Is It?,https://finance.yahoo.com/markets/stocks/articles/wall-street-analysts-think-asml-133006673.html,0.5
2026-07-07 13:30:06+00:00,COST,Zacks,Is Costco (COST) a Buy as Wall Street Analysts Look Optimistic?,https://finance.yahoo.com/markets/stocks/articles/costco-cost-buy-wall-street-133006642.html,0.6
2026-07-07 13:33:00+00:00,TMUS,TheStreet,T-Mobile shuts down a 35-year-old wireless service,https://finance.yahoo.com/technology/articles/t-mobile-customers-soon-lose-133300169.html,-0.5
2026-07-07 13:35:28+00:00,CRWD,Trefis,Is CrowdStrike’s 55% Surge Just The Beginning For This AI Defense Stock?,https://finance.yahoo.com/markets/stocks/articles/crowdstrike-55-surge-just-beginning-133528543.html,0.5
2026-07-07 13:36:36+00:00,SHOP,The Fly,"SpaceX initiated, Cloudflare upgraded: Wall Street's top analyst calls",https://finance.yahoo.com/news/cloudflare-upgraded-solaredge-downgraded-wall-134728028.html,0.5
2026-07-07 13:40:01+00:00,AEP,Motley Fool,Bloom Energy vs. Eos Energy Enterprises: Which Power Stock Is a Better Buy in 2026?,https://finance.yahoo.com/energy/articles/bloom-energy-vs-eos-energy-134001922.html,0.1
2026-07-07 13:40:04+00:00,AXON,Zacks,Is Axon Enterprise (AXON) Stock Outpacing Its Aerospace Peers This Year?,https://finance.yahoo.com/markets/stocks/articles/axon-enterprise-axon-stock-outpacing-134004004.html,0.2
2026-07-07 13:41:46+00:00,STX,24/7 Wall St.,"Micron, SanDisk, and Western Digital Sink 7% as Samsung Earnings Spark a Memory Selloff",https://finance.yahoo.com/markets/stocks/articles/micron-sandisk-western-digital-sink-134146131.html,-0.8
2026-07-07 13:45:52+00:00,SBUX,StockStory,3 Reasons to Sell SBUX and 1 Stock to Buy Instead,https://finance.yahoo.com/markets/stocks/articles/3-reasons-sell-sbux-1-134552198.html,-0.5
2026-07-07 13:46:23+00:00,CRWV,Blockspace,Rosenblatt says HPC selloff creates buying opportunity in Galaxy Digital and Cipher Digital,https://finance.yahoo.com/markets/stocks/articles/rosenblatt-says-hpc-selloff-creates-134623496.html,0.5
2026-07-07 13:52:00+00:00,AMAT,Zacks,ASE Technology Surges 169% YTD: Should You Still Buy the Stock?,https://finance.yahoo.com/markets/stocks/articles/ase-technology-surges-169-ytd-135200257.html,0.5
2026-07-07 14:00:00+00:00,NBIS,PR Newswire,Saturn Cloud Launches on Nebius Marketplace for Self-Service Deployment,https://finance.yahoo.com/technology/ai/articles/saturn-cloud-launches-nebius-marketplace-140000840.html,0.5
2026-07-07 14:00:00+00:00,CSCO,Business Wire,World Wide Technology Awarded U.S. Army GEMSS 2.1 Agreement to Advance Enterprise IT Modernization,https://finance.yahoo.com/technology/articles/world-wide-technology-awarded-u-140000102.html,0.5
2026-07-07 14:00:00+00:00,GILD,GlobeNewswire,"BBG Advanced Therapies Launches Mobile Leukapheresis Center, in Collaboration with Kite to Bring CAR T-cell Therapies Closer to Patients",https://finance.yahoo.com/healthcare/articles/bbg-advanced-therapies-launches-mobile-140000965.html,0.8
2026-07-07 14:00:00+00:00,AMAT,Zacks,Best Momentum Stock to Buy for July 7th,https://finance.yahoo.com/markets/stocks/articles/best-momentum-stock-buy-july-140000760.html,0.6
2026-07-07 14:00:04+00:00,FAST,Zacks,Fastenal (FAST) Reports Next Week: Wall Street Expects Earnings Growth,https://finance.yahoo.com/markets/stocks/articles/fastenal-fast-reports-next-week-140004817.html,0.5
2026-07-07 14:03:00+00:00,MELI,Zacks,Can MercadoLibre's AI Strategy Become Its Next Growth Engine?,https://finance.yahoo.com/technology/ai/articles/mercadolibres-ai-strategy-become-next-140300087.html,0.5
2026-07-07 14:05:00+00:00,ADI,Zacks,Is Vicor Stock Still a Buy After a 160% Surge Year to Date?,https://finance.yahoo.com/markets/stocks/articles/vicor-stock-still-buy-160-140500396.html,0.2
2026-07-07 14:07:00+00:00,PYPL,Zacks,Top Mobile Payments Stocks to Buy as Cashless Commerce Accelerates,https://finance.yahoo.com/markets/stocks/articles/top-mobile-payments-stocks-buy-140700937.html,0.8
2026-07-07 14:07:55+00:00,CRWV,Blockspace,"Galaxy completes first 133 MW Helios delivery to CoreWeave, begins generating revenue",https://finance.yahoo.com/technology/ai/articles/galaxy-completes-first-133-mw-140755133.html,0.8
2026-07-07 14:10:49+00:00,SPCX,reddit.com/r/stocks,"SPCX finally joined the Nasdaq-100. The first reaction was to sell it - Everyone knew today was supposed to be a big day for SPCX. Nasdaq-100 inclusion. Passive buying. New analyst coverage. It opened around $159, pushed above $161 for a minute, and then dropped to around $154. Honestly, that’s more interesting to me than if it had just ripped. For weeks, everyone knew this day was coming. People talked about the index buying, the",,0.2
2026-07-07 14:15:35+00:00,SNPS,Insider Monkey,Here is Why Synopsys Inc. (SNPS) is Amongst the Top 10 AI Stocks That Will Skyrocket,https://finance.yahoo.com/technology/ai/articles/why-synopsys-inc-snps-amongst-141535520.html,0.8
2026-07-07 14:16:48+00:00,QCOM,Barchart,QUALCOMM’s Q3 2026 Earnings: What to Expect,https://finance.yahoo.com/markets/stocks/articles/qualcomm-q3-2026-earnings-expect-141648512.html,0.0
2026-07-07 14:19:00+00:00,TXN,Zacks,AI Powering Semiconductor Sales: 4 Stocks to Boost Your Portfolio,https://finance.yahoo.com/technology/articles/ai-powering-semiconductor-sales-4-141900608.html,0.6
2026-07-07 14:22:00+00:00,MDLZ,Zacks,Can Mondelez's Innovation Pipeline Reignite Volume Growth?,https://finance.yahoo.com/markets/stocks/articles/mondelezs-innovation-pipeline-reignite-volume-142200375.html,0.5
2026-07-07 14:23:00+00:00,KLAC,Zacks,AMAT Stock Rises 284% From Its 52-Week Low: Should You Buy Now?,https://finance.yahoo.com/markets/stocks/articles/amat-stock-rises-284-52-142300493.html,0.5
2026-07-07 14:24:21+00:00,CRWV,Motley Fool,What's Wrong With CoreWeave Stock?,https://finance.yahoo.com/markets/stocks/articles/whats-wrong-coreweave-stock-142421140.html,-0.5
2026-07-07 14:26:00+00:00,ADBE,Zacks,Salesforce Down 6% in Three Months: Should Investors Retain the Stock?,https://finance.yahoo.com/markets/stocks/articles/salesforce-down-6-three-months-142600404.html,-0.5
2026-07-07 14:27:59+00:00,AMAT,24/7 Wall St.,"Intel and Applied Materials Dive 10%, AMD Craters 8% as Samsung Earnings Trigger Chip Selloff",https://finance.yahoo.com/markets/stocks/articles/intel-applied-materials-dive-10-142759197.html,-0.8
2026-07-07 14:29:00+00:00,LITE,Zacks,LITE Expands Co-Packaged Optics: Can It Become the Next Growth Driver?,https://finance.yahoo.com/technology/articles/lite-expands-co-packaged-optics-142900944.html,0.5
2026-07-07 14:33:54+00:00,TXN,Trefis,Texas Instruments Stock: Powering AI Beyond The GPU,https://finance.yahoo.com/technology/ai/articles/texas-instruments-stock-powering-ai-143354335.html,0.5
2026-07-07 14:34:00+00:00,RKLB,Zacks,Rocket Lab Stock Rallies 34.8% in 3 Months: Hold Tight or Book Profits?,https://finance.yahoo.com/markets/stocks/articles/rocket-lab-stock-rallies-34-143400205.html,0.5
2026-07-07 14:35:00+00:00,PYPL,Zacks,PayPal's BNPL Push: Will It Drive Higher Checkout Basket Sizes?,https://finance.yahoo.com/markets/stocks/articles/paypals-bnpl-push-drive-higher-143500643.html,0.5
2026-07-07 14:41:10+00:00,FAST,reddit.com/r/stocks,"Europe can't own its robots, Tesla can't build them, and China just open-sourced the eyes: the supply chain triangle nobody can price - ABB agreed last October to sell its robotics division to SoftBank for roughly $5.4 billion, closing expected later this year and still pending. That follows KUKA, bought by China's Midea in 2017 and fully delisted in 2022. You cannot buy KUKA stock anymore. You can only buy Midea. In the US, Tesla's",,0.1
2026-07-07 14:41:52+00:00,DASH,StockStory,3 Big Reasons to Love DoorDash (DASH),https://finance.yahoo.com/markets/stocks/articles/3-big-reasons-love-doordash-144152427.html,0.8
2026-07-07 14:44:00+00:00,LITE,Zacks,Lumentum Stock Skyrockets 700% in a Year: Is It Still a Buy?,https://finance.yahoo.com/markets/stocks/articles/lumentum-stock-skyrockets-700-still-144400354.html,0.5
2026-07-07 14:45:32+00:00,RKLB,24/7 Wall St.,"ULTY Distributes Real Cash From Real Sales, But Expect Volatile Paychecks",https://finance.yahoo.com/markets/options/articles/ulty-distributes-real-cash-real-144532540.html,-0.5
2026-07-07 14:50:00+00:00,COST,MarketBeat,"Top 135 Best Locally Owned BBQ Supply Stores in the U.S., According to Survey [2026]",https://finance.yahoo.com/small-business/articles/top-135-best-locally-owned-145000533.html,0.5
2026-07-07 15:06:25+00:00,ADBE,MT Newswires,"Adobe's Growth, Long-Term Pricing Power at Risk From Generative AI, BofA Says",https://finance.yahoo.com/technology/ai/articles/adobe-apos-growth-long-term-150625542.html,-0.5
2026-07-07 15:12:13+00:00,MRVL,24/7 Wall St.,U.S. Stocks Rallied Over 15% In Q2 2026 — These 3 AI Stocks Still Have A Long Way to Run,https://finance.yahoo.com/markets/stocks/articles/u-stocks-rallied-over-15-151213816.html,0.8
2026-07-07 15:16:47+00:00,SBUX,Simply Wall St.,Starbucks (SBUX) Could Be 4% Undervalued As Dividend News Keeps Valuation In Focus,https://finance.yahoo.com/markets/stocks/articles/starbucks-sbux-could-4-undervalued-151647863.html,0.5
2026-07-07 15:18:51+00:00,ALAB,Motley Fool,Astera Labs Chairman Manuel Alba Sells $60.5 Million Stock. It it Time to Sell ALAB Shares Too?,https://finance.yahoo.com/markets/stocks/articles/astera-labs-chairman-manuel-alba-151851732.html,-0.5
2026-07-07 15:19:07+00:00,QCOM,Barchart,"Facing Potential Smartphone Weakness and Tough Competition, Qualcomm Stock’s Outlook Is Not Particularly Strong",https://finance.yahoo.com/markets/stocks/articles/facing-potential-smartphone-weakness-tough-151907322.html,-0.6
2026-07-07 15:23:06+00:00,TMUS,MT Newswires,"Wireless Better Positioned Than Cable as Starlink Expands, Morgan Stanley Says",https://finance.yahoo.com/technology/articles/wireless-better-positioned-cable-starlink-152306585.html,0.6
2026-07-07 15:25:32+00:00,ABNB,Yahoo Finance Video,US Chief Design Officer Joe Gebbia breaks down the website creation for Trump Accounts,https://finance.yahoo.com/video/us-chief-design-officer-joe-gebbia-breaks-down-the-website-creation-for-trump-accounts-152532047.html,0.1
2026-07-07 15:26:00+00:00,ADI,Zacks,MPWR Rises 40.4% in Six Months: Should You Bet on the Stock?,https://finance.yahoo.com/markets/stocks/articles/mpwr-rises-40-4-six-152600528.html,0.6
2026-07-07 15:29:18+00:00,COST,24/7 Wall St.,Costco’s $250 Billion Expansion Strategy Keeps Delivering Results,https://finance.yahoo.com/markets/stocks/articles/costco-250-billion-expansion-strategy-152918894.html,0.8
2026-07-07 15:30:12+00:00,ABNB,Yahoo Finance,The government wants its websites to be as shiny as Silicon Valley's. An Airbnb founder is helping.,https://finance.yahoo.com/economy/article/the-government-wants-its-websites-to-be-as-shiny-as-silicon-valleys-an-airbnb-founder-is-helping-153012092.html,0.5
2026-07-07 15:31:39+00:00,CRWV,24/7 Wall St.,Nvidia Bears are Blind: 3 Reasons to Ignore Them and Buy Now,https://finance.yahoo.com/markets/stocks/articles/nvidia-bears-blind-3-reasons-153139983.html,0.6
2026-07-07 15:32:00+00:00,MCHP,Zacks,Can MPWR's Advanced Consumer Electronics Portfolio Boost Profits?,https://finance.yahoo.com/technology/articles/mpwrs-advanced-consumer-electronics-portfolio-153200957.html,0.5
2026-07-07 15:35:00+00:00,HON,Motley Fool,There Are Now 4 Honeywell Stocks After This Latest Spin-Off. Which Is the Better Buy Today?,https://finance.yahoo.com/markets/stocks/articles/now-4-honeywell-stocks-latest-153500011.html,0.2
2026-07-07 15:36:11+00:00,PYPL,24/7 Wall St.,Mastercard Vs. Paypal: The Argument Over Which Undervalued Fintech To Buy Has a Clear Cut Answer,https://finance.yahoo.com/markets/stocks/articles/mastercard-vs-paypal-argument-over-153611994.html,0.5
2026-07-07 15:40:04+00:00,IDXX,Zacks,ALC vs. IDXX: Which Stock Is the Better Value Option?,https://finance.yahoo.com/markets/stocks/articles/alc-vs-idxx-stock-better-154004115.html,0.2
2026-07-07 15:40:04+00:00,ADSK,Zacks,NICE vs. ADSK: Which Stock Should Value Investors Buy Now?,https://finance.yahoo.com/markets/stocks/articles/nice-vs-adsk-stock-value-154004976.html,0.5
2026-07-07 15:45:49+00:00,AMAT,Yahoo Finance,"Micron, Samsung, SK Hynix just dragged memory stocks into a bear market",https://finance.yahoo.com/markets/article/micron-samsung-sk-hynix-just-dragged-memory-stocks-into-a-bear-market-154549356.html,-0.8
2026-07-07 15:49:46+00:00,NBIS,Motley Fool,New Position: TTRF Capital Loads Up on AI Infrastructure Company Nebius Stock,https://finance.yahoo.com/technology/ai/articles/position-ttrf-capital-loads-ai-154946377.html,0.6
2026-07-07 15:50:00+00:00,CRWV,MarketBeat,AI Insider Activity: Are Sales Across 3 Key Stocks Noteworthy or Just Noise?,https://finance.yahoo.com/markets/stocks/articles/ai-insider-activity-sales-across-155000097.html,0.2
2026-07-07 15:50:13+00:00,LRCX,Benzinga,July Is the S&P 500's Best Month: These 5 Tech Stocks Beat the Market,https://finance.yahoo.com/markets/stocks/articles/july-p-500s-best-month-155013209.html,0.5
2026-07-07 15:51:23+00:00,ADBE,Barchart,How Adobe Stock Could Benefit From AI Disruption,https://finance.yahoo.com/technology/ai/articles/adobe-stock-could-benefit-ai-155123750.html,0.5
2026-07-07 15:54:15+00:00,ALAB,24/7 Wall St.,Samsung Wipes Out AI Stocks. Is This the Buying Opportunity You Were Waiting For?,https://finance.yahoo.com/markets/stocks/articles/samsung-wipes-ai-stocks-buying-155415941.html,0.5
2026-07-07 16:00:00+00:00,PANW,ACCESS Newswire,Fighting AI with AI: Palo Alto Networks and Tenzai Collaborate to Defeat Autonomous Threats,https://finance.yahoo.com/technology/ai/articles/fighting-ai-ai-palo-alto-160000958.html,0.6
2026-07-07 16:00:04+00:00,DDOG,Zacks,Datadog (DDOG) is a Great Momentum Stock: Should You Buy?,https://finance.yahoo.com/markets/stocks/articles/datadog-ddog-great-momentum-stock-160004562.html,0.8
2026-07-07 16:00:16+00:00,RKLB,24/7 Wall St.,"SpaceX Falls 6% Despite Wave of Bullish Analyst Initiations, Rocket Lab Dives 10%, AST SpaceMobile Drops 6%, Virgin Galactic Declines 5%",https://finance.yahoo.com/markets/stocks/articles/spacex-falls-6-despite-wave-160016598.html,-0.6
2026-07-07 16:03:00+00:00,COST,TheStreet,115 years old but driving huge returns in a most modern way,https://finance.yahoo.com/markets/stocks/articles/115-years-old-driving-huge-160300437.html,0.6
2026-07-07 16:05:01+00:00,NBIS,Motley Fool,"New Position: TTRF Capital Initiates IREN Stake With 66,800 Shares",https://finance.yahoo.com/markets/stocks/articles/position-ttrf-capital-initiates-iren-160501444.html,0.5
2026-07-07 16:10:04+00:00,MDLZ,Zacks,Will Mondelez (MDLZ) Beat Estimates Again in Its Next Earnings Report?,https://finance.yahoo.com/markets/stocks/articles/mondelez-mdlz-beat-estimates-again-161004139.html,0.5
2026-07-07 16:10:04+00:00,STX,Zacks,Will Seagate (STX) Beat Estimates Again in Its Next Earnings Report?,https://finance.yahoo.com/markets/stocks/articles/seagate-stx-beat-estimates-again-161004166.html,0.2
2026-07-07 16:10:05+00:00,REGN,Zacks,Will Regeneron (REGN) Beat Estimates Again in Its Next Earnings Report?,https://finance.yahoo.com/markets/stocks/articles/regeneron-regn-beat-estimates-again-161005124.html,0.2
2026-07-07 16:15:28+00:00,CRWD,Simply Wall St.,CrowdStrike (CRWD) Sees 5x AIDR Demand As Identity Push Broadens Its Platform,https://finance.yahoo.com/markets/stocks/articles/crowdstrike-crwd-sees-5x-aidr-161528332.html,0.6
2026-07-07 16:21:00+00:00,ISRG,Zacks,How Big Is the Appendectomy Opportunity for ISRG's Robotic Expansion?,https://finance.yahoo.com/healthcare/articles/big-appendectomy-opportunity-isrgs-robotic-162100510.html,0.2
2026-07-07 16:26:44+00:00,META,reddit.com/r/stocks,"When is META going to be done with these lawsuits? - [https://www.reuters.com/business/meta-says-us-states-are-seeking-14-trillion-penalties-august-youth-safety-trial-2026-07-07/](https://www.reuters.com/business/meta-says-us-states-are-seeking-14-trillion-penalties-august-youth-safety-trial-2026-07-07/) So many lawsuits, so many states/plantiffs trying to get on board with these claims... when are we going to see this being resolved good or bad? This is the single biggest headwind capping Meta's stock price. They can generate over 30% growth next quarter and sell compute up the wazzu and investors wouldn't care, they want some clarity whether Meta will be able",,-0.6
2026-07-07 16:27:00+00:00,COST,Motley Fool,"If You'd Invested $10,000 in Costco 10 Years Ago, Here's How Much You'd Have Today",https://finance.yahoo.com/markets/stocks/articles/youd-invested-10-000-costco-162700888.html,0.5
2026-07-07 16:29:17+00:00,CRWV,24/7 Wall St.,"Meta Vs. Coreweave: Despite 2032 Partnership, ‘Meta Compute’ Remains a Massive Threat to Coreweave",https://finance.yahoo.com/markets/stocks/articles/meta-vs-coreweave-despite-2032-162917065.html,-0.5
2026-07-07 16:30:17+00:00,AMGN,24/7 Wall St.,Jim Cramer Calls Biotech “The Hottest Group in the Market” as He Predicts “Deals Are Going to Be Flooding the Market”,https://finance.yahoo.com/healthcare/articles/jim-cramer-calls-biotech-hottest-163017809.html,0.8
2026-07-07 16:32:03+00:00,ASML,Investing.com,Wall Street tech analyst explains why investors should look past Samsung selloff,https://finance.yahoo.com/markets/stocks/articles/wall-street-tech-analyst-explains-163203461.html,0.5
2026-07-07 16:43:28+00:00,AMAT,GuruFocus.com,Michael Burry Turns Bearish on Micron Technology Stock,https://finance.yahoo.com/markets/stocks/articles/michael-burry-turns-bearish-micron-164328282.html,-0.7
2026-07-07 16:56:00+00:00,TMUS,Zacks,"Verizon Stock Underperforms Industry in a Year: Buy, Sell or Hold?",https://finance.yahoo.com/markets/stocks/articles/verizon-stock-underperforms-industry-buy-165600713.html,-0.5
2026-07-07 16:57:52+00:00,ORLY,StockStory,Auto Parts Retailer Stocks Q1 Results: Benchmarking O'Reilly (NASDAQ:ORLY),https://finance.yahoo.com/markets/stocks/articles/auto-parts-retailer-stocks-q1-165752685.html,0.1
2026-07-07 17:02:00+00:00,TER,Zacks,Can AI Infrastructure Demand Keep Driving FormFactor Stock Higher?,https://finance.yahoo.com/technology/articles/ai-infrastructure-demand-keep-driving-170200580.html,0.2
2026-07-07 17:02:21+00:00,NBIS,24/7 Wall St.,Meta Platforms vs. Nebius: Which Is the Better Neocloud Stock?,https://finance.yahoo.com/markets/stocks/articles/meta-platforms-vs-nebius-better-170221549.html,0.2
2026-07-07 17:05:00+00:00,MELI,Motley Fool,What's Happening to MercadoLibre Stock? Here's Why Investors Are Getting More Cautious.,https://finance.yahoo.com/markets/stocks/articles/whats-happening-mercadolibre-stock-heres-170500153.html,-0.5
2026-07-07 17:08:00+00:00,MCHP,Zacks,Microchip Gains From Rising Mixed-Signal MCU Demand: What's Ahead?,https://finance.yahoo.com/technology/articles/microchip-gains-rising-mixed-signal-170800342.html,0.5
2026-07-07 17:10:29+00:00,CRWV,24/7 Wall St.,Price Prediction: CoreWeave Stock Eyes 100% Upside as Data Center Demand Surges,https://finance.yahoo.com/markets/stocks/articles/price-prediction-coreweave-stock-eyes-171029469.html,0.8
2026-07-07 17:15:23+00:00,CRWD,Simply Wall St.,Is CrowdStrike Holdings (CRWD) Expensive As Its Stock Split Puts Valuation Back In Focus?,https://finance.yahoo.com/markets/stocks/articles/crowdstrike-holdings-crwd-expensive-stock-171523264.html,0.1
2026-07-07 17:15:29+00:00,STX,Simply Wall St.,Seagate (STX) Stock Trades At A Premium As Its 14x Run Tests Fair Value,https://finance.yahoo.com/markets/stocks/articles/seagate-stx-stock-trades-premium-171529323.html,0.2
2026-07-07 17:16:16+00:00,PANW,Simply Wall St.,Palo Alto Networks (PANW) Teams With IBM And Red Hat As Fair Value Debate Heats Up,https://finance.yahoo.com/markets/stocks/articles/palo-alto-networks-panw-teams-171616036.html,0.5
2026-07-07 17:17:13+00:00,QCOM,24/7 Wall St.,"Up 14.81% in a Year, COWZ Proves You Don’t Need Apple",https://finance.yahoo.com/markets/stocks/articles/14-81-cowz-proves-don-171713630.html,0.6
2026-07-07 17:18:00+00:00,ADBE,Zacks,Best Cheap Stocks Under $10 to Buy Now in July,https://finance.yahoo.com/markets/stocks/articles/best-cheap-stocks-under-10-171800706.html,0.5
2026-07-07 17:30:20+00:00,QCOM,24/7 Wall St.,This Semiconductor ETF Is Up 58% This Year and Doesn’t Own TSMC,https://finance.yahoo.com/markets/stocks/articles/semiconductor-etf-58-doesn-t-173020398.html,0.6
2026-07-07 17:34:00+00:00,PAYX,Zacks,Here's Why You Should Retain Paychex Stock in Your Portfolio,https://finance.yahoo.com/markets/stocks/articles/heres-why-retain-paychex-stock-173400386.html,0.5
2026-07-07 17:35:00+00:00,ASML,MarketBeat,"The AI Chip Sell-Off Looks Scary, But the Real Story May Be Liquidity",https://finance.yahoo.com/technology/ai/articles/ai-chip-sell-off-looks-173500296.html,0.1
2026-07-07 17:37:54+00:00,TMUS,Insider Monkey,How T-Mobile US’ (TMUS) Legacy Plan Migration Balances Revenue Growth Against Customer Churn Risk,https://finance.yahoo.com/markets/stocks/articles/t-mobile-us-tmus-legacy-173754402.html,0.2
2026-07-07 17:39:00+00:00,APP,Zacks,Is AppLovin's 19% Year-to-Date Pullback a Buying Opportunity?,https://finance.yahoo.com/markets/stocks/articles/applovins-19-date-pullback-buying-173900762.html,0.5
2026-07-07 17:39:15+00:00,CRWV,24/7 Wall St.,"Cloudflare Is Up 9% Today: Is It Outperforming Other AI Cloud Stocks Like Oracle, CoreWeave, and Snowflake?",https://finance.yahoo.com/markets/stocks/articles/cloudflare-9-today-outperforming-other-173915526.html,0.5
2026-07-07 17:40:31+00:00,SNPS,MT Newswires,Sector Update: Tech Stocks Fall Tuesday Afternoon,https://finance.yahoo.com/markets/stocks/articles/sector-tech-stocks-fall-tuesday-174031642.html,-0.5
2026-07-07 17:41:58+00:00,QCOM,24/7 Wall St.,Chief Market Strategist Says Japan and South Korea Could Be Flashing Early Warning Signs for Investors,https://finance.yahoo.com/markets/currencies/articles/chief-market-strategist-says-japan-174158222.html,0.2
2026-07-07 17:44:03+00:00,RKLB,Motley Fool,Rocket Lab Announces a Big Acquisition That Could Be Problematic for SpaceX,https://finance.yahoo.com/markets/stocks/articles/rocket-lab-announces-big-acquisition-174403658.html,-0.6
2026-07-07 17:57:51+00:00,DASH,GuruFocus.com,Tesla's Self-Driving Story Faces New Test,https://finance.yahoo.com/technology/ai/articles/teslas-self-driving-story-faces-175751540.html,0.1
2026-07-07 17:58:00+00:00,CSCO,Zacks,SailPoint Stock Outlook Hinges on AI Identity and SaaS Growth,https://finance.yahoo.com/technology/ai/articles/sailpoint-stock-outlook-hinges-ai-175800832.html,0.5
2026-07-07 18:00:00+00:00,CRWV,Bloomberg,"Meta Debuts New AI Image-Generation Model Inside Chatbot, Instagram",https://finance.yahoo.com/technology/ai/articles/meta-debuts-ai-image-generation-180000242.html,0.5
2026-07-07 18:00:07+00:00,SNPS,24/7 Wall St.,Synopsys Could Still Be One of the Smartest AI Stocks to Buy in 2026,https://finance.yahoo.com/technology/ai/articles/synopsys-could-still-one-smartest-180007125.html,0.8
2026-07-07 18:10:00+00:00,PANW,Zacks,Is SailPoint Stock a Buy Now or a Hold Amid Mixed Signals?,https://finance.yahoo.com/markets/stocks/articles/sailpoint-stock-buy-now-hold-181000717.html,0.1
2026-07-07 18:12:00+00:00,RKLB,Barrons.com,6 Space Stocks to Buy Now,https://www.barrons.com/articles/space-stocks-buy-now-rocket-lab-kratos-2d4cffb3?siteid=yhoof2&yptr=yahoo,0.0
2026-07-07 18:20:40+00:00,AMGN,Simply Wall St.,Amgen (AMGN) Recalls Sensipar And Corlanor In Broad US Quality Sweep,https://finance.yahoo.com/healthcare/articles/amgen-amgn-recalls-sensipar-corlanor-182040349.html,-0.5
2026-07-07 18:21:43+00:00,CMCSA,Simply Wall St.,Comcast (CMCSA) Expands Phillipsburg Network On Questions Over Whether The Stock Is A Bargain,https://finance.yahoo.com/markets/stocks/articles/comcast-cmcsa-expands-phillipsburg-network-182143330.html,0.2
2026-07-07 18:23:13+00:00,LRCX,Simply Wall St.,Lam Research (LRCX) Joins Russell Top 50 On An AI Narrative That Looks Fully Valued,https://finance.yahoo.com/markets/stocks/articles/lam-research-lrcx-joins-russell-182313837.html,0.2
2026-07-07 18:23:43+00:00,MAR,Simply Wall St.,"Coca Cola (KO) Faces Walmart Price Cuts, Is It Still Overvalued?",https://finance.yahoo.com/markets/stocks/articles/coca-cola-ko-faces-walmart-182343483.html,-0.5
2026-07-07 18:25:06+00:00,RKLB,Motley Fool,Why Rocket Lab Stock Is Plummeting Today,https://finance.yahoo.com/markets/stocks/articles/why-rocket-lab-stock-plummeting-182506636.html,-0.8
2026-07-07 18:32:33+00:00,WDC,MT Newswires,Update: Chip Stocks Weigh on Equities Intraday; Oil Rises on Hormuz Tensions,https://finance.yahoo.com/markets/articles/chip-stocks-weigh-equities-intraday-183233629.html,0.1
2026-07-07 18:35:00+00:00,ISRG,Motley Fool,U.S. Healthcare Spending Just Hit $5.7 Trillion and Continues to Grow: 2 Stocks to Buy to Profit From the Trend,https://finance.yahoo.com/healthcare/articles/u-healthcare-spending-just-hit-183500126.html,0.5
2026-07-07 18:36:01+00:00,AXON,GuruFocus.com,Needham Bets Axon's Premium Is Sustainable at $750,https://finance.yahoo.com/markets/stocks/articles/needham-bets-axons-premium-sustainable-183601468.html,0.5
2026-07-07 18:44:00+00:00,CSCO,Zacks,SailPoint and the Rise of AI Agents in Identity Security: What's Ahead?,https://finance.yahoo.com/technology/ai/articles/sailpoint-rise-ai-agents-identity-184400183.html,0.5
2026-07-07 18:45:15+00:00,MELI,24/7 Wall St.,Wall Street Missed the Plot on MELI: Why This Massive 49% Top-Line Surge Is My E-Commerce No-Brainer,https://finance.yahoo.com/markets/stocks/articles/wall-street-missed-plot-meli-184515220.html,0.8
2026-07-07 18:50:49+00:00,WDC,GuruFocus.com,AI Chip Stocks Fall Despite Samsung Blowout,https://finance.yahoo.com/technology/ai/articles/ai-chip-stocks-fall-despite-185049895.html,-0.5
2026-07-07 18:51:58+00:00,VRTX,GuruFocus.com,Vertex Pays $10 Billion to Enter Rare Endocrine Disease,https://finance.yahoo.com/healthcare/articles/vertex-pays-10-billion-enter-185158057.html,0.2
2026-07-07 18:56:00+00:00,ADBE,Barrons.com,"Why Figma Is a Better AI Bet Than Adobe, According to BofA",https://www.barrons.com/articles/figma-stock-price-adobe-analyst-rating-0c1168a3?siteid=yhoof2&yptr=yahoo,0.5
2026-07-07 18:57:00+00:00,COST,Barrons.com,"Walmart Cuts Food Prices, but Shoppers Are Fed Up",https://www.barrons.com/articles/iwalmart-stock-food-prices-1f58357f?siteid=yhoof2&yptr=yahoo,-0.6
2026-07-07 18:57:19+00:00,TER,Barrons.com,SpaceX Drags on First Day in Nasdaq 100,https://www.barrons.com/livecoverage/stock-market-news-today-070726/card/spacex-drags-on-first-day-in-nasdaq-100-75gssZ2WSdGBHKv5UcNl?siteid=yhoof2&yptr=yahoo,-0.5
2026-07-07 18:59:00+00:00,ADBE,Proactive,Adobe reinstated at Underperform by Bank of America as AI pressures growth outlook,https://finance.yahoo.com/technology/ai/articles/adobe-reinstated-underperform-bank-america-185900677.html,-0.6
2026-07-07 19:05:00+00:00,AMGN,Motley Fool,How Safe Is Amgen's Dividend?,https://finance.yahoo.com/healthcare/articles/safe-amgens-dividend-190500164.html,0.1
2026-07-07 19:05:00+00:00,STX,Zacks,Micron & 2 Momentum Stocks to Buy in July for Explosive Upside,https://finance.yahoo.com/markets/stocks/articles/micron-2-momentum-stocks-buy-190500264.html,0.8
2026-07-07 19:11:48+00:00,CMCSA,Motley Fool,Could This Be Netflix's Next Acquisition Target?,https://finance.yahoo.com/markets/stocks/articles/could-netflixs-next-acquisition-target-191148570.html,0.5
2026-07-07 19:18:47+00:00,ORLY,Simply Wall St.,AutoZone (AZO) Faces New Questions As O'Reilly Eyes Genuine Parts Deal,https://finance.yahoo.com/markets/stocks/articles/autozone-azo-faces-questions-oreilly-191847178.html,-0.5
2026-07-07 19:20:38+00:00,AMAT,Simply Wall St.,Applied Materials (AMAT) Unveils SENZ To Speed AI Smart Glasses Development,https://finance.yahoo.com/technology/ai/articles/applied-materials-amat-unveils-senz-192038988.html,0.5
2026-07-07 19:20:42+00:00,MELI,Simply Wall St.,MercadoLibre (MELI) Looks Repriced As Margin Pressure Tests Its Undervalued Narrative,https://finance.yahoo.com/markets/stocks/articles/mercadolibre-meli-looks-repriced-margin-192042255.html,0.5
2026-07-07 19:20:53+00:00,COST,Simply Wall St.,"Costco Wholesale (COST) Posts Strong Results, Is It Fully Priced?",https://finance.yahoo.com/markets/stocks/articles/costco-wholesale-cost-posts-strong-192053402.html,0.5
2026-07-07 19:20:56+00:00,NFLX,Simply Wall St.,Netflix (NFLX) Stock May Be Below Fair Value Despite Raised Cash Flow Guidance,https://finance.yahoo.com/markets/stocks/articles/netflix-nflx-stock-may-below-192056664.html,0.5
2026-07-07 19:32:12+00:00,ORLY,MT Newswires,"O'Reilly Automotive's Potential Genuine Parts Auto Business Acquisition Faces Challenges, Truist Says",https://finance.yahoo.com/markets/stocks/articles/o-apos-reilly-automotive-apos-193212244.html,-0.5
2026-07-07 19:35:30+00:00,QCOM,24/7 Wall St.,Chip Stocks Just Flashed a Warning Even Wall Street’s Bulls Can’t Ignore,https://finance.yahoo.com/markets/stocks/articles/chip-stocks-just-flashed-warning-193530352.html,-0.6
2026-07-07 19:36:52+00:00,ASML,Motley Fool,Why ASML Stock Dropped Today,https://finance.yahoo.com/markets/stocks/articles/why-asml-stock-dropped-today-193652194.html,-0.5
2026-07-07 19:37:52+00:00,AMAT,StockStory,"FormFactor, Penguin Solutions, Western Digital, Applied Materials, and KLA Corporation Shares Plummet, What You Need To Know",https://finance.yahoo.com/markets/stocks/articles/formfactor-penguin-solutions-western-digital-193752825.html,-0.7
2026-07-07 19:46:07+00:00,ORLY,MT Newswires,Sector Update: Consumer Stocks Mixed Late Afternoon,https://finance.yahoo.com/markets/stocks/articles/sector-consumer-stocks-mixed-afternoon-194607443.html,0.0
2026-07-07 19:51:46+00:00,VRTX,MT Newswires,Sector Update: Healthcare Stocks Gain Late Afternoon,https://finance.yahoo.com/healthcare/articles/sector-healthcare-stocks-gain-afternoon-195146677.html,0.5
2026-07-07 20:00:00+00:00,VRTX,Business Wire,Vertex to Announce Second Quarter 2026 Financial Results on August 3rd,https://finance.yahoo.com/healthcare/articles/vertex-announce-second-quarter-2026-200000956.html,0.0
2026-07-07 20:06:34+00:00,PEP,Kiplinger,Chips Slip Again as Caterpillar Bites the Dow: Stock Market Today,https://finance.yahoo.com/markets/stocks/articles/chips-slip-again-caterpillar-bites-200634336.html,-0.5
2026-07-07 20:09:46+00:00,MRVL,MT Newswires,"US Equity Markets Lower as Semiconductor Stocks Fall, Crude Oil Prices Rise",https://finance.yahoo.com/markets/stocks/articles/us-equity-markets-lower-semiconductor-200946448.html,-0.5
2026-07-07 20:13:10+00:00,VRTX,Investor's Business Daily,Vertex Pharma Makes A $10 Billion Deal; Crinetics Stock Doubles,https://www.investors.com/news/technology/crinetics-stock-vertex-pharmaceuticals-takeover/?src=A00220&yptr=yahoo,0.8
2026-07-07 20:17:31+00:00,AMD,reddit.com/r/stocks,"Samsung's profit jumped 19-fold, the stock still dropped 7% and dragged the whole chip market with it. - Samsung reported Q2 operating profit of about $58.4 billion, up roughly 1,810% from last year. That's a massive number, more than the company's entire annual profit from just a few years ago. The stock still dropped nearly 7% and it dragged the whole chip sector down with it, Intel and Applied Materials fell double digits at one",,-0.8
2026-07-07 20:18:00+00:00,NFLX,Barrons.com,Microsoft Says Xbox Isn’t For Sale. Why It Should Be.,https://www.barrons.com/articles/xbox-microsoft-stock-price-a831f188?siteid=yhoof2&yptr=yahoo,0.2
2026-07-07 20:21:56+00:00,VRTX,Simply Wall St.,Vertex (VRTX) Is Buying Crinetics For $10 Billion And Entering Endocrinology,https://finance.yahoo.com/healthcare/articles/vertex-vrtx-buying-crinetics-10-202156428.html,0.5
2026-07-07 20:23:00+00:00,LRCX,Barrons.com,"Intel, Micron, SpaceX, GE Vernova, Caterpillar, and More Stocks That Explain Today’s Market",https://www.barrons.com/articles/stock-market-movers-intel-corning-super-micro-5c6ee417?siteid=yhoof2&yptr=yahoo,0.2
2026-07-07 20:23:16+00:00,ADBE,Simply Wall St.,Adobe (ADBE) Brings LiveRamp Purchase Data Into GenStudio For Commerce Media,https://finance.yahoo.com/markets/stocks/articles/adobe-adbe-brings-liveramp-purchase-202316338.html,0.2
2026-07-07 20:23:22+00:00,AMAT,MT Newswires,"Update: Dow Snaps Record Run Amid Tech Sell-Off, Oil Price Jump",https://finance.yahoo.com/markets/stocks/articles/dow-snaps-record-run-amid-202322498.html,-0.5
2026-07-07 20:25:00+00:00,TMUS,Business Wire,T-Mobile Appoints Chris Sambar Chief Enterprise Officer and Evolves Leadership Team to Advance its Next Era of Strategic Growth and Innovation,https://finance.yahoo.com/technology/articles/t-mobile-appoints-chris-sambar-202500152.html,0.6
2026-07-07 20:27:34+00:00,CSCO,Trefis,Dell Stock's Secret: It Gets Paid Before It Pays Its Bills,https://finance.yahoo.com/markets/stocks/articles/dell-stocks-secret-gets-paid-202734339.html,0.2
2026-07-07 20:30:00+00:00,RKLB,GlobeNewswire,Rocket Lab Delivers Mission Success for Space Force: Completes Historic Launch and On-Orbit Satellite Tracking Mission in Record Time,https://finance.yahoo.com/technology/articles/rocket-lab-delivers-mission-success-203000543.html,0.8
2026-07-07 20:31:16+00:00,PEP,Benzinga,Mark Cuban Once Described Teaching Disco at Sorority Houses for $25 an Hour as the 'Best Job Ever': Here's Why He'd Do It Again,https://finance.yahoo.com/small-business/articles/mark-cuban-once-described-teaching-203116405.html,0.6
2026-07-07 20:31:18+00:00,SPCX,reddit.com/r/stocks,"SPCX joining the Nasdaq-100 feels like a liquidity event more than a catalyst - SPCX joining the Nasdaq-100 got a lot of attention, but the immediate selloff makes me wonder if the inclusion itself was already priced in. I am trying to think about this less as ""index inclusion means up"" and more as a liquidity and positioning event. More forced demand, but also more people with a clean reason to sell into it. How",,-0.2
2026-07-07 20:31:48+00:00,ASML,Yahoo Finance Video,"Samsung saw a record quarter, but it's not enough for investors. Here's why.",https://finance.yahoo.com/video/samsung-saw-a-record-quarter-but-its-not-enough-for-investors-heres-why-203148500.html,-0.5
2026-07-07 20:38:00+00:00,COST,Barrons.com,The $1.50 Costco Hot Dog Is Made Possible Thanks to This Little Company,https://www.barrons.com/articles/costco-hot-dog-midera-stock-spinoff-b0064327?siteid=yhoof2&yptr=yahoo,0.5
2026-07-07 20:59:49+00:00,CSCO,Trefis,What Fortinet Stock Was Telling Wall Street About AI Before It Doubled,https://finance.yahoo.com/technology/ai/articles/fortinet-stock-telling-wall-street-205949018.html,0.5
2026-07-07 21:16:04+00:00,QCOM,Simply Wall St.,"QUALCOMM (QCOM) Leaves Russell Growth Indexes, Is The Stock Cheap Or Pricey?",https://finance.yahoo.com/markets/stocks/articles/qualcomm-qcom-leaves-russell-growth-211604841.html,0.1
2026-07-07 21:16:30+00:00,WDC,Simply Wall St.,Is Western Digital (WDC) Cheap Following Its AI Driven Index Shift?,https://finance.yahoo.com/markets/stocks/articles/western-digital-wdc-cheap-following-211630475.html,0.2
2026-07-07 21:33:00+00:00,CRWV,TheStreet,CoreWeave stock sinks as mag 7 move rattles investors,https://finance.yahoo.com/markets/stocks/articles/coreweave-stock-sinks-mag-7-213300871.html,-0.6
2026-07-07 21:34:57+00:00,STX,Trefis,The Number That Could Test The New SanDisk Stock Story,https://finance.yahoo.com/markets/stocks/articles/number-could-test-sandisk-stock-213457463.html,0.1
2026-07-07 21:45:04+00:00,QCOM,Zacks,Qualcomm (QCOM) Falls More Steeply Than Broader Market: What Investors Need to Know,https://finance.yahoo.com/markets/stocks/articles/qualcomm-qcom-falls-more-steeply-214504109.html,-0.5
2026-07-07 21:45:04+00:00,PYPL,Zacks,Paypal (PYPL) Advances While Market Declines: Some Information for Investors,https://finance.yahoo.com/markets/stocks/articles/paypal-pypl-advances-while-market-214504631.html,0.5
2026-07-07 21:45:05+00:00,AMAT,Zacks,Applied Materials (AMAT) Dips More Than Broader Market: What You Should Know,https://finance.yahoo.com/markets/stocks/articles/applied-materials-amat-dips-more-214505162.html,-0.5
2026-07-07 21:50:03+00:00,FTNT,Zacks,Fortinet (FTNT) Falls More Steeply Than Broader Market: What Investors Need to Know,https://finance.yahoo.com/markets/stocks/articles/fortinet-ftnt-falls-more-steeply-215003553.html,-0.5
2026-07-07 21:50:04+00:00,LRCX,Zacks,Lam Research (LRCX) Dips More Than Broader Market: What You Should Know,https://finance.yahoo.com/markets/stocks/articles/lam-research-lrcx-dips-more-215004455.html,-0.2
2026-07-07 22:00:06+00:00,VRTX,Zacks,Vertex Pharmaceuticals (VRTX) Registers a Bigger Fall Than the Market: Important Facts to Note,https://finance.yahoo.com/markets/stocks/articles/vertex-pharmaceuticals-vrtx-registers-bigger-220006730.html,-0.5
2026-07-07 22:00:06+00:00,AXON,Zacks,Axon Enterprise (AXON) Advances While Market Declines: Some Information for Investors,https://finance.yahoo.com/markets/stocks/articles/axon-enterprise-axon-advances-while-220006264.html,0.5
2026-07-07 22:03:00+00:00,CEG,TheStreet,Another AI power darling just hit a 52-week low,https://finance.yahoo.com/markets/stocks/articles/another-ai-power-darling-just-220300990.html,-0.6
2026-07-07 22:09:57+00:00,QCOM,Simply Wall St.,Qualcomm (QCOM) Stock Looks Fairly Valued After Fresh AI Demand News,https://finance.yahoo.com/markets/stocks/articles/qualcomm-qcom-stock-looks-fairly-220957120.html,0.5
2026-07-07 22:09:59+00:00,AMGN,Simply Wall St.,Did Enbrel’s Price Cap Reprieve and New Recalls Just Rebalance Amgen’s (AMGN) Risk‑Reward Profile?,https://finance.yahoo.com/healthcare/articles/did-enbrel-price-cap-reprieve-220959306.html,0.1
2026-07-07 22:11:10+00:00,MPWR,Simply Wall St.,"Monolithic Power Systems (MPWR) Joins Russell Top 200, Is The Premium Already Priced In?",https://finance.yahoo.com/markets/stocks/articles/monolithic-power-systems-mpwr-joins-221110426.html,0.2
2026-07-07 22:15:01+00:00,ADI,Zacks,Analog Devices (ADI) Dips More Than Broader Market: What You Should Know,https://finance.yahoo.com/markets/stocks/articles/analog-devices-adi-dips-more-221501736.html,-0.2
2026-07-07 22:15:02+00:00,NFLX,Kiplinger,The Best Communication Services Stocks to Buy,https://finance.yahoo.com/markets/stocks/articles/best-communication-services-stocks-buy-221502043.html,0.5
2026-07-07 22:15:04+00:00,ROST,Zacks,Ross Stores (ROST) Rises As Market Takes a Dip: Key Facts,https://finance.yahoo.com/markets/stocks/articles/ross-stores-rost-rises-market-221504001.html,0.5
2026-07-07 22:19:30+00:00,WMT,Motley Fool,Roku vs. Sirius XM: Which Media Stock Is a Better Buy in 2026?,https://finance.yahoo.com/media-advertising/articles/roku-vs-sirius-xm-media-221930206.html,0.2
2026-07-07 22:25:52+00:00,WDAY,StockStory,"Workday and Twilio Shares Are Soaring, What You Need To Know",https://finance.yahoo.com/markets/stocks/articles/workday-twilio-shares-soaring-know-222552757.html,0.5
2026-07-07 22:33:15+00:00,CMCSA,Investing.com,"Netflix, Disney, YouTube target $2B FIFA rights package for next World Cups - CNBC",https://finance.yahoo.com/media-advertising/articles/netflix-disney-youtube-target-2b-223315313.html,0.5
2026-07-07 22:33:52+00:00,INTU,StockStory,"Atlassian and Intuit Shares Skyrocket, What You Need To Know",https://finance.yahoo.com/markets/stocks/articles/atlassian-intuit-shares-skyrocket-know-223352495.html,0.8
2026-07-07 22:34:58+00:00,MU,reddit.com/r/stocks,"MU at $977 starting a position, $1300 target. - Been thinking of buying MU, I ran it trough my basic filter (see below and why) and I believe it will hit 1300, lmkwyt * Forward PE good, 6 * Moving averages. pullback this week (\~20% off the $1255 high) has it sitting near support instead of stretched. * IV30 is at a level I'm comfortable on, * Record quarter (revenue +346% YoY, GM \~85%), Japan",,0.6
2026-07-07 22:41:47+00:00,INTU,Insider Monkey,Citi Remains a Buy on Intuit (INTU) Despite 8% Decline Over the Past Month,https://finance.yahoo.com/markets/stocks/articles/citi-remains-buy-intuit-intu-224147435.html,0.6
2026-07-07 22:41:54+00:00,SHOP,Insider Monkey,Shopify (SHOP) Among the Best Software Stocks to Buy in 2026,https://finance.yahoo.com/markets/stocks/articles/shopify-shop-among-best-software-224154903.html,0.8
2026-07-07 22:42:06+00:00,PANW,Insider Monkey,"BTIG Raised PT on Palo Alto (PANW), Here’s Why",https://finance.yahoo.com/markets/stocks/articles/btig-raised-pt-palo-alto-224206144.html,0.5
2026-07-07 22:42:15+00:00,ADBE,Insider Monkey,"Phillip Securities Downgrades Adobe (ADBE) to Neutral, Here’s What You Should Know",https://finance.yahoo.com/markets/stocks/articles/phillip-securities-downgrades-adobe-adbe-224215443.html,-0.5
2026-07-07 22:49:18+00:00,PANW,Insider Monkey,"Palo Alto (PANW) Up More than 96% Over The Past 6 Months, Is it The Best Performing Agentic AI Stock?",https://finance.yahoo.com/technology/ai/articles/palo-alto-panw-more-96-224918766.html,0.6
2026-07-07 22:49:21+00:00,FTNT,Insider Monkey,"Fortinet (FTNT) Gains More Than 104% in 6 Months, Can It Go Higher?",https://finance.yahoo.com/markets/stocks/articles/fortinet-ftnt-gains-more-104-224921671.html,0.6
2026-07-07 22:49:23+00:00,TER,Insider Monkey,"Susquehanna Raises PT on Teradyne (TER), Keeps a Buy Rating",https://finance.yahoo.com/markets/stocks/articles/susquehanna-raises-pt-teradyne-ter-224923265.html,0.6
2026-07-07 22:49:26+00:00,NBIS,Insider Monkey,"Nebius Group (NBIS) Gains on Massive AI Deals, Here’s What You Need to Know",https://finance.yahoo.com/technology/ai/articles/nebius-group-nbis-gains-massive-224926282.html,0.6
2026-07-07 22:51:00+00:00,PEP,Zacks,Pepsi Stock: Buy Before Q2 Earnings or Is Coca-Cola the Better Investment?,https://finance.yahoo.com/markets/stocks/articles/pepsi-stock-buy-q2-earnings-225100834.html,0.2
2026-07-07 23:35:00+00:00,MRVL,Motley Fool,3 Soaring Stocks That May Have More Upside Ahead,https://finance.yahoo.com/markets/stocks/articles/3-soaring-stocks-may-more-233500836.html,0.8
2026-07-07 23:37:52+00:00,BKR,StockStory,"Baker Hughes (BKR) Stock Trades Up, Here Is Why",https://finance.yahoo.com/markets/stocks/articles/baker-hughes-bkr-stock-trades-233752762.html,0.5
2026-07-07 23:55:00+00:00,WMT,Barrons.com,Review & Preview: SpaceX Meets Gravity,https://www.barrons.com/articles/stocks-today-spacex-chip-equities-fall-major-indexes-close-lower-a6ec31ac?siteid=yhoof2&yptr=yahoo,0.5
2026-07-07 23:57:55+00:00,RKLB,Stocktwits,RKLB Stock Gains After-Hours — Rocket Lab Completes US Space Force Victus Haze Mission Ahead Of Schedule,https://finance.yahoo.com/markets/stocks/articles/rklb-stock-gains-hours-rocket-235755190.html,0.8
2026-07-08 00:00:00+00:00,MNST,SEC-EDGAR-8K,"(Item 8.01) Other Events. Monster Beverage Corporation (the “Company”) today announced that its Board of Directors has approved and declared a 2-for-1 split of its common stock that will be effected in the form of a 100% stock dividend. Each stockholder of record on July 24, 2026 will receive a dividend of one additional share of common stock for each then-held share, to be distributed after close of trading on August 10, 2026. The Company anticipates its",,0.5
2026-07-08 00:00:00+00:00,COST,SEC-EDGAR-8K,"(Item 8.01) . Other Events The Board of Directors declared a quarterly cash dividend on the Company's common stock of $1.47 per share. The dividend was declared on July 7, 2026, and is payable August 7, 2026, to shareholders of record at the close of business on July 24, 2026.",,0.5
2026-07-08 00:00:00+00:00,CPRT,SEC-EDGAR-8K,"(Item 5.02) Departure of Directors or Certain Officers; Election of Directors; Appointment of Certain Officers; Compensatory Arrangements of Certain Officers On July 8, 2026, Copart, Inc. (the “Company”) announced that it has appointed Jane Pocock, the Company’s current CEO of its United Kingdom operations, as the Company’s new President to fill the previously vacant position, effective as of August 1, 2026. Ms. Pocock, 55, joined Copart in January 2019 as Managing Director of Copart UK. Before joining",,0.2
2026-07-08 00:10:58+00:00,NFLX,Stocktwits,"NFLX, DIS, YouTube Want FIFA's World Cup US Rights — Why A $2B Bidding War Is Brewing",https://finance.yahoo.com/media-advertising/articles/nflx-dis-youtube-want-fifas-001058572.html,0.5
2026-07-08 00:20:00+00:00,NFLX,Motley Fool,Netflix Stock Is Down 42% From Its High With Earnings Due July 16. Is It a Buy Before the Report?,https://finance.yahoo.com/markets/stocks/articles/netflix-stock-down-42-high-002000880.html,-0.5
2026-07-08 01:13:50+00:00,ODFL,Trefis,The Questions That Defined FDX's Earnings Call,https://finance.yahoo.com/markets/stocks/articles/questions-defined-fdxs-earnings-call-011350335.html,0.0
2026-07-08 01:17:00+00:00,HON,TheStreet,Jim Cramer says it’s time to buy another aerospace stock before it takes off,https://finance.yahoo.com/markets/stocks/articles/jim-cramer-says-time-buy-011700596.html,0.8
2026-07-08 01:44:24+00:00,RKLB,Insider Monkey,Rocket Lab (RKLB) Falls Hard — Its CEO May Hold the Answer,https://finance.yahoo.com/markets/stocks/articles/rocket-lab-rklb-falls-hard-014424207.html,-0.6
2026-07-08 02:00:00+00:00,BKNG,PR Newswire,How Vietnam is Redrawing the Southeast Asian Tourism Map with Near-50% Increase in International Search Interest,https://finance.yahoo.com/small-business/articles/vietnam-redrawing-southeast-asian-tourism-020000066.html,0.8
2026-07-08 02:10:04+00:00,MPWR,Simply Wall St.,Is Monolithic Power Systems (MPWR) Reasonably Valued Or Too Rich?,https://finance.yahoo.com/markets/stocks/articles/monolithic-power-systems-mpwr-reasonably-021004382.html,0.1
2026-07-08 02:47:00+00:00,WDC,TheStreet,Trump accounts’ Palantir sale hides a bigger AI shift,https://finance.yahoo.com/technology/ai/articles/trump-accounts-palantir-sale-hides-024700291.html,0.2
2026-07-08 03:08:51+00:00,PEP,StockStory,PepsiCo (PEP) To Report Earnings Tomorrow: Here Is What To Expect,https://finance.yahoo.com/markets/stocks/articles/pepsico-pep-report-earnings-tomorrow-030851398.html,0.5
2026-07-08 03:09:01+00:00,VRTX,BeInCrypto,Why Crinetics Stock Doubled After Vertex’s $10 Billion Buyout,https://finance.yahoo.com/markets/stocks/articles/why-crinetics-stock-doubled-vertex-030901005.html,0.5
2026-07-08 03:15:59+00:00,AMGN,Simply Wall St.,Amgen (AMGN) Recalls Put Its Valuation Story Back In Focus,https://finance.yahoo.com/markets/stocks/articles/amgen-amgn-recalls-put-valuation-031559736.html,0.2
2026-07-08 03:20:00+00:00,VRTX,Motley Fool,Vertex Is Buying Crinetics for $10 Billion. Here's What Investors Need to Know.,https://finance.yahoo.com/healthcare/articles/vertex-buying-crinetics-10-billion-032000130.html,0.5
2026-07-08 03:34:50+00:00,VRTX,Stocktwits,"Why Did CRNX, D, BCRX Stocks Surge To 52-Week Highs Today?",https://finance.yahoo.com/markets/stocks/articles/why-did-crnx-d-bcrx-033450092.html,0.5
2026-07-08 04:00:00+00:00,WDC,Motley Fool,Samsung's Preliminary Quarterly Profit Just Jumped 19-Fold -- and Micron Stock Fell on the News. Here's Why.,https://finance.yahoo.com/markets/stocks/articles/samsungs-preliminary-quarterly-profit-just-040000882.html,0.2
2026-07-08 04:03:13+00:00,MU,reddit.com/r/stocks,"Trying to semi-smartly blow up $500k - I've got $500k in VOO right now, I've had it in VOO since Oct 2024. I know people say time in the market beats timing the market but I feel we have some decent dips in some areas that maybe I need to take more risk with the $500k. If I leave it in VOO I won't be able to retire off it for another 13-15 years (barring",,-0.5
2026-07-08 04:20:00+00:00,NFLX,Motley Fool,Why Netflix Stock Lost 17% in June,https://finance.yahoo.com/markets/stocks/articles/why-netflix-stock-lost-17-042000994.html,-0.6
2026-07-08 04:30:10+00:00,ADI,Simply Wall St.,Analog Devices (ADI) Could Be 16% Undervalued As It Secures A $3.0b Credit Facility,https://finance.yahoo.com/markets/stocks/articles/analog-devices-adi-could-16-043010513.html,0.8
2026-07-08 04:58:53+00:00,BKR,Insider Monkey,TD Cowen Boosts Price Target on Baker Hughes (BKR). Here is Why,https://finance.yahoo.com/energy/articles/td-cowen-boosts-price-target-045853224.html,0.5
2026-07-08 05:05:33+00:00,CMCSA,Insider Monkey,Deutsche Bank Upgrades Comcast (CMCSA) to Buy. Here is Why,https://finance.yahoo.com/markets/stocks/articles/deutsche-bank-upgrades-comcast-cmcsa-050533087.html,0.6
2026-07-08 05:06:32+00:00,PEP,Insider Monkey,PepsiCo (PEP) Price Target Trimmed at JP Morgan. Here is Why,https://finance.yahoo.com/markets/stocks/articles/pepsico-pep-price-target-trimmed-050632186.html,0.1
2026-07-08 05:08:20+00:00,MDLZ,Insider Monkey,Is Mondelēz International (MDLZ) One of the Best Blue Chip Dividend Stocks to Buy According to Hedge Funds?,https://finance.yahoo.com/markets/stocks/articles/mondel-z-international-mdlz-one-050820276.html,0.5
2026-07-08 05:11:56+00:00,VRTX,Stocktwits,VKTX Vs BCRX: Which Biotech Takeover Favorite Offers More Upside After Vertex’s $10B CRNX Deal?,https://finance.yahoo.com/healthcare/articles/vktx-vs-bcrx-biotech-takeover-051156398.html,0.5
2026-07-08 05:36:21+00:00,META,reddit.com/r/stocks,"Everyone's wrong about META - Meta is an extremely high-quality company trading at a very cheap valuation with the current forward P.E being 18.5. This is a company that has products with 3.56 billion daily active users. Yes, that's right, ***3.6 billion people every day****.* I feel like people forget that they have almost half of the world using their products ***every single day.*** Here are some numbers to show how crazy fast the company",,0.8
2026-07-08 06:25:00+00:00,SNDK,Motley Fool,"Got $1,000? 2 Red-Hot Tech Stocks Setting the Market on Fire in 2026",https://finance.yahoo.com/markets/stocks/articles/got-1-000-2-red-062500878.html,0.8
2026-07-08 06:52:00+00:00,VRTX,Zacks,Strength Seen in CRINETICS PHARM (CRNX): Can Its 98.7% Jump Turn into More Strength?,https://finance.yahoo.com/markets/stocks/articles/strength-seen-crinetics-pharm-crnx-065200150.html,0.6
2026-07-08 07:06:44+00:00,CRWD,StockStory,3 Reasons CRWD Has Explosive Upside Potential,https://finance.yahoo.com/markets/stocks/articles/3-reasons-crwd-explosive-upside-070644399.html,0.8
2026-07-08 07:14:44+00:00,WDC,StockStory,1 Unpopular Stock That Deserves a Second Chance and 2 We Avoid,https://finance.yahoo.com/markets/stocks/articles/1-unpopular-stock-deserves-second-071444904.html,0.2
2026-07-08 07:45:00+00:00,SNDK,Motley Fool,2 Artificial Intelligence (AI) Memory Stocks to Buy Hand Over Fist in July,https://finance.yahoo.com/technology/ai/articles/2-artificial-intelligence-ai-memory-074500992.html,0.6
2026-07-08 07:48:53+00:00,VRTX,Motley Fool,Vertex Is Paying a 102% Premium to Acquire Crinetics for $10 Billion. Here's Whether the Deal Is Worth It.,https://finance.yahoo.com/healthcare/articles/vertex-paying-102-premium-acquire-074853536.html,0.2
2026-07-08 07:56:39+00:00,ADP,Stocktwits,Congressman Ro Khanna Bought SNDK Below $50 — He Also Bought This Mid-Cap Software Stock Before An OpenAI Deal Sent It Soaring,https://finance.yahoo.com/markets/stocks/articles/congressman-ro-khanna-bought-sndk-075639299.html,0.8
2026-07-08 08:02:44+00:00,AMAT,StockStory,1 High-Flying Stock to Target This Week and 2 We Ignore,https://finance.yahoo.com/markets/stocks/articles/1-high-flying-stock-target-080244342.html,0.2
2026-07-08 08:08:18+00:00,CRWV,GuruFocus.com,Piper Sandler Issues a Blunt Message for Oracle Stock Fans,https://finance.yahoo.com/markets/stocks/articles/piper-sandler-issues-blunt-message-080818574.html,-0.5
2026-07-08 08:12:45+00:00,MPWR,Simply Wall St.,Does Monolithic Power Systems’ (MPWR) Index Shift Clarify Its Long-Term Competitive Positioning?,https://finance.yahoo.com/markets/stocks/articles/does-monolithic-power-systems-mpwr-081245256.html,0.2
2026-07-08 08:14:13+00:00,ALAB,Simply Wall St.,US Stock Market Today: S&P 500 Futures Dip As Oil And Rate Jitters Build,https://finance.yahoo.com/markets/stocks/articles/us-stock-market-today-p-081413844.html,-0.5
2026-07-08 08:35:01+00:00,MSTR,CCN,Michael Saylor Says Bitcoin Needs Just 3.3% Growth to Sustain STRC Dividends,https://finance.yahoo.com/markets/crypto/articles/michael-saylor-says-bitcoin-needs-083501454.html,0.5
2026-07-08 08:41:41+00:00,WMT,Stocktwits,Walmart Price Cuts Wins Wall Street Backing – Analysts Sees No Threat To Profit Outlook,https://finance.yahoo.com/markets/stocks/articles/walmart-price-cuts-wins-wall-084141220.html,0.6
2026-07-08 08:43:08+00:00,AMD,Bloomberg,Nvidia’s $1 Trillion Slide Sends Valuation to Pre-AI Boom Levels,https://finance.yahoo.com/markets/stocks/articles/nvidia-1-trillion-slide-sends-084308296.html,-0.5
2026-07-08 08:45:00+00:00,AXON,Motley Fool,2 Stocks Down Over 30% to Buy Right Now and Hold for the Next Decade,https://finance.yahoo.com/markets/stocks/articles/2-stocks-down-over-30-084500257.html,0.5
2026-07-08 08:50:21+00:00,MAR,Hotel Management Network,The hotel industry’s biggest success story,https://finance.yahoo.com/real-estate/articles/hotel-industry-biggest-success-story-085021009.html,0.8
2026-07-08 08:57:00+00:00,AMD,Barrons.com,Nvidia Lands Crunch Perplexity Deal But the Stock Is Falling,https://www.barrons.com/articles/nvidia-stock-perplexity-deal-f4958fdc?siteid=yhoof2&yptr=yahoo,-0.5
2026-07-08 09:02:59+00:00,MU,reddit.com/r/stocks,"Is DRAM a good value buy? - The memory sector is falling off hard these last few days after Samsung earnings came out. Fundamentals haven't changed, just cash on hand being used for investment and growth/expansion from the biggest positions in the ETF from what I can tell. Forward PE is 4.5 which is great. DRAM ETF which holds Samsung , MU, and other memory stocks are all around 20% off all time highs. They're",,0.2
2026-07-08 09:12:35+00:00,VRTX,Simply Wall St.,Viking Therapeutics (VKTX) Draws Takeover Focus After Vertex's $10 Billion Crinetics Deal,https://finance.yahoo.com/healthcare/articles/viking-therapeutics-vktx-draws-takeover-091235821.html,0.5
2026-07-08 09:16:00+00:00,PLTR,Business Wire,SNP and Palantir Form Strategic Partnership to Accelerate Secure SAP Transformations,https://finance.yahoo.com/technology/ai/articles/snp-palantir-form-strategic-partnership-091600539.html,0.6
2026-07-08 09:16:00+00:00,STX,Zacks,"Zacks.com featured highlights include Micron Technology, Seagate and TD SYNNEX",https://finance.yahoo.com/markets/stocks/articles/zacks-com-featured-highlights-micron-091600129.html,0.2
2026-07-08 09:22:00+00:00,PLTR,Motley Fool,Palantir Stock Just Hit a 52-Week Low. Is Now the Perfect Time to Buy?,https://finance.yahoo.com/markets/stocks/articles/palantir-stock-just-hit-52-092200868.html,0.5
2026-07-08 09:32:33+00:00,MSTR,Stocktwits,Michael Saylor Says Bitcoin Needs Just 3.3% Annual Growth To Fund Strategy's STRC Dividends 'Indefinitely',https://finance.yahoo.com/markets/crypto/articles/michael-saylor-says-bitcoin-needs-093233525.html,0.6
2026-07-08 09:42:00+00:00,NFLX,Motley Fool,Why July 16 Could Be a Turning Point for the Netflix Stock Price,https://finance.yahoo.com/markets/stocks/articles/why-july-16-could-turning-094200302.html,0.5
2026-07-08 09:50:09+00:00,NFLX,Motley Fool,Why Netflix Stock Dropped 24% in the First Half of 2026,https://finance.yahoo.com/markets/stocks/articles/why-netflix-stock-dropped-24-095009807.html,-0.6
2026-07-08 09:56:00+00:00,WMT,Zacks,"Company News for July 8, 2026",https://finance.yahoo.com/markets/stocks/articles/company-news-july-8-2026-095600591.html,0.0
2026-07-08 10:02:06+00:00,SNDK,Stocktwits,"MU, Memory Stocks Drop Premarket In Samsung-Triggered Selloff: Poll Shows Most Retail Traders Passing On SK Hynix On Friday",https://finance.yahoo.com/markets/stocks/articles/mu-memory-stocks-drop-premarket-100206326.html,-0.6
2026-07-08 10:04:04+00:00,PEP,Stocktwits,"Nasdaq, Dow Futures Crack After Trump Says Iran Ceasefire ‘Over’ – Why MU, SNDK, DJT, USO Are In Focus",https://finance.yahoo.com/markets/stocks/articles/nasdaq-dow-futures-crack-trump-100404821.html,-0.5
2026-07-08 10:06:12+00:00,XEL,Barchart,What You Need To Know Ahead of Xcel Energy’s Earnings Release,https://finance.yahoo.com/energy/articles/know-ahead-xcel-energy-earnings-100612408.html,0.1
2026-07-08 10:29:16+00:00,MSTR,Benzinga,Michael Saylor Says Bitcoin Capital Gains Can Fund Dividend Obligations 'Indefinitely' if BTC Grows by This Much Annually—Peter Schiff Pushes Back,https://finance.yahoo.com/markets/crypto/articles/michael-saylor-says-bitcoin-capital-102916642.html,0.2
2026-07-08 10:42:44+00:00,CSX,StockStory,3 Reasons to Sell CSX and 1 Stock to Buy Instead,https://finance.yahoo.com/markets/stocks/articles/3-reasons-sell-csx-1-104244182.html,-0.5
2026-07-08 10:45:00+00:00,HON,Business Wire,"Eaton Names Dan T. Simpson President, Global Energy Infrastructure Solutions",https://finance.yahoo.com/energy/articles/eaton-names-dan-t-simpson-104500804.html,0.5
2026-07-08 10:54:00+00:00,ASML,Barrons.com,Trump Reignites Market’s Iran Fears but AI Can Weather the Hormuz Havoc. 5 Other Things to Know Today.,https://www.barrons.com/articles/trump-iran-market-ai-hormuz-things-to-know-today-103cbcbe?siteid=yhoof2&yptr=yahoo,0.2
2026-07-08 11:00:00+00:00,BKR,GlobeNewswire,"Kodiak Gas Services, Baker Hughes Announce Multi-Year Gas Turbine Order Agreement to Support U.S. Data Center Growth",https://finance.yahoo.com/energy/articles/kodiak-gas-services-baker-hughes-110000999.html,0.6
2026-07-08 11:00:00+00:00,SHOP,GlobeNewswire,Shopify to Announce Second-Quarter 2026 Financial Results,https://finance.yahoo.com/markets/stocks/articles/shopify-announce-second-quarter-2026-110000942.html,0.0
2026-07-08 11:03:00+00:00,MCHP,GlobeNewswire,Microchip Expands Developer Access with Free MPLAB® XC Compilers and MPLAB Machine Learning Development Suite,https://finance.yahoo.com/technology/ai/articles/microchip-expands-developer-access-free-110300004.html,0.6
2026-07-08 11:07:31+00:00,NFLX,GuruFocus.com,"Netflix, Disney and YouTube Eye World Cup Rights",https://finance.yahoo.com/media-advertising/articles/netflix-disney-youtube-eye-world-110731854.html,0.5
2026-07-08 11:12:17+00:00,FTNT,FX Empire,Fortinet Up 100% YTD from AI Demand,https://finance.yahoo.com/technology/articles/fortinet-100-ytd-ai-demand-111217716.html,0.6
2026-07-08 11:12:35+00:00,DDOG,Insider Monkey,Datadog (DDOG) Capitalizes on AI Trends,https://finance.yahoo.com/technology/ai/articles/datadog-ddog-capitalizes-ai-trends-111235032.html,0.5
2026-07-08 11:14:00+00:00,MSTR,Motley Fool,Strategy Just Unveiled a Brand-New Approach to Bitcoin. Is the World's Biggest Bitcoin Treasury Company in Trouble?,https://finance.yahoo.com/markets/crypto/articles/strategy-just-unveiled-brand-approach-111400228.html,-0.5
2026-07-08 11:15:04+00:00,WMT,24/7 Wall St.,Caterpillar or Walmart: Which Transforming Icon Is Better for Your Portfolio?,https://finance.yahoo.com/markets/stocks/articles/caterpillar-walmart-transforming-icon-better-111504712.html,0.2
2026-07-08 11:15:45+00:00,PANW,FX Empire,Shares Soar on Palo Alto’s 60% Next Gen Security Growth,https://finance.yahoo.com/markets/stocks/articles/shares-soar-palo-alto-60-111545511.html,0.8
2026-07-08 11:15:57+00:00,AEP,Investor's Business Daily,These Two Growth Stocks Are Poised To Break Out. One Reports This Week.,https://www.investors.com/news/stocks-to-buy-break-out-wd40-american-electric-power/?src=A00220&yptr=yahoo,0.6
2026-07-08 11:17:43+00:00,NFLX,Trefis,The Cloud Backlog That Changed Everything For Google Stock,https://finance.yahoo.com/markets/stocks/articles/cloud-backlog-changed-everything-google-111743728.html,0.5
2026-07-08 11:17:44+00:00,CMCSA,Trefis,The Case For VZ Stock Survives One Real Flaw,https://finance.yahoo.com/markets/stocks/articles/case-vz-stock-survives-one-111744935.html,0.2
2026-07-08 11:18:10+00:00,FANG,GuruFocus.com,Occidental Is Winning in Multiple Ways Today,https://finance.yahoo.com/markets/stocks/articles/occidental-winning-multiple-ways-today-111810341.html,0.8
2026-07-08 11:23:12+00:00,PCAR,Trefis,What You Actually Pay To Join The CAT Stock Run,https://finance.yahoo.com/markets/stocks/articles/actually-pay-join-cat-stock-112312499.html,0.0
2026-07-08 11:23:14+00:00,ADI,Insider Monkey,Strong Growth Fueled Analog Devices (ADI) in Q1,https://finance.yahoo.com/markets/stocks/articles/strong-growth-fueled-analog-devices-112314647.html,0.8
2026-07-08 11:27:46+00:00,WDAY,Trefis,Own ServiceNow For AI? Gen Digital's Numbers Speak Louder,https://finance.yahoo.com/markets/stocks/articles/own-servicenow-ai-gen-digitals-112746892.html,0.2
2026-07-08 11:30:44+00:00,MELI,StockStory,3 Reasons Investors Love MercadoLibre (MELI),https://finance.yahoo.com/markets/stocks/articles/3-reasons-investors-love-mercadolibre-113044654.html,0.5
2026-07-08 11:32:47+00:00,RKLB,Trefis,What RKLB Stock Does When Markets Panic,https://finance.yahoo.com/markets/stocks/articles/rklb-stock-does-markets-panic-113247251.html,0.0
2026-07-08 11:38:42+00:00,ADBE,Trefis,Salesforce Upgraded Its Profit Engine. Quietly,https://finance.yahoo.com/markets/stocks/articles/salesforce-upgraded-profit-engine-quietly-113842517.html,0.5
2026-07-08 11:38:43+00:00,MAR,Trefis,The Debates That Matter For CCL Stock,https://finance.yahoo.com/markets/stocks/articles/debates-matter-ccl-stock-113843128.html,0.2
2026-07-08 11:44:01+00:00,AMD,Trefis,"Micron Stock: A Different Cycle, For Better Or For Worse",https://finance.yahoo.com/markets/stocks/articles/micron-stock-different-cycle-better-114401813.html,0.2
2026-07-08 11:45:45+00:00,MRVL,24/7 Wall St.,This $200 Billion Semiconductor Giant Could Be the Next Nvidia,https://finance.yahoo.com/technology/articles/200-billion-semiconductor-giant-could-114545551.html,0.5
2026-07-08 11:58:38+00:00,AMD,Trefis,What Is Really Driving MTUM ETF?,https://finance.yahoo.com/markets/stocks/articles/really-driving-mtum-etf-115838047.html,0.0
2026-07-08 12:00:00+00:00,SPCX,Yahoo Finance Video,"Tesla latest: The 'inevitable' SpaceX merger, Robotaxi's Miami launch, & more",https://finance.yahoo.com/video/tesla-latest-inevitable-spacex-merger-120000921.html,0.5
2026-07-08 12:00:00+00:00,GOOGL,Yahoo Finance Video,AI spending is becoming more capital market 'sensitive': Portfolio mgr.,https://finance.yahoo.com/video/ai-spending-becoming-more-capital-120000916.html,0.1
2026-07-08 12:00:00+00:00,GEHC,Business Wire,"GE HealthCare to announce second quarter 2026 results on July 29, 2026",https://finance.yahoo.com/healthcare/articles/ge-healthcare-announce-second-quarter-120000617.html,0.0
2026-07-08 12:00:42+00:00,AMD,Insider Monkey,Advanced Micro Devices (AMD): Top 10 Best Stock to Buy in Glen Kacher’s Portfolio,https://finance.yahoo.com/markets/stocks/articles/advanced-micro-devices-amd-top-120042016.html,0.8
2026-07-08 12:01:00+00:00,WMT,GlobeNewswire,Spreetail Marks 20 Years of Powering Ecommerce,https://finance.yahoo.com/small-business/articles/spreetail-marks-20-years-powering-120100831.html,0.5
2026-07-08 12:02:07+00:00,PYPL,24/7 Wall St.,"Here Are Wednesday’s Best Wall Street Analyst Research Calls: Alcoa, Commercial Metals, DTE Energy, Dollar Tree, Occidental Petroleum, PayPal, Pinterest, Snap, Travelers, and More",https://finance.yahoo.com/markets/stocks/articles/wednesday-best-wall-street-analyst-120207329.html,0.5
2026-07-08 12:04:17+00:00,MAR,reddit.com/r/stocks,"What do you think of Alcoa (AA)? - I feel like it's currently underrated. Whatever happens on the market lately it gets hammered. Trump declarea peace - it's falling. Trump declares war - it's falling again. It loooks like a good opportunity since the majority of sellers and bears should be gone by now after all the tarrif revenuw news, bad Q1 report/forecast and all the negativity regarding the aquisiton. My positions are Mar 29",,0.6
2026-07-08 12:05:33+00:00,NFLX,Trefis,NFLX Has Bounced From This Price Before. Now What?,https://finance.yahoo.com/markets/stocks/articles/nflx-bounced-price-now-120533322.html,0.5
2026-07-08 12:05:36+00:00,AVGO,reddit.com/r/stocks,"Broadcom just locked in $30B+ Apple deal through 2031 - Is this the most underrated stock in AI right now? - Broadcom disclosed a new multiyear agreement with Apple worth more than $30 billion, with Broadcom designing and producing custom silicon components and wireless connectivity technology for Apple products through 2031. Apple says this will lead to over 15 billion U.S. made chips and support hundreds of American jobs, and it's Apple's largest American Manufacturing",,0.8
2026-07-08 12:10:06+00:00,SNDK,Investor's Business Daily,"Dow Jones Futures Fall, Oil Prices Soar As Trump Says U.S.-Iran Ceasefire 'Over'",https://www.investors.com/market-trend/stock-market-today/dow-jones-futures-oil-prices-jump-trump-us-iran-ceasefire-over/?src=A00220&yptr=yahoo,-0.7
2026-07-08 12:11:00+00:00,DASH,PR Newswire,"OneTablet Rebrands as Sous Chef, the AI Platform Turning Third-Party Delivery Data Into Revenue",https://finance.yahoo.com/technology/ai/articles/onetablet-rebrands-sous-chef-ai-121100327.html,0.5
2026-07-08 12:11:31+00:00,VRTX,Simply Wall St.,"Vertex Pharmaceuticals (VRTX) Buys Crinetics, Where Does Fair Value Sit Now?",https://finance.yahoo.com/markets/stocks/articles/vertex-pharmaceuticals-vrtx-buys-crinetics-121131731.html,0.1
2026-07-08 12:15:47+00:00,PLTR,GuruFocus.com,Palantir Expands SAP Transformation Push With SNP Partnership,https://finance.yahoo.com/technology/ai/articles/palantir-expands-sap-transformation-push-121547284.html,0.5
2026-07-08 12:27:01+00:00,SHOP,Motley Fool,Amazon.com vs. Shopify: Comparing Revenue Trends and Scale for These E-Commerce Giants,https://finance.yahoo.com/markets/stocks/articles/amazon-com-vs-shopify-comparing-122701639.html,0.5
2026-07-08 12:28:48+00:00,MU,Yahoo Finance,AI memory stocks trim losses as investors buy the dip,https://finance.yahoo.com/markets/stocks/article/ai-memory-stocks-trim-losses-as-investors-buy-the-dip-122848703.html,0.5
2026-07-08 12:30:52+00:00,CEG,24/7 Wall St.,3 Powerful Nuclear Energy Stocks to Buy in July,https://finance.yahoo.com/energy/articles/3-powerful-nuclear-energy-stocks-123052383.html,0.5
2026-07-08 12:32:00+00:00,ADP,Zacks,3 Best-Performing Fidelity Mutual Funds to Buy for 2H 2026,https://finance.yahoo.com/markets/stocks/articles/3-best-performing-fidelity-mutual-123200929.html,0.5
2026-07-08 12:36:10+00:00,TMUS,Investing.com,"Wells Fargo cautious on AT&T, Verizon and T-Mobile as Starlink looms",https://finance.yahoo.com/markets/stocks/articles/wells-fargo-cautious-t-verizon-123610956.html,-0.5
2026-07-08 12:42:00+00:00,QCOM,Zacks,3 Beaten Down AI Semiconductor Giants of 1H 2026 That Could Soar in 2H,https://finance.yahoo.com/technology/ai/articles/3-beaten-down-ai-semiconductor-124200713.html,0.5
2026-07-08 12:45:49+00:00,PLTR,24/7 Wall St.,The U.S. Government Is Now Using Anthropic’s AI to Hunt Bugs in Its Own Code,https://finance.yahoo.com/technology/ai/articles/u-government-now-using-anthropic-124549144.html,0.5
2026-07-08 12:48:29+00:00,REGN,Trefis,"Collect 9.0% On VRTX Stock Now, And Still Keep 15% Of Upside",https://finance.yahoo.com/markets/options/articles/collect-9-0-vrtx-stock-124829722.html,0.6
2026-07-08 12:50:06+00:00,ADBE,24/7 Wall St.,Where Oversold Meets Undervalued: 3 Dividend and Growth Plays for Income Investors,https://finance.yahoo.com/markets/stocks/articles/where-oversold-meets-undervalued-3-125006729.html,0.5
2026-07-08 12:51:59+00:00,WMT,MT Newswires,"Update: US Equity Futures Fall Pre-Bell as Middle East Hostilities Restart, President Trump Declares US-Iran Ceasefire 'Over'",https://finance.yahoo.com/markets/stocks/articles/us-equity-futures-fall-pre-125159941.html,-0.8
2026-07-08 13:00:00+00:00,PLTR,Business Wire,Palantir Platforms Help Enterprises Extend AI Into Operations,https://finance.yahoo.com/technology/ai/articles/palantir-platforms-help-enterprises-extend-130000088.html,0.6
2026-07-08 13:00:00+00:00,AEP,PR Newswire,AEP Texas Advances Reliability and Growth with Federal Funding Expected to Save Customers $685 Million,https://finance.yahoo.com/energy/articles/aep-texas-advances-reliability-growth-130000598.html,0.8
2026-07-08 13:00:00+00:00,GEHC,Business Wire,GE HealthCare and Mayo Clinic aim to advance personalized cancer treatment through new theranostics research collaboration,https://finance.yahoo.com/healthcare/articles/ge-healthcare-mayo-clinic-aim-130000469.html,0.8
2026-07-08 13:00:00+00:00,PYPL,Business Wire,"MBA Insurance, a Division of Brown & Brown, Inc., Selects One Inc’s PremiumPay® to Modernize Inbound Payment Experience",https://finance.yahoo.com/healthcare/articles/mba-insurance-division-brown-brown-130000305.html,0.5
2026-07-08 13:00:00+00:00,BKNG,PR Newswire,"OpenTable Introduces Gold Tables, Turning Diner Loyalty Into Access at Coveted Restaurants",https://finance.yahoo.com/media-advertising/articles/opentable-introduces-gold-tables-turning-130000089.html,0.6
2026-07-08 13:00:00+00:00,ARM,Business Wire,Arm Announces Earnings Release Date for First Quarter Fiscal Year Ended 2027,https://finance.yahoo.com/markets/stocks/articles/arm-announces-earnings-release-date-130000788.html,0.1
2026-07-08 13:00:04+00:00,TXN,Zacks,Texas Instruments Incorporated (TXN) is Attracting Investor Attention: Here is What You Should Know,https://finance.yahoo.com/markets/stocks/articles/texas-instruments-incorporated-txn-attracting-130004320.html,0.5
2026-07-08 13:00:04+00:00,SBUX,Zacks,Investors Heavily Search Starbucks Corporation (SBUX): Here is What You Need to Know,https://finance.yahoo.com/markets/stocks/articles/investors-heavily-search-starbucks-corporation-130004007.html,0.5
2026-07-08 13:02:16+00:00,MSTR,CCN,"Eric Trump Under Fire For 'Buy The Dip' Posts as He Celebrates American Bitcoin Surpassing 8,000 BTC",https://finance.yahoo.com/markets/crypto/articles/eric-trump-under-fire-buy-130216492.html,0.2
2026-07-08 13:05:00+00:00,TMUS,Business Wire,America’s Pastime Meets America’s Best Network at MLB All-Star Week in Philadelphia,https://finance.yahoo.com/media-advertising/articles/america-pastime-meets-america-best-130500181.html,0.6
2026-07-08 13:05:00+00:00,WDC,Motley Fool,Prediction: Sandisk Will Split Its Stock Before 2026 Is Over,https://finance.yahoo.com/markets/stocks/articles/prediction-sandisk-split-stock-2026-130500703.html,0.5
2026-07-08 13:05:00+00:00,ROST,Zacks,Best Growth Stocks to Buy for July 8th,https://finance.yahoo.com/markets/stocks/articles/best-growth-stocks-buy-july-130500719.html,0.6
2026-07-08 13:10:08+00:00,WMT,Simply Wall St.,Walmart (WMT) Pays $13 Million To Settle Driver Pay Case As New AI Suit Lands,https://finance.yahoo.com/markets/stocks/articles/walmart-wmt-pays-13-million-131008637.html,-0.5
2026-07-08 13:10:52+00:00,RKLB,24/7 Wall St.,Can Rocket Lab Stock Become the Next SpaceX-Like Success Story?,https://finance.yahoo.com/markets/stocks/articles/rocket-lab-stock-become-next-131052174.html,0.6
2026-07-08 13:11:28+00:00,PYPL,Simply Wall St.,PayPal (PYPL) Is Making BNPL A Bigger Part Of Checkout Growth,https://finance.yahoo.com/markets/stocks/articles/paypal-pypl-making-bnpl-bigger-131128608.html,0.5
2026-07-08 13:11:46+00:00,NFLX,GuruFocus.com,Netflix and Disney Eye World Cup Rights,https://finance.yahoo.com/media-advertising/articles/netflix-disney-eye-world-cup-131146929.html,0.2
2026-07-08 13:12:11+00:00,VRTX,Simply Wall St.,Vertex (VRTX) Stock May Be 36% Undervalued Following Its $10b Deal,https://finance.yahoo.com/markets/stocks/articles/vertex-vrtx-stock-may-36-131211956.html,0.8
2026-07-08 13:15:00+00:00,ADP,CNW Group,ADP Research to Launch Monthly Pay Measure in Canada to Track Wage Growth,https://finance.yahoo.com/economy/articles/adp-research-launch-monthly-pay-131500817.html,0.5
2026-07-08 13:15:02+00:00,CRWV,Barchart,Everyone Thinks Meta’s Cloud Business Is Bad News for CRWV. Here’s What They’re Missing.,https://finance.yahoo.com/markets/stocks/articles/everyone-thinks-meta-cloud-business-131502324.html,0.2
2026-07-08 13:16:38+00:00,ADP,Trefis,The Done-For-You Silence That Reshapes The Intuit Stock Growth Story,https://finance.yahoo.com/markets/stocks/articles/done-silence-reshapes-intuit-stock-131638725.html,0.5
2026-07-08 13:21:26+00:00,INTC,GuruFocus.com,"Nvidia, Micron, AMD Lead Chip Stock Selloff After Trump Said U.S.-Iran 'Truce Is Over'",https://finance.yahoo.com/technology/articles/nvidia-micron-amd-lead-chip-132126893.html,-0.6
2026-07-08 13:22:48+00:00,BKR,MT Newswires,Sector Update: Energy Stocks Advance Pre-Bell Wednesday,https://finance.yahoo.com/energy/articles/sector-energy-stocks-advance-pre-132248040.html,0.5
2026-07-08 13:23:43+00:00,BKR,Stocktwits,Baker Hughes Just Signed An Energy Partnership With Kodiak Gas – A Look At The Key Details,https://finance.yahoo.com/energy/articles/baker-hughes-just-signed-energy-132343490.html,0.2
2026-07-08 13:27:21+00:00,MSTR,Stocktwits,"MSTR, XYZ Stocks Slide – Barclays Issues ‘Overweight’ Ratings But Pins Strategy Target Way Below Street",https://finance.yahoo.com/markets/stocks/articles/mstr-xyz-stocks-slide-barclays-132721812.html,-0.5
2026-07-08 13:28:58+00:00,INTC,24/7 Wall St.,Intel’s Breakout Was Violent and It May Still Be in its Early Innings,https://finance.yahoo.com/technology/articles/intel-breakout-violent-may-still-132858992.html,0.6
2026-07-08 13:30:02+00:00,NFLX,Zacks,Is Netflix (NFLX) a Buy as Wall Street Analysts Look Optimistic?,https://finance.yahoo.com/markets/stocks/articles/netflix-nflx-buy-wall-street-133002084.html,0.5
2026-07-08 13:30:03+00:00,MSTR,Zacks,Is It Worth Investing in Strategy (MSTR) Based on Wall Street's Bullish Views?,https://finance.yahoo.com/markets/stocks/articles/worth-investing-strategy-mstr-based-133003884.html,0.5
2026-07-08 13:30:26+00:00,SNDK,24/7 Wall St.,Stock Split Watch: Are These 4 Mega-Cap Stocks Any Closer to Splitting?,https://finance.yahoo.com/markets/stocks/articles/stock-split-watch-4-mega-133026387.html,0.2
2026-07-08 13:35:00+00:00,CRWV,Motley Fool,Cathie Wood Goes Bargain Hunting: 3 Stocks She Just Bought,https://finance.yahoo.com/markets/stocks/articles/cathie-wood-goes-bargain-hunting-133500579.html,0.5
2026-07-08 13:35:01+00:00,BKR,InvestorsHub,Kodiak Gas Shares Climb After Securing Baker Hughes Power Supply Agreement (KGS),https://finance.yahoo.com/energy/articles/kodiak-gas-shares-climb-securing-133501756.html,0.6
2026-07-08 13:35:14+00:00,PYPL,Moneyweek,"New buy now, pay later rules confirmed – will they protect you?",https://finance.yahoo.com/economy/policy/articles/buy-now-pay-later-rules-133514689.html,0.2
2026-07-08 13:39:41+00:00,ODFL,The Fly,"Dollar Tree upgraded, PayPal initiated: Wall Street's top analyst calls",https://finance.yahoo.com/markets/stocks/articles/broadcom-downgraded-unitedhealth-upgraded-wall-135834606.html,0.5
2026-07-08 13:40:00+00:00,MSTR,Barrons.com,Bitcoin Drops After Trump Says U.S.-Iran Cease-Fire Is Over,https://www.barrons.com/articles/bitcoin-price-trump-iran-75458510?siteid=yhoof2&yptr=yahoo,-0.7
2026-07-08 13:43:33+00:00,PDD,24/7 Wall St.,"Alibaba Surges 9% Ahead of Earnings, Baidu Gains 5% as Chinese E-Commerce and Tech Stocks Rally",https://finance.yahoo.com/markets/stocks/articles/alibaba-surges-9-ahead-earnings-134333969.html,0.8
2026-07-08 13:44:00+00:00,AMD,Zacks,Intel vs. Silicon Motion: Which Semiconductor Stock is the Better Buy?,https://finance.yahoo.com/technology/articles/intel-vs-silicon-motion-semiconductor-134400520.html,0.2
2026-07-08 13:45:06+00:00,STX,24/7 Wall St.,Seagate’s 485% Run Isn’t Over and Our Target Proves It,https://finance.yahoo.com/markets/stocks/articles/seagate-485-run-isn-t-134506188.html,0.8
2026-07-08 13:45:47+00:00,KLAC,Barchart,What to Expect From KLA Corporation's Q4 2026 Earnings Report,https://finance.yahoo.com/markets/stocks/articles/expect-kla-corporations-q4-2026-134547408.html,0.0
2026-07-08 13:49:00+00:00,ASML,Motley Fool,Should You Buy ASML Holding Stock Before July 15?,https://finance.yahoo.com/markets/stocks/articles/buy-asml-holding-stock-july-134900570.html,0.2
2026-07-08 13:51:00+00:00,DDOG,Zacks,Digital Turbine Stock Soars 108% YTD: Is There More Room for Growth?,https://finance.yahoo.com/markets/stocks/articles/digital-turbine-stock-soars-108-135100882.html,0.6
2026-07-08 13:58:00+00:00,AMD,Zacks,SpaceX Stock Slides to its Lowest Levels Since IPO: Buy the Dip?,https://finance.yahoo.com/markets/stocks/articles/spacex-stock-slides-lowest-levels-135800338.html,0.2
2026-07-08 13:59:41+00:00,PEP,Yahoo Finance Video,Oil prices heat up as US-Iran ceasefire ends: What it means for consumers,https://finance.yahoo.com/video/oil-prices-heat-up-as-us-iran-ceasefire-ends-what-it-means-for-consumers-135941356.html,0.2
2026-07-08 14:00:06+00:00,CTAS,Zacks,Cintas (CTAS) Earnings Expected to Grow: What to Know Ahead of Next Week's Release,https://finance.yahoo.com/markets/stocks/articles/cintas-ctas-earnings-expected-grow-140006887.html,0.5
2026-07-08 14:00:51+00:00,CSCO,Trefis,How PANW Stock Built Its Own Growth Engine,https://finance.yahoo.com/markets/stocks/articles/panw-stock-built-own-growth-140051003.html,0.5
2026-07-08 14:03:00+00:00,NXPI,Zacks,4 Semiconductor Stocks to Benefit as Cars Become AI-Powered,https://finance.yahoo.com/technology/articles/4-semiconductor-stocks-benefit-cars-140300450.html,0.5
2026-07-08 14:06:00+00:00,RKLB,Zacks,Can Rocket Lab's Contract Assets Support Long-Term Growth?,https://finance.yahoo.com/markets/stocks/articles/rocket-labs-contract-assets-support-140600427.html,0.2
2026-07-08 14:10:00+00:00,INTC,Moneywise,"Nancy Pelosi bets up to $6 million on Intel and Uber, public disclosures show",https://finance.yahoo.com/markets/options/articles/nancy-pelosi-bets-6-million-141000730.html,0.2
2026-07-08 14:11:00+00:00,PANW,Zacks,Zscaler Plunges 53% in a Year: Should You Hold or Fold the Stock?,https://finance.yahoo.com/markets/stocks/articles/zscaler-plunges-53-hold-fold-141100543.html,-0.6
2026-07-08 14:16:00+00:00,PANW,Zacks,Can Zscaler Offset Rising Infrastructure Cost Pressures With Scale?,https://finance.yahoo.com/markets/stocks/articles/zscaler-offset-rising-infrastructure-cost-141600300.html,0.2
2026-07-08 14:16:00+00:00,WDC,Zacks,WDC Stock Outshines Industry Returns in a Year: Should You Jump In?,https://finance.yahoo.com/markets/stocks/articles/wdc-stock-outshines-industry-returns-141600179.html,0.6
2026-07-08 14:23:32+00:00,TMUS,Investor's Business Daily,"How SpaceX Spending Spree Could Threaten AT&T, Verizon, T-Mobile",https://www.investors.com/news/technology/spacex-stock-telecom-starlink-wireless-broadband-att-verizon-tmobile/?src=A00220&yptr=yahoo,-0.6
2026-07-08 14:26:57+00:00,INTC,24/7 Wall St.,Jim Cramer Still Likes Intel Stock— Should You?,https://finance.yahoo.com/markets/stocks/articles/jim-cramer-still-likes-intel-142657799.html,0.5
2026-07-08 14:31:39+00:00,ABNB,The Telegraph,Airbnb to snitch on social housing cheats after taxpayers lose £2bn,https://finance.yahoo.com/news/airbnb-snitch-social-housing-cheats-143139438.html,-0.8
2026-07-08 14:35:00+00:00,PANW,GlobeNewswire,Zero Trust Network Access (ZTNA) Market Surges to $4.18 billion at a CAGR 25.5% by 2030 | Exclusive Report by MarketsandMarkets™,https://finance.yahoo.com/technology/ai/articles/zero-trust-network-access-ztna-143500929.html,0.5
2026-07-08 14:37:42+00:00,MSTR,Barchart,Strategy Just Broke Its Biggest Bitcoin Rule. What It Means for MSTR Stock.,https://finance.yahoo.com/markets/crypto/articles/strategy-just-broke-biggest-bitcoin-143742712.html,-0.5
2026-07-08 14:38:00+00:00,MDLZ,Zacks,LYB Partners Mondelez & Others for Flexible Packaging Solution,https://finance.yahoo.com/markets/stocks/articles/lyb-partners-mondelez-others-flexible-143800027.html,0.5
2026-07-08 14:38:52+00:00,APP,reddit.com/r/stocks,"BlackBerry (BB): The Market is Getting this One Wrong - **Premise** * All three business segments posted strong double-digit revenue growth, led by QNX and Secure Communications, reflecting broad operational momentum. * Higher-margin software and royalty revenue drove gross margin expansion, improving profitability and long-term operating leverage. * Despite stronger execution, BlackBerry's recent share price surge appears to vastly exceed what its long-term fundamentals currently justify. **Massive Revenue Growth and What’s Behind It** BlackBerry’s two",,0.6
2026-07-08 14:43:49+00:00,COST,reddit.com/r/stocks,"JOBY, ACHR, HOVR, EVTL Bull Case - Plain and simple eVTOLS are better than helicopters and propellor planes in almost every way. \- Cost per mile is significantly reduced \- Safety is drastically increased due to redundancy \- Much quieter than helicopters and prop planes \- No runway required, the speed of a propellor plane with the vertical take off ability of a helicopter. \- Hybrid electric options increase efficiency and reliability. Over the next",,0.8
2026-07-08 14:45:35+00:00,COST,24/7 Wall St.,Price Prediction: Can Costco Stock Double by 2032?,https://finance.yahoo.com/markets/stocks/articles/price-prediction-costco-stock-double-144535524.html,0.5
2026-07-08 14:46:00+00:00,SBUX,Zacks,Starbucks Near Its 52-Week High: Can the Stock Sustain the Rally?,https://finance.yahoo.com/markets/stocks/articles/starbucks-near-52-week-high-144600537.html,0.5
2026-07-08 14:46:18+00:00,PLTR,Insider Monkey,Why Zeta Global’s (ZETA) New AI Alliance Has Wall Street Paying Attention,https://finance.yahoo.com/technology/ai/articles/why-zeta-global-zeta-ai-144618526.html,0.5
2026-07-08 14:47:00+00:00,CRWD,Insider Monkey,Grant Thornton Picks CrowdStrike (CRWD) to Power Its Global Cybersecurity Platform,https://finance.yahoo.com/technology/ai/articles/grant-thornton-picks-crowdstrike-crwd-144700173.html,0.5
2026-07-08 14:47:35+00:00,CRWV,Insider Monkey,Backblaze (BLZE) Lands $335 Million AI Infrastructure Deal,https://finance.yahoo.com/technology/ai/articles/backblaze-blze-lands-335-million-144735043.html,0.6
2026-07-08 14:48:22+00:00,PLTR,Insider Monkey,Here is why Palantir Technologies Inc. (PLTR) is among the 12 Best Cybersecurity Stocks to Buy and Hold for the Long Term,https://finance.yahoo.com/technology/ai/articles/why-palantir-technologies-inc-pltr-144822979.html,0.6
2026-07-08 14:48:35+00:00,AMD,Insider Monkey,"Here’s What Analysts Say About Advanced Micro Devices, Inc. (AMD)",https://finance.yahoo.com/markets/stocks/articles/analysts-advanced-micro-devices-inc-144835687.html,0.2
2026-07-08 14:48:40+00:00,HONA,MT Newswires,"Honeywell Aerospace's Competitive Edge Lies in Its 'Develop Once, Deploy Everywhere' R&D Model, Morgan Stanley Says",https://finance.yahoo.com/markets/stocks/articles/honeywell-aerospace-apos-competitive-edge-144840591.html,0.6
2026-07-08 14:49:00+00:00,DDOG,Zacks,Datadog Rises 88.7% Year to Date: Should You Still Buy the Stock?,https://finance.yahoo.com/markets/stocks/articles/datadog-rises-88-7-date-144900153.html,0.6
2026-07-08 14:50:06+00:00,REGN,Insider Monkey,"Is Regeneron Pharmaceuticals, Inc. (REGN) Stock Still a Biotech Leader After Analyst Price Target Cut?",https://finance.yahoo.com/healthcare/articles/regeneron-pharmaceuticals-inc-regn-stock-145006692.html,0.1
2026-07-08 15:00:00+00:00,TRI,CNW Group,"Thomson Reuters Second Quarter 2026 Earnings Announcement and Webcast Scheduled for August 5, 2026",https://finance.yahoo.com/markets/stocks/articles/thomson-reuters-second-quarter-2026-150000005.html,0.0
2026-07-08 15:00:53+00:00,WMT,Yahoo Finance Video,Trump admin. reportedly pressured grocers on beef prices ahead of July 4th: What to know,https://finance.yahoo.com/video/trump-admin-reportedly-pressured-grocers-on-beef-prices-ahead-of-july-4th-what-to-know-150053041.html,-0.7
2026-07-08 15:04:40+00:00,VRTX,Insider Monkey,"Is Crinetics Pharmaceuticals, Inc. (CRNX) Stock a Buying Opportunity After a 44% Pullback?",https://finance.yahoo.com/healthcare/articles/crinetics-pharmaceuticals-inc-crnx-stock-150440290.html,0.2
2026-07-08 15:06:22+00:00,BKR,Investing.com,"Wolfe Research bullish on SLB and BKR, sees selective oil services cycle ahead",https://finance.yahoo.com/energy/articles/wolfe-research-bullish-slb-bkr-150622664.html,0.8
2026-07-08 15:11:27+00:00,CRWV,Trefis,The One Number That Could Rewrite the Story for CoreWeave Stock,https://finance.yahoo.com/markets/stocks/articles/one-number-could-rewrite-story-151127981.html,0.5
2026-07-08 15:11:50+00:00,VRTX,MT Newswires,"Biopharma Sector Seen Shifting to Fundamentals From Macro in H2, Morgan Stanley Says",https://finance.yahoo.com/healthcare/articles/biopharma-sector-seen-shifting-fundamentals-151150189.html,0.5
2026-07-08 15:11:50+00:00,RKLB,Simply Wall St.,Can Rocket Lab (RKLB) Justify Its Price After The $8b Deal?,https://finance.yahoo.com/markets/stocks/articles/rocket-lab-rklb-justify-price-151150837.html,-0.5
2026-07-08 15:25:00+00:00,WMT,Motley Fool,Amazon vs. Walmart vs. Costco: Which Is the Smartest Buy for the Second Half of 2026?,https://finance.yahoo.com/markets/stocks/articles/amazon-vs-walmart-vs-costco-152500164.html,0.5
2026-07-08 15:25:00+00:00,LRCX,Zacks,Can AMAT's Advanced Packaging Drive Its Next Growth Phase?,https://finance.yahoo.com/technology/articles/amats-advanced-packaging-drive-next-152500763.html,0.5
2026-07-08 15:25:39+00:00,PLTR,IPO-Edge.com,Ondas Just Built Autonomous Defense Powerhouse With This Major Acquisition,https://finance.yahoo.com/technology/articles/ondas-just-built-autonomous-defense-152539794.html,0.8
2026-07-08 15:26:00+00:00,AMD,Zacks,Arm Holdings' Licensing Momentum Continues to Fuel Revenue Growth,https://finance.yahoo.com/technology/articles/arm-holdings-licensing-momentum-continues-152600229.html,0.8
2026-07-08 15:31:24+00:00,ROST,24/7 Wall St.,JEPI vs. JEPQ: Which Is the Better Buy in July?,https://finance.yahoo.com/markets/options/articles/jepi-vs-jepq-better-buy-153124679.html,0.2
2026-07-08 15:32:00+00:00,INTU,ACCESS Newswire,Remote Quality Bookkeeping Expands with New Massachusetts Office as Small Businesses Face QuickBooks Desktop Retirement,https://finance.yahoo.com/small-business/articles/remote-quality-bookkeeping-expands-massachusetts-153200656.html,0.2
2026-07-08 15:32:25+00:00,TXN,Insider Monkey,Cantor Fitzgerald Lifts Texas Instruments Inc (TXN) Price Target. Here’s Why,https://finance.yahoo.com/markets/stocks/articles/cantor-fitzgerald-lifts-texas-instruments-153225855.html,0.5
2026-07-08 15:36:24+00:00,AMGN,Trefis,The Wide Divide Ahead For Eli Lilly Stock,https://finance.yahoo.com/markets/options/articles/wide-divide-ahead-eli-lilly-153624364.html,-0.5
2026-07-08 15:38:17+00:00,ASML,Insider Monkey,ASML Holding N.V. (ASML) Price Target Raised by Jefferies on Strong Semiconductor Outlook,https://finance.yahoo.com/markets/stocks/articles/asml-holding-n-v-asml-153817672.html,0.8
2026-07-08 15:38:30+00:00,DDOG,Insider Monkey,"Datadog, Inc. (DDOG) A Top AI Stock on Wall Street’s Radar Downgraded at Bernstein SocGen",https://finance.yahoo.com/technology/ai/articles/datadog-inc-ddog-top-ai-153830934.html,-0.5
2026-07-08 15:50:00+00:00,CSCO,WSJ,OpenAI Investor Vinod Khosla Explains His Philosophy on Risk Taking,https://finance.yahoo.com/video/openai-investor-vinod-khosla-explains-155000690.html,0.5
2026-07-08 15:50:17+00:00,PLTR,Insider Monkey,Palantir Technologies (PLTR) Looks Beaten Down Despite Expanding Its Sovereign AI Push,https://finance.yahoo.com/technology/ai/articles/palantir-technologies-pltr-looks-beaten-155017246.html,0.5
2026-07-08 15:50:30+00:00,CEG,Barchart,Nvidia Is Allegedly Delaying Its Kyber Rack-Scale Architecture by More Than 12 Months. What This Means for NVDA Stock.,https://finance.yahoo.com/technology/ai/articles/nvidia-allegedly-delaying-kyber-rack-155030298.html,-0.6
2026-07-08 15:50:40+00:00,ADBE,Insider Monkey,Is Adobe Inc. (ADBE) the Best Beaten Down Technology Stock to Buy Now?,https://finance.yahoo.com/technology/articles/adobe-inc-adbe-best-beaten-155040660.html,0.5
2026-07-08 15:50:49+00:00,SPCX,Yahoo Finance,"SpaceX hits all-time low, dips below IPO opening price as rival Blue Origin seeks new funding",https://finance.yahoo.com/markets/stocks/article/spacex-hits-all-time-low-dips-below-ipo-opening-price-as-rival-blue-origin-seeks-new-funding-155049263.html,-0.6
2026-07-08 15:51:18+00:00,MSTR,Insider Monkey,This is why Citi Cut Strategy Inc. (MSTR) Price Target But Asserted Buy Rating,https://finance.yahoo.com/markets/stocks/articles/why-citi-cut-strategy-inc-155118325.html,0.2
2026-07-08 15:52:07+00:00,SNDK,Motley Fool,Why Did Sandisk Stock Pop Today?,https://finance.yahoo.com/markets/stocks/articles/why-did-sandisk-stock-pop-155207436.html,0.2
2026-07-08 15:56:11+00:00,AVGO,Yahoo Finance Video,Apple & Broadcom ramp up American manufacturing with $30B AI chip partnership,https://finance.yahoo.com/video/apple--broadcom-ramp-up-american-manufacturing-with-30b-ai-chip-partnership-155611706.html,0.8
2026-07-08 15:59:48+00:00,INTC,Yahoo Finance,Nvidia's valuation just hit a multiyear low — even as revenue sets records,https://finance.yahoo.com/technology/article/nvidias-valuation-just-hit-a-multiyear-low--even-as-revenue-sets-records-155948933.html,0.5
2026-07-08 16:00:00+00:00,MSTR,BeInCrypto,Top 3 Crypto Treasury Stocks to Watch Near Key Support Levels,https://finance.yahoo.com/markets/crypto/articles/top-3-crypto-treasury-stocks-160000485.html,0.5
2026-07-08 16:00:03+00:00,CSX,Zacks,Are You Looking for a Top Momentum Pick? Why CSX (CSX) is a Great Choice,https://finance.yahoo.com/markets/stocks/articles/looking-top-momentum-pick-why-160003584.html,0.8
2026-07-08 16:00:03+00:00,DDOG,Zacks,Datadog (DDOG) Moves to Strong Buy: Rationale Behind the Upgrade,https://finance.yahoo.com/markets/stocks/articles/datadog-ddog-moves-strong-buy-160003967.html,0.8
2026-07-08 16:05:15+00:00,MU,reddit.com/r/stocks,"MU stock: bag holders are being created in real time - Someone needs to make a case study on this when the dust settles People keep pouring their money in, buying “dips” They have no idea the stock is actually in a downtrend now lol Some basic tech analysis will show you that we broke an upward trend line on the daily and getting ready to close below the daily 50 EMA 😂 But what",,-0.8
2026-07-08 16:06:00+00:00,CEG,Zacks,"CEG Stock Trails Industry in the Past Year: Time to Buy, Hold or Sell?",https://finance.yahoo.com/markets/stocks/articles/ceg-stock-trails-industry-past-160600944.html,0.1
2026-07-08 16:08:00+00:00,HON,Zacks,"Should You Buy, Sell or Hold Honeywell Stock Post Aerospace Spin-Off?",https://finance.yahoo.com/markets/stocks/articles/buy-sell-hold-honeywell-stock-160800166.html,0.5
2026-07-08 16:08:06+00:00,BKR,MT Newswires,"Update: US Equity Indexes Slide, Crude Oil Surges After Trump Threatens More Strikes on Iran",https://finance.yahoo.com/markets/stocks/articles/us-equity-indexes-slide-crude-160806172.html,-0.7
2026-07-08 16:09:33+00:00,CEG,24/7 Wall St.,XLU vs. VPU: Which Utilities ETF Best Powers the AI Data-Center Boom?,https://finance.yahoo.com/markets/stocks/articles/xlu-vs-vpu-utilities-etf-160933480.html,0.5
2026-07-08 16:10:03+00:00,ADP,Zacks,Will ADP (ADP) Beat Estimates Again in Its Next Earnings Report?,https://finance.yahoo.com/markets/stocks/articles/adp-adp-beat-estimates-again-161003899.html,0.2
2026-07-08 16:12:19+00:00,ALAB,Barrons.com,Chip Stocks Join in Broad Selloff,https://www.barrons.com/livecoverage/stock-market-news-today-070826/card/chip-stocks-rise-despite-broad-sell-off-57FRlQc5rbq2KNPTEOnt?siteid=yhoof2&yptr=yahoo,-0.6
2026-07-08 16:14:00+00:00,MRVL,Zacks,Marvell: The Next Trillion Dollar AI Stock,https://finance.yahoo.com/technology/ai/articles/marvell-next-trillion-dollar-ai-161400938.html,0.6
2026-07-08 16:14:00+00:00,TXN,Zacks,onsemi's Divestitures Strengthen Fab Right Strategy: Here's How,https://finance.yahoo.com/markets/stocks/articles/onsemis-divestitures-strengthen-fab-strategy-161400166.html,0.5
2026-07-08 16:15:33+00:00,NFLX,24/7 Wall St.,T-Mobile or Netflix: Which Punished Stock Actually Belongs in a Retiree’s Portfolio?,https://finance.yahoo.com/markets/stocks/articles/t-mobile-netflix-punished-stock-161533847.html,0.1
2026-07-08 16:18:40+00:00,RKLB,Simply Wall St.,"Rocket Lab (RKLB) Nails VICTUS HAZE Mission, Is The Valuation Still About Right?",https://finance.yahoo.com/markets/stocks/articles/rocket-lab-rklb-nails-victus-161840443.html,0.2
2026-07-08 16:21:00+00:00,NBIS,Motley Fool,Can Meta Platforms Become a Neocloud? Don't Hold Your Breath.,https://finance.yahoo.com/technology/ai/articles/meta-platforms-become-neocloud-dont-162100764.html,-0.6
2026-07-08 16:24:00+00:00,SHOP,Proactive,Shopify reinstated at Bank of America with ‘Buy’ rating on agentic commerce growth outlook,https://finance.yahoo.com/markets/stocks/articles/shopify-reinstated-bank-america-buy-162400267.html,0.6
2026-07-08 16:25:54+00:00,PLTR,Fortune,The billionaires’ ‘summer camp’ that media moguls built is now run by the tech titans trying to replace them,https://finance.yahoo.com/media-advertising/articles/billionaires-summer-camp-media-moguls-162554330.html,-0.5
2026-07-08 16:31:50+00:00,BKNG,GuruFocus.com,"Today's Market: Dow Plunges 800 Points, Nasdaq and S&P 500 Fall 1% After Trump's Iran Warning",https://finance.yahoo.com/markets/articles/todays-market-dow-plunges-800-163150918.html,-0.8
2026-07-08 16:41:39+00:00,ISRG,Trefis,Just How Wide Is The Path Ahead For Intuitive Surgical Stock?,https://finance.yahoo.com/markets/options/articles/just-wide-path-ahead-intuitive-164139506.html,0.2
2026-07-08 16:42:35+00:00,INTC,Motley Fool,"Stock Market Today, July 8: Stocks Slide and Dow Drops 1.5% as Middle East Tensions Spike",https://finance.yahoo.com/markets/stocks/articles/stock-market-today-july-8-164235564.html,-0.8
2026-07-08 16:45:46+00:00,SNDK,24/7 Wall St.,Can SanDisk Outperform the Semiconductor Sector in 2026?,https://finance.yahoo.com/markets/stocks/articles/sandisk-outperform-semiconductor-sector-2026-164546086.html,0.2
2026-07-08 16:48:00+00:00,CMCSA,Barrons.com,A New Bombshell Has Entered Prediction Markets: Love Island,https://www.barrons.com/articles/love-island-kalshi-prediction-markets-7e74ff1c?siteid=yhoof2&yptr=yahoo,0.2
2026-07-08 16:52:27+00:00,WMT,Trefis,How EBAY Stock’s British Experiment Signaled A 50% Surge,https://finance.yahoo.com/markets/stocks/articles/ebay-stock-british-experiment-signaled-165227432.html,0.6
2026-07-08 16:57:40+00:00,GILD,MT Newswires,"Biopharma Companies' Second-Half Performance to be Largely Driven by Fundamentals, Morgan Stanley Says",https://finance.yahoo.com/healthcare/articles/biopharma-companies-apos-second-half-165740122.html,0.5
2026-07-08 17:01:08+00:00,NFLX,Benzinga,She Took A $75K Pay Cut But Still Decided To Build A $250K Pool At Their New House. 'Their Fixed Costs Are At 179%',https://finance.yahoo.com/small-business/articles/she-took-75k-pay-cut-170108292.html,-0.6
2026-07-08 17:01:37+00:00,COST,TheStreet,Costco quietly makes a key credit card change,https://finance.yahoo.com/markets/currencies/articles/costco-quietly-makes-key-credit-170137969.html,0.2
2026-07-08 17:01:50+00:00,BKR,MT Newswires,"Update: US Equity Indexes Decline, Crude Oil Jumps as Trump's Threats to Strike Iran Again Elevate Geopolitical Risk",https://finance.yahoo.com/economy/articles/us-equity-indexes-decline-crude-170150468.html,-0.7
2026-07-08 17:02:36+00:00,PLTR,24/7 Wall St.,Palantir Just Hit $300 Billion. The Numbers Say That’s Only the Start.,https://finance.yahoo.com/markets/stocks/articles/palantir-just-hit-300-billion-170236104.html,0.8
2026-07-08 17:04:22+00:00,NFLX,Barchart,Netflix Stock Slumps Ahead of Q2 Earnings. Staying on the Sidelines May Be the Smartest Move.,https://finance.yahoo.com/markets/stocks/articles/netflix-stock-slumps-ahead-q2-170422617.html,-0.5
2026-07-08 17:05:00+00:00,INTU,Motley Fool,Is Intuit a Buy After Losing More Than 50% Year to Date?,https://finance.yahoo.com/markets/stocks/articles/intuit-buy-losing-more-50-170500308.html,-0.6
2026-07-08 17:10:16+00:00,TMUS,Simply Wall St.,Verizon (VZ) Launches Carrier Fraud Tool As SOVA Deal Expands Enterprise Reach,https://finance.yahoo.com/technology/articles/verizon-vz-launches-carrier-fraud-171016375.html,0.5
2026-07-08 17:11:16+00:00,MRVL,Simply Wall St.,Marvell (MRVL) Is Down 22.6% After NVIDIA’s $2 Billion AI Bet And Index Exit - What's Changed,https://finance.yahoo.com/markets/stocks/articles/marvell-mrvl-down-22-6-171116041.html,-0.6
2026-07-08 17:11:43+00:00,RKLB,24/7 Wall St.,Rocket Lab Bull-Case Target Set at $293 by Morgan Stanley,https://finance.yahoo.com/markets/stocks/articles/rocket-lab-bull-case-target-171143678.html,0.5
2026-07-08 17:14:00+00:00,PYPL,Zacks,PayPal AI Push: Will $1.5B Savings Drive Faster Growth Ahead?,https://finance.yahoo.com/technology/ai/articles/paypal-ai-push-1-5b-171400104.html,0.5
2026-07-08 17:16:22+00:00,RKLB,IPO-Edge.com,Former Merck and NASA Veterans Join SpaceMD as Space Pharma Momentum Builds,https://finance.yahoo.com/healthcare/articles/former-merck-nasa-veterans-join-171622916.html,0.6
2026-07-08 17:20:00+00:00,SNDK,Motley Fool,"Could a $25,000 Investment in SanDisk Stock Make You a Millionaire?",https://finance.yahoo.com/markets/stocks/articles/could-25-000-investment-sandisk-172000818.html,0.5
2026-07-08 17:22:17+00:00,FANG,24/7 Wall St.,"Occidental Petroleum Jumps 4% While ExxonMobil, Chevron Lag: Evercore Upgrade and Oil Spike Fuel OXY’s Lead",https://finance.yahoo.com/energy/articles/occidental-petroleum-jumps-4-while-172217456.html,0.6
2026-07-08 17:25:51+00:00,RKLB,reddit.com/r/stocks,"A big drop is a buying opportunity. What is everyone buying during this pullback? - Recently, the market has been acting up every few days, and I’ve been using these pullbacks to steadily accumulate solid value stocks that haven’t been overly hyped by AI money. OUST is benefiting from explosive demand in physical logistics and industrial automation. Its cutting edge digital LiDAR technology is taking significant market share. As robotics and smart infrastructure continue to",,0.6
2026-07-08 17:27:47+00:00,PLTR,Investor's Business Daily,'Sticker Shock' Powers Open-Source AI Growth. What It Means For Top AI Stocks.,https://www.investors.com/news/technology/ai-stocks-open-source-ai-models-meta-stock-nvidia/?src=A00220&yptr=yahoo,0.5
2026-07-08 17:28:21+00:00,ODFL,Sourcing Journal,"Old Dominion, J.B. Hunt, XPO Lead Sector in Market Cap Rankings",https://finance.yahoo.com/markets/stocks/articles/old-dominion-j-b-hunt-172821134.html,0.5
2026-07-08 17:37:35+00:00,BKR,MT Newswires,Sector Update: Energy Stocks Gain Wednesday Afternoon,https://finance.yahoo.com/energy/articles/sector-energy-stocks-gain-wednesday-173735933.html,0.5
2026-07-08 17:39:27+00:00,MSFT,MT Newswires,Sector Update: Tech Stocks Rise Wednesday Afternoon,https://finance.yahoo.com/technology/articles/sector-tech-stocks-rise-wednesday-173927838.html,0.5
2026-07-08 17:45:08+00:00,INTC,24/7 Wall St.,Price Prediction: Intel Soared 450% in a Year. Will The Rally Continue?,https://finance.yahoo.com/markets/stocks/articles/price-prediction-intel-soared-450-174508014.html,0.5
2026-07-08 17:48:44+00:00,PLTR,GuruFocus.com,Palantir Leads Software Stocks Lower,https://finance.yahoo.com/markets/stocks/articles/palantir-leads-software-stocks-lower-174844080.html,-0.5
2026-07-08 17:55:13+00:00,INTC,GuruFocus.com,Nvidia Rises on China and AI Partnership Buzz,https://finance.yahoo.com/technology/ai/articles/nvidia-rises-china-ai-partnership-175513120.html,0.6
2026-07-08 17:55:43+00:00,PLTR,Motley Fool,Why Palantir Technologies Stock Just Dropped,https://finance.yahoo.com/markets/stocks/articles/why-palantir-technologies-stock-just-175543915.html,-0.5
2026-07-08 17:57:18+00:00,WMT,MediaPost,Will Ace Hardwire RedVest Into An AI Retail Media Network?,https://finance.yahoo.com/media-advertising/articles/ace-hardwire-redvest-ai-retail-175718285.html,0.2
2026-07-08 18:00:00+00:00,MSFT,Oilprice.com,West Texas Cowboys Are Cashing In on the AI Land Rush,https://finance.yahoo.com/technology/ai/articles/west-texas-cowboys-cashing-ai-180000409.html,0.5
2026-07-08 18:01:22+00:00,MSTR,Benzinga,"As Michael Saylor's Strategy Normalizes Bitcoin Sales, Crypto Punters Doubt It Will Reach 1 Million BTC by Year-End",https://finance.yahoo.com/markets/crypto/articles/michael-saylors-strategy-normalizes-bitcoin-180122755.html,-0.5
2026-07-08 18:05:00+00:00,MSFT,Motley Fool,Microsoft Is Downsizing Its Xbox Unit. Will That Rescue Its Stock?,https://finance.yahoo.com/markets/stocks/articles/microsoft-downsizing-xbox-unit-rescue-180500707.html,0.1
2026-07-08 18:07:00+00:00,QCOM,Zacks,Qualcomm AI Factory Bet Comes as the Semiconductor Pendulum Swings,https://finance.yahoo.com/technology/ai/articles/qualcomm-ai-factory-bet-comes-180700653.html,0.2
2026-07-08 18:13:23+00:00,AMD,BeInCrypto,Why is the US Stock Market Down Today?,https://finance.yahoo.com/markets/stocks/articles/why-us-stock-market-down-193723673.html,-0.5
2026-07-08 18:15:34+00:00,INTC,24/7 Wall St.,Broadcom Spikes 5% on Expanded Apple Chip Deal; Intel and AMD Drift Lower,https://finance.yahoo.com/markets/stocks/articles/broadcom-spikes-5-expanded-apple-181534593.html,0.2
2026-07-08 18:21:00+00:00,PLTR,Motley Fool,This Wall Street Analyst Sees 30% Upside in Palantir. Is It Time to Buy the Stock?,https://finance.yahoo.com/markets/stocks/articles/wall-street-analyst-sees-30-182100060.html,0.6
2026-07-08 18:21:44+00:00,CRWV,Simply Wall St.,CoreWeave (CRWV) Secures Helios Power As New Commitments Reach $40 Billion,https://finance.yahoo.com/markets/stocks/articles/coreweave-crwv-secures-helios-power-182144925.html,0.8
2026-07-08 18:22:29+00:00,AXON,Simply Wall St.,Axon Enterprise (AXON) Following Its Public Safety Platform Narrative Looks Fully Valued,https://finance.yahoo.com/markets/stocks/articles/axon-enterprise-axon-following-public-182229309.html,-0.5
2026-07-08 18:27:00+00:00,MSTR,Barrons.com,Why MSTR Stock Is Down Despite a New Buy Rating,https://www.barrons.com/articles/microstrategy-stock-price-mstr-barclays-analyst-buy-bitcoin-stratgey-4a6ee758?siteid=yhoof2&yptr=yahoo,-0.5
2026-07-08 18:33:57+00:00,TSLA,GuruFocus.com,'Big Short' Michael Burry Bets Against Nvidia and Tesla Again,https://finance.yahoo.com/markets/stocks/articles/big-short-michael-burry-bets-183357587.html,-0.7
2026-07-08 18:37:38+00:00,NXPI,Trefis,Texas Instruments Stock Is Running On A Bold Promise,https://finance.yahoo.com/markets/stocks/articles/texas-instruments-stock-running-bold-183738468.html,0.6
2026-07-08 18:44:00+00:00,AMD,Zacks,"Cerebras Stock: Wafer-Scale AI Offers Big Potential, Big Risks?",https://finance.yahoo.com/technology/ai/articles/cerebras-stock-wafer-scale-ai-184400121.html,0.2
2026-07-08 18:44:52+00:00,ABNB,24/7 Wall St.,Airbnb’s $90 Billion Growth Story Is Far From Peaking,https://finance.yahoo.com/markets/stocks/articles/airbnb-90-billion-growth-story-184452194.html,0.8
2026-07-08 18:46:00+00:00,INTC,Stocktwits,"NVDA, AVGO, MU, INTC Stocks Gain: Top Wall Street Traders See No Signs Of Panic In Chips Or AI Even As Correction Territory Looms",https://finance.yahoo.com/markets/stocks/articles/nvda-avgo-mu-intc-stocks-184600258.html,0.6
2026-07-08 18:47:00+00:00,CMCSA,TheStreet,Comcast targets frustrated T-Mobile customers with free offer,https://finance.yahoo.com/media-advertising/articles/comcast-targets-frustrated-t-mobile-184700146.html,0.5
2026-07-08 18:48:18+00:00,AMAT,Insider Monkey,"Susquehanna Raises Price Target on Applied Materials, Inc. (AMAT)",https://finance.yahoo.com/markets/stocks/articles/susquehanna-raises-price-target-applied-184818587.html,0.5
2026-07-08 18:48:27+00:00,AMD,Insider Monkey,"Bull vs Bear case of Advanced Micro Devices, Inc. (AMD)",https://finance.yahoo.com/markets/stocks/articles/bull-vs-bear-case-advanced-184827819.html,0.0
2026-07-08 18:48:34+00:00,LITE,Insider Monkey,How Lumentum Holdings Inc. (LITE) Became a Critical Piece of the AI Boom,https://finance.yahoo.com/markets/stocks/articles/lumentum-holdings-inc-lite-became-184834647.html,0.5
2026-07-08 18:49:00+00:00,AVGO,Barrons.com,Apple and Broadcom Shake Up Tech Sector With $30 Billion Deal,https://www.barrons.com/articles/apple-stock-price-broadcom-chip-deal-fb8c6dd9?siteid=yhoof2&yptr=yahoo,0.5
2026-07-08 18:49:09+00:00,SNDK,Insider Monkey,Is  Sandisk Corporation (NASDAQ:SNDK) Among  the Best Stocks to Buy for the Second Half of 2026?,https://finance.yahoo.com/markets/stocks/articles/sandisk-corporation-nasdaq-sndk-among-184909819.html,0.5
2026-07-08 18:49:28+00:00,INTC,Insider Monkey,Apple and Intel Corporation (INTC) Chip Deal makes Strategic Sense but Production is Years Away,https://finance.yahoo.com/markets/stocks/articles/apple-intel-corporation-intc-chip-184928887.html,0.2
2026-07-08 18:49:35+00:00,STX,Insider Monkey,Melius Research Starts Coverage of Seagate Technology Holdings plc (STX),https://finance.yahoo.com/markets/stocks/articles/melius-research-starts-coverage-seagate-184935923.html,0.2
2026-07-08 18:50:18+00:00,AMZN,Insider Monkey,Corning Incorporated (GLW) Announces Quarterly Dividend,https://finance.yahoo.com/markets/stocks/articles/corning-incorporated-glw-announces-quarterly-185018770.html,0.5
2026-07-08 18:50:37+00:00,WDC,Insider Monkey,Melius Research is Bullish on Western Digital Corporation (WDC),https://finance.yahoo.com/markets/stocks/articles/melius-research-bullish-western-digital-185037311.html,0.8
2026-07-08 18:50:43+00:00,TER,Insider Monkey,"Cantor Fitzgerald Increases its Price Target on Teradyne, Inc. (TER)",https://finance.yahoo.com/markets/stocks/articles/cantor-fitzgerald-increases-price-target-185043122.html,0.5
2026-07-08 18:51:00+00:00,CMCSA,Barrons.com,Is SpaceX’s Starlink a Real Threat to AT&T and Verizon?,https://www.barrons.com/articles/verizon-stock-price-spacex-starlink-risk-dad1fac9?siteid=yhoof2&yptr=yahoo,0.2
2026-07-08 18:53:01+00:00,WMT,Motley Fool,Walmart and Target: What Their Revenue Trends Mean for Investors,https://finance.yahoo.com/markets/stocks/articles/walmart-target-revenue-trends-mean-185301523.html,0.5
2026-07-08 18:55:09+00:00,STX,24/7 Wall St.,"Every Memory Stock Is Now in a Bear Market: Is Micron, SanDisk, or Applied Materials the Best Buy?",https://finance.yahoo.com/markets/stocks/articles/every-memory-stock-now-bear-185509124.html,-0.5
2026-07-08 18:58:30+00:00,NBIS,Barchart,Nebius Stock Sold Off on Meta’s Data Center News. Buy the Dip.,https://finance.yahoo.com/markets/stocks/articles/nebius-stock-sold-off-meta-185830152.html,0.5
2026-07-08 19:00:00+00:00,MSFT,Zacks,Microsoft's Quantum Security Push: 1 Stock With 111% Upside to Buy Now,https://finance.yahoo.com/markets/stocks/articles/microsofts-quantum-security-push-1-190000381.html,0.8
2026-07-08 19:00:00+00:00,MU,Zacks,Micron Stock Drops 10%+ After Earnings - Is This a Buying Opportunity?,https://finance.yahoo.com/markets/stocks/articles/micron-stock-drops-10-earnings-190000013.html,-0.5
2026-07-08 19:06:00+00:00,DASH,Proactive,Domino's expected to report weaker US sales in second quarter as investors look for recovery plans,https://finance.yahoo.com/markets/stocks/articles/dominos-expected-report-weaker-us-190600262.html,-0.5
2026-07-08 19:06:00+00:00,CRWV,Motley Fool,Mark Zuckerberg's Meta Is Entering What Could Be a $2 Trillion Cloud Market. CoreWeave Stock Fell 14% on the News.,https://finance.yahoo.com/technology/articles/mark-zuckerbergs-meta-entering-could-190600792.html,0.1
2026-07-08 19:09:28+00:00,AMZN,GuruFocus.com,Estee Lauder Raises Restructuring Charges to $1.75 Billion,https://finance.yahoo.com/markets/stocks/articles/estee-lauder-raises-restructuring-charges-190928171.html,-0.5
2026-07-08 19:12:34+00:00,ASML,Simply Wall St.,"ASML Holding (ENXTAM:ASML) Swings On Analyst Sentiment, Is It 17% Overvalued?",https://finance.yahoo.com/markets/stocks/articles/asml-holding-enxtam-asml-swings-191234749.html,-0.5
2026-07-08 19:13:30+00:00,DDOG,Simply Wall St.,"Datadog (DDOG) Draws Mixed Analyst Calls, Is The AI Upside Already Priced In?",https://finance.yahoo.com/markets/stocks/articles/datadog-ddog-draws-mixed-analyst-191330758.html,0.2
2026-07-08 19:15:11+00:00,AVGO,24/7 Wall St.,Broadcom Vs. Apple: AVGO Just Locked in Apple Through 2031 Which is Why You Should Buy it Over AAPL,https://finance.yahoo.com/technology/ai/articles/broadcom-vs-apple-avgo-just-191511419.html,0.6
2026-07-08 19:16:05+00:00,GOOG,Entrepreneur,"Google Paid Him $986,000 in a Single Year. Here’s Why He Still Left: ‘Life-Changing Money’",https://finance.yahoo.com/technology/ai/articles/google-paid-him-986-000-191605138.html,0.5
2026-07-08 19:16:44+00:00,PAYX,Trefis,The Toughest Questions PAYX Faced On Its Latest Call,https://finance.yahoo.com/markets/stocks/articles/toughest-questions-payx-faced-latest-191644898.html,-0.5
2026-07-08 19:19:02+00:00,SBUX,GuruFocus.com,"Blue Tokai Targets 800 Stores, Sees Revenue Jump Over 50%",https://finance.yahoo.com/small-business/articles/blue-tokai-targets-800-stores-191902319.html,0.6
2026-07-08 19:20:17+00:00,MSFT,Insider Monkey,IREN Limited (IREN) Co-founders Score US$788M Pay Packet Amid AI Bonanza,https://finance.yahoo.com/technology/ai/articles/iren-limited-iren-co-founders-192017979.html,0.5
2026-07-08 19:20:32+00:00,TSLA,Stocktwits,TSLA Stock Slips: Tesla's AI Chief Confirms Voice Commands For FSD Under Works,https://finance.yahoo.com/technology/ai/articles/tsla-stock-slips-teslas-ai-192032447.html,0.2
2026-07-08 19:21:00+00:00,MU,Motley Fool,Missed Out on Nvidia's Historic Run? These 2 Winners Are Just Getting Started.,https://finance.yahoo.com/markets/stocks/articles/missed-nvidias-historic-run-2-192100070.html,0.8
2026-07-08 19:28:38+00:00,AMZN,Fortune,Amazon’s $25 billion ‘surprise’ bond sale dangled extra yield to lure in buyers—and flashed a warning sign about the AI boom,https://finance.yahoo.com/markets/stocks/articles/amazon-25-billion-surprise-bond-192838890.html,0.2
2026-07-08 19:31:30+00:00,META,Reuters,"Meta to build C$13 billion Alberta data center, its first in Canada",https://finance.yahoo.com/technology/ai/articles/meta-build-c-13-billion-193130673.html,0.6
2026-07-08 19:32:11+00:00,MU,Insider Monkey,Micron Technology (MU) CEO on How Tough Price Negotiations by Customers Contributed to Memory Shortage,https://finance.yahoo.com/markets/stocks/articles/micron-technology-inc-mu-ceo-184811657.html,-0.5
2026-07-08 19:32:52+00:00,INTC,GuruFocus.com,Nvidia Stock Is Cheaper Than It's Been Since the AI Boom Began,https://finance.yahoo.com/markets/stocks/articles/nvidia-stock-cheaper-since-ai-193252581.html,0.5
2026-07-08 19:36:00+00:00,ASML,Barrons.com,Here Are Investment Pros’ Favorite Funds for Today’s Choppy Market,https://www.barrons.com/advisor/articles/best-etfs-funds-stock-market-now-a2d31811?siteid=yhoof2&yptr=yahoo,0.5
2026-07-08 19:36:29+00:00,GOOG,24/7 Wall St.,The MediaTek Ghost Story Just Dropped the World’s Most Powerful Custom-Silicon Juggernaut Into a 25% Discount Zone,https://finance.yahoo.com/technology/ai/articles/mediatek-ghost-story-just-dropped-193629940.html,0.6
2026-07-08 19:37:00+00:00,TSLA,Barrons.com,Sunrun Wants to Put AI Data Centers in Homes. It Isn’t Lifting the Stock.,https://www.barrons.com/articles/sunrun-solar-energy-ai-data-centers-a4ea0368?siteid=yhoof2&yptr=yahoo,-0.5
2026-07-08 19:39:36+00:00,AMZN,MT Newswires,Sector Update: Tech Stocks Rise Late Afternoon,https://finance.yahoo.com/markets/stocks/articles/sector-tech-stocks-rise-afternoon-193936783.html,0.5
2026-07-08 19:41:45+00:00,AMZN,Blockspace,"Why Anthropic Could Be Worth $6T by 2027, Inside CCP-Affiliated Data Center Pushback, Amazon’s $25B Bond",https://finance.yahoo.com/video/why-anthropic-could-worth-6t-194145031.html,0.2
2026-07-08 19:43:00+00:00,INTC,Motley Fool,Should You Buy Intel Stock Before July 23?,https://finance.yahoo.com/markets/stocks/articles/buy-intel-stock-july-23-194300560.html,0.2
2026-07-08 19:44:59+00:00,MSTR,24/7 Wall St.,Bitmine Immersion Technologies Stock Is Down 46% This Year: Is It Time to Switch to Strategy or Circle Internet Group?,https://finance.yahoo.com/markets/crypto/articles/bitmine-immersion-technologies-stock-down-194459866.html,-0.5
2026-07-08 19:46:44+00:00,BKNG,StockStory,"Expedia, Booking, and Airbnb Shares Plummet, What You Need To Know",https://finance.yahoo.com/markets/stocks/articles/expedia-booking-airbnb-shares-plummet-194644420.html,-0.6
2026-07-08 19:47:48+00:00,WBD,MT Newswires,Sector Update: Consumer Stocks Lower in Late Afternoon Trading,https://finance.yahoo.com/markets/stocks/articles/sector-consumer-stocks-lower-afternoon-194748862.html,-0.5
2026-07-08 19:50:00+00:00,RKLB,Motley Fool,Better Space Stock to Buy Before 2026 Runs Out: SpaceX vs. Rocket Lab,https://finance.yahoo.com/markets/stocks/articles/better-space-stock-buy-2026-195000896.html,0.5
2026-07-08 19:52:00+00:00,META,Business Wire,Pembina Congratulates Meta and the Government of Alberta on New Data Centre Investment,https://finance.yahoo.com/energy/articles/pembina-congratulates-meta-government-alberta-195200489.html,0.8
2026-07-08 19:53:00+00:00,META,GlobeNewswire,Capital Power Enters Long-term Energy Supply Agreement with Meta in Alberta,https://finance.yahoo.com/energy/articles/capital-power-enters-long-term-195300512.html,0.5
2026-07-08 19:54:26+00:00,WDAY,reddit.com/r/stocks,"WDAY trades at 44x trailing earnings but the forward multiple tells a completely different story. Dug into Workday. - Workday keeps showing up on ""expensive software"" screens because of its \~44x trailing P/E. But that trailing number is sitting on a depressed/volatile earnings base, and the forward picture looks nothing like it. Wanted to lay out the bull and bear perspectives. The bull case: \- Gross margin 75.77% - real pricing power, entrenched in enterprise",,0.6
2026-07-08 19:55:27+00:00,AAPL,GuruFocus.com,Apple's Memory Strategy Faces China Risk,https://finance.yahoo.com/technology/articles/apples-memory-strategy-faces-china-153339280.html,-0.5
2026-07-08 19:56:47+00:00,BKR,MT Newswires,Sector Update: Energy Stocks Gain Late Afternoon,https://finance.yahoo.com/energy/articles/sector-energy-stocks-gain-afternoon-195647980.html,0.5
2026-07-08 19:59:17+00:00,AAPL,Reuters Videos,Apple to spend $30 billion on US-made chips from Broadcom,https://finance.yahoo.com/video/apple-spend-30-billion-us-195917285.html,0.5
2026-07-08 20:00:00+00:00,PEP,Barrons.com,PepsiCo Earnings Will Show Whether Its Turnaround Is Taking Hold,https://www.barrons.com/articles/pepsico-earnings-stock-price-fda2c714?siteid=yhoof2&yptr=yahoo,0.5
2026-07-08 20:02:39+00:00,CRWV,24/7 Wall St.,CRWV Vs. QQQ: Buy CoreWeave for Explosive AI Alpha or Hold QQQ for Insulated Macro Safety?,https://finance.yahoo.com/markets/stocks/articles/crwv-vs-qqq-buy-coreweave-200239169.html,0.2
2026-07-08 20:04:28+00:00,AVGO,Yahoo Finance Video,"Broadcom stock jumps on Apple AI chip deal, while Nvidia's relative stock price drops",https://finance.yahoo.com/video/broadcom-stock-jumps-on-apple-ai-chip-deal-while-nvidias-relative-stock-price-drops-200428968.html,0.5
2026-07-08 20:05:00+00:00,MSFT,PR Newswire,Microsoft announces quarterly earnings release date,https://finance.yahoo.com/markets/stocks/articles/microsoft-announces-quarterly-earnings-release-200500926.html,0.0
2026-07-08 20:05:00+00:00,HON,Business Wire,Honeywell Technologies Updates 2026 Financial Guidance Following Reverse Stock Split,https://finance.yahoo.com/markets/stocks/articles/honeywell-technologies-updates-2026-financial-200500280.html,0.2
2026-07-08 20:05:00+00:00,LRCX,PR Newswire,Lam Research Corporation Announces June Quarter Financial Conference Call,https://finance.yahoo.com/markets/stocks/articles/lam-research-corporation-announces-june-200500520.html,0.0
2026-07-08 20:05:00+00:00,ALAB,GlobeNewswire,Astera Labs Announces Conference Call to Review Second Quarter 2026 Financial Results,https://finance.yahoo.com/technology/articles/astera-labs-announces-conference-call-200500463.html,0.0
2026-07-08 20:10:00+00:00,MNST,GlobeNewswire,Monster Beverage Declares Two-for-One Stock Split,https://finance.yahoo.com/markets/stocks/articles/monster-beverage-declares-two-one-201000064.html,0.5
2026-07-08 20:10:44+00:00,DASH,StockStory,"DoorDash, Bumble, and Teladoc Shares Plummet, What You Need To Know",https://finance.yahoo.com/markets/stocks/articles/doordash-bumble-teladoc-shares-plummet-201044670.html,-0.6
2026-07-08 20:12:24+00:00,LITE,Simply Wall St.,Lumentum Holdings (LITE) Could Be 86% Undervalued Despite Russell Index Removals,https://finance.yahoo.com/markets/stocks/articles/lumentum-holdings-lite-could-86-201224759.html,0.8
2026-07-08 20:12:29+00:00,TER,Simply Wall St.,Can Teradyne (TER) Justify Its Price After AI Test And Robotics Optimism?,https://finance.yahoo.com/markets/stocks/articles/teradyne-ter-justify-price-ai-201229429.html,0.2
2026-07-08 20:12:33+00:00,AMD,Simply Wall St.,AMD (AMD) Stock Looks Fully Valued Despite Strong AI Growth Hopes,https://finance.yahoo.com/markets/stocks/articles/amd-amd-stock-looks-fully-201233352.html,-0.5
2026-07-08 20:14:08+00:00,TTWO,Simply Wall St.,Take Two Interactive Software (TTWO) Stock Could Be Fully Priced Following GTA VI Pre Order Buzz,https://finance.yahoo.com/markets/stocks/articles/two-interactive-software-ttwo-stock-201408890.html,0.2
2026-07-08 20:14:46+00:00,MSFT,Simply Wall St.,SAP (XTRA:SAP) Stock Looks Below Fair Value Despite AI Hopes,https://finance.yahoo.com/markets/stocks/articles/sap-xtra-sap-stock-looks-201446170.html,-0.5
2026-07-08 20:15:00+00:00,AMD,GlobeNewswire,AMD to Report Fiscal Second Quarter 2026 Financial Results,https://finance.yahoo.com/markets/stocks/articles/amd-report-fiscal-second-quarter-201500277.html,0.0
2026-07-08 20:15:00+00:00,COST,GlobeNewswire,Costco Wholesale Corporation Reports June Sales Results and Announces Quarterly Cash Dividend,https://finance.yahoo.com/markets/stocks/articles/costco-wholesale-corporation-reports-june-201500138.html,0.5
2026-07-08 20:16:15+00:00,META,Blockspace,Meta breaks ground on first Canadian data center in CA$13 billion Alberta build,https://finance.yahoo.com/technology/articles/meta-breaks-ground-first-canadian-201615223.html,0.6
2026-07-08 20:16:54+00:00,META,MT Newswires,Capital Power Enters Long-Term Power Deal for Meta's Data Center in Alberta,https://finance.yahoo.com/energy/articles/capital-power-enters-long-term-201654565.html,0.5
2026-07-08 20:17:00+00:00,PLTR,Barrons.com,Palantir Stock’s 25% Rally Hits the Brakes as Shares Close Lower,https://www.barrons.com/articles/palantir-stock-financial-times-report-ai-4d674f84?siteid=yhoof2&yptr=yahoo,-0.5
2026-07-08 20:17:39+00:00,PANW,Barchart,Why Needham Just Raised Its Palo Alto Stock Price Target by More Than 20%,https://finance.yahoo.com/markets/stocks/articles/why-needham-just-raised-palo-201739925.html,0.5
2026-07-08 20:20:00+00:00,META,Motley Fool,Does This News Make Meta Platforms Stock a Buy?,https://finance.yahoo.com/markets/stocks/articles/does-news-meta-platforms-stock-202000804.html,0.2
2026-07-08 20:24:28+00:00,DASH,MT Newswires,"Domino's Quarterly Results Likely Impacted by Macro Pressures, Promotions, UBS Says",https://finance.yahoo.com/markets/stocks/articles/domino-apos-quarterly-results-likely-202428834.html,-0.5
2026-07-08 20:25:00+00:00,GOOGL,Barrons.com,The Reason Behind Blue Origin’s Eye-Popping Valuation,https://www.barrons.com/articles/blue-origin-valuation-spacex-stock-2fa424ae?siteid=yhoof2&yptr=yahoo,0.5
2026-07-08 20:25:00+00:00,COST,Yahoo Finance Video,Gotta collect 'em all: Trading card market could be worth up to $20 billion,https://finance.yahoo.com/video/gotta-collect-em-trading-card-202500643.html,0.6
2026-07-08 20:25:00+00:00,TSLA,Motley Fool,Tesla Stock Sank 7% Despite Record Deliveries,https://finance.yahoo.com/markets/stocks/articles/tesla-stock-sank-7-despite-202500396.html,-0.6
2026-07-08 20:25:30+00:00,AAPL,Investor's Business Daily,Apple Deal With Broadcom Bolsters Its Made-In-America Goals,https://www.investors.com/news/technology/apple-stock-broadcom-deal-bolsters-made-in-usa-efforts/?src=A00220&yptr=yahoo,0.6
2026-07-08 20:26:00+00:00,TSLA,Barrons.com,Why a Tesla-SpaceX Merger Is No Sure Thing,https://www.barrons.com/articles/tesla-spacex-merger-401e238b?siteid=yhoof2&yptr=yahoo,-0.5
2026-07-08 20:29:00+00:00,TSLA,Zacks,"Top Research Reports for Tesla, Bank of America & Merck",https://finance.yahoo.com/markets/stocks/articles/top-research-reports-tesla-bank-202900156.html,0.5
2026-07-08 20:29:26+00:00,PYPL,Trefis,PYPL Stock: Where Compounding Could Take The Price,https://finance.yahoo.com/markets/stocks/articles/pypl-stock-where-compounding-could-202926334.html,0.5
2026-07-08 20:29:50+00:00,ASML,TechCrunch,"With EU backing, QuantumDiamonds aims to speed up chip manufacturing",https://finance.yahoo.com/technology/articles/eu-backing-quantumdiamonds-aims-speed-202950030.html,0.5
2026-07-08 20:30:00+00:00,CPRT,Business Wire,Copart Announces Promotion of Jane Pocock to President,https://finance.yahoo.com/markets/stocks/articles/copart-announces-promotion-jane-pocock-203000140.html,0.5
2026-07-08 20:35:00+00:00,FAST,Business Wire,Fastenal Releases its 2026 Impact Report,https://finance.yahoo.com/small-business/articles/fastenal-releases-2026-impact-report-203500841.html,0.0
2026-07-08 20:35:57+00:00,META,Yahoo Finance,Meta is expanding its data center build-out to Canada,https://finance.yahoo.com/technology/article/meta-is-expanding-its-data-center-build-out-to-canada-203557315.html,0.5
2026-07-08 20:36:00+00:00,MSFT,Barrons.com,What Is SpaceX Really Worth? Wall Street Disagrees on Elon Musk’s Huge Valuation.,https://www.barrons.com/articles/spacex-stock-price-valuation-d3059231?siteid=yhoof2&yptr=yahoo,0.1
2026-07-08 20:36:41+00:00,META,24/7 Wall St.,Jim Cramer Sees Tech Rebound And Oracle Upside as Data Center Spending Reshapes Market,https://finance.yahoo.com/technology/articles/jim-cramer-sees-tech-rebound-203641731.html,0.6
2026-07-08 20:39:51+00:00,NVDA,Yahoo Finance Video,China warned that Anthropic's Claude Code puts your data at risk. Is that true?,https://finance.yahoo.com/video/china-warned-that-anthropics-claude-code-puts-your-data-at-risk-is-that-true-203951387.html,-0.6
2026-07-08 20:40:00+00:00,APP,Motley Fool,AppLovin Pulled Back 16% in June. Is It a Buy?,https://finance.yahoo.com/markets/stocks/articles/applovin-pulled-back-16-june-204000389.html,0.2
2026-07-08 20:40:02+00:00,AVGO,MT Newswires,Update: Dow Logs Worst Day in 4 Weeks Amid Renewed US-Iran Tensions,https://finance.yahoo.com/markets/stocks/articles/dow-logs-worst-day-4-204002072.html,-0.8
2026-07-08 20:40:20+00:00,WDC,Investor's Business Daily,Stock Market Today: Nasdaq Swings To Score A Win; Fed Minutes Show Split On Direction,https://www.investors.com/market-trend/stock-market-today/dow-jones-sp500-nasdaq-trump-us-iran-ceasefire-micron-sandisk/?src=A00220&yptr=yahoo,0.2
2026-07-08 20:41:08+00:00,MU,Insider Monkey,Is Micron (MU) One of the Most Profitable Cheap Stocks to Buy Right Now?,https://finance.yahoo.com/markets/stocks/articles/micron-mu-one-most-profitable-204108584.html,0.5
2026-07-08 20:41:27+00:00,SNDK,Insider Monkey,Sandisk (SNDK): Among the Most Profitable Cheap Stocks to Invest In,https://finance.yahoo.com/markets/stocks/articles/sandisk-sndk-among-most-profitable-204127790.html,0.8
2026-07-08 20:41:58+00:00,MSTR,TheStreet,"This is what $1,000 investment in Strategy 10 years ago is worth today",https://finance.yahoo.com/markets/stocks/articles/1-000-investment-strategy-10-204158422.html,0.5
2026-07-08 20:45:18+00:00,NXPI,Investor's Business Daily,"Nvidia, Chip Stocks Rally Despite U.S.-Iran War Flare-Up",https://www.investors.com/news/technology/nvidia-stock-chip-stocks-waver-sox/?src=A00220&yptr=yahoo,0.6
2026-07-08 20:45:33+00:00,META,AFP,Meta to build $9 billion data center in western Canada,https://finance.yahoo.com/technology/articles/meta-build-9-billion-data-204533628.html,0.5
2026-07-08 20:46:57+00:00,TSLA,Trefis,ARKK's Dip History Comes With A Warning,https://finance.yahoo.com/markets/stocks/articles/arkks-dip-history-comes-warning-204657912.html,0.1
2026-07-08 20:47:12+00:00,INTU,Insider Monkey,Stifel and Goldman Cut Intuit (INTU) Ratings,https://finance.yahoo.com/markets/stocks/articles/stifel-goldman-cut-intuit-intu-204712531.html,-0.5
2026-07-08 20:47:51+00:00,ADBE,Insider Monkey,Adobe (ADBE) to Acquire Topaz Labs,https://finance.yahoo.com/technology/ai/articles/adobe-adbe-acquire-topaz-labs-204751561.html,0.5
2026-07-08 20:48:26+00:00,GILD,Insider Monkey,Morgan Stanley Keeps Buy Rating on Gilead (GILD),https://finance.yahoo.com/healthcare/articles/morgan-stanley-keeps-buy-rating-204826865.html,0.5
2026-07-08 20:48:33+00:00,PDD,Insider Monkey,Citi Sees Buying Opportunity in PDD,https://finance.yahoo.com/markets/stocks/articles/citi-sees-buying-opportunity-pdd-204833392.html,0.5
2026-07-08 20:50:00+00:00,AVGO,Barrons.com,"Micron, Broadcom, Palantir, Delta, SpaceX, and More Stocks That Explain Today’s Market",https://www.barrons.com/articles/stock-movers-f03ec33d?siteid=yhoof2&yptr=yahoo,0.2
2026-07-08 20:59:20+00:00,GOOGL,Barchart,"As Cognizant Links Up with Google on AI Deal, Here’s How to Play CTSH Stock Now",https://finance.yahoo.com/technology/ai/articles/cognizant-links-google-ai-deal-205920031.html,0.2
2026-07-08 21:01:29+00:00,AMZN,Yahoo Finance Video,Jeff Bezos's Blue Origin is looking to fuel growth. What does that mean for rival SpaceX?,https://finance.yahoo.com/video/jeff-bezoss-blue-origin-is-looking-to-fuel-growth-what-does-that-mean-for-rival-spacex-210129232.html,0.2
2026-07-08 21:03:00+00:00,META,Barrons.com,Why SpaceX’s Multi-Billion Dollar Debt Sale Is Already Losing Money for Investors,https://www.barrons.com/articles/spacex-bonds-debt-sale-stock-ecb75ccc?siteid=yhoof2&yptr=yahoo,-0.8
2026-07-08 21:06:27+00:00,HON,Reuters,Honeywell Technologies raises profit guidance after one-for-two reverse stock split,https://finance.yahoo.com/markets/stocks/articles/honeywell-technologies-raises-profit-guidance-210627717.html,0.6
2026-07-08 21:14:00+00:00,COST,Barrons.com,Costco’s June Sales Rise but Same Store Sales Growth Disappoints,https://www.barrons.com/articles/costcos-june-sales-stock-82c6602a?siteid=yhoof2&yptr=yahoo,-0.5
2026-07-08 21:14:32+00:00,AXON,Simply Wall St.,Why Axon Enterprise (AXON) Is Up 14.2% After Trump Stake And New ICE Contract Momentum,https://finance.yahoo.com/markets/stocks/articles/why-axon-enterprise-axon-14-211432287.html,0.8
2026-07-08 21:14:44+00:00,MAR,StockStory,"Frontier and Marriott Vacations Shares Plummet, What You Need To Know",https://finance.yahoo.com/markets/stocks/articles/frontier-marriott-vacations-shares-plummet-211444454.html,-0.7
2026-07-08 21:15:04+00:00,WDC,Simply Wall St.,Western Digital (WDC) Stock Looks Cheap On Cash Flow But Rich On Earnings,https://finance.yahoo.com/markets/stocks/articles/western-digital-wdc-stock-looks-211504801.html,0.2
2026-07-08 21:15:52+00:00,ALAB,Motley Fool,Why Astera Labs Stock Skyrocketed Last Month,https://finance.yahoo.com/markets/stocks/articles/why-astera-labs-stock-skyrocketed-211552006.html,0.5
2026-07-08 21:16:08+00:00,PYPL,Trefis,The Standoff Over PYPL Stock,https://finance.yahoo.com/markets/stocks/articles/standoff-over-pypl-stock-211608597.html,0.0
2026-07-08 21:16:17+00:00,TER,Simply Wall St.,Does Teradyne’s (TER) Shift Into Growth Indices Recast Its Core AI and Robotics Narrative?,https://finance.yahoo.com/markets/stocks/articles/does-teradyne-ter-shift-growth-211617023.html,0.2
2026-07-08 21:16:17+00:00,TTWO,Simply Wall St.,Take-Two Interactive Software (TTWO) Recast Beyond Value Indexes As GTA VI Keeps Valuation In Focus,https://finance.yahoo.com/markets/stocks/articles/two-interactive-software-ttwo-recast-211617942.html,0.5
2026-07-08 21:20:00+00:00,MSFT,Zacks,"Best Stocks to Buy Now in July: CEG for Value, Growth, and 70% Upside",https://finance.yahoo.com/markets/stocks/articles/best-stocks-buy-now-july-212000473.html,0.8
2026-07-08 21:20:00+00:00,GOOGL,Motley Fool,Alphabet's Artificial Intelligence (AI) Spending Spree Is Great News for Nvidia,https://finance.yahoo.com/technology/ai/articles/alphabets-artificial-intelligence-ai-spending-212000867.html,0.8
2026-07-08 21:26:00+00:00,SBUX,Barrons.com,Dunkin’ Teams Up With Kylie Jenner as the Drinks War Rages On,https://www.barrons.com/articles/dunkin-kylie-jenner-drinks-menu-ca04db2d?siteid=yhoof2&yptr=yahoo,0.2
2026-07-08 21:33:00+00:00,MRVL,TheStreet,Top financial expert declares Marvell 'no longer a marvelous buy',https://finance.yahoo.com/markets/stocks/articles/top-financial-expert-declares-marvell-213300848.html,-0.6
2026-07-08 21:38:14+00:00,DXCM,Exec Edge,Glucotrack Clears Key Milestone to Commercialize Its Implantable CGM,https://finance.yahoo.com/healthcare/articles/glucotrack-clears-key-milestone-commercialize-213814787.html,0.6
2026-07-08 21:38:15+00:00,MSTR,TheStreet,Economist warns Bitcoin bulls not to get their hopes up,https://finance.yahoo.com/markets/crypto/articles/economist-warns-bitcoin-bulls-not-213815114.html,-0.6
2026-07-08 21:42:00+00:00,XEL,Business Wire,Xcel Energy 2026 Second Quarter Earnings Conference Call,https://finance.yahoo.com/markets/stocks/articles/xcel-energy-2026-second-quarter-214200768.html,0.0
2026-07-08 21:45:02+00:00,MSFT,Zacks,Microsoft (MSFT) Dips More Than Broader Market: What You Should Know,https://finance.yahoo.com/markets/stocks/articles/microsoft-msft-dips-more-broader-214502731.html,-0.5
2026-07-08 21:45:02+00:00,GOOG,Zacks,Alphabet Inc. (GOOG) Sees a More Significant Dip Than Broader Market: Some Facts to Know,https://finance.yahoo.com/markets/stocks/articles/alphabet-inc-goog-sees-more-214502021.html,-0.5
2026-07-08 21:45:03+00:00,SHOP,Zacks,Shopify (SHOP) Declines More Than Market: Some Information for Investors,https://finance.yahoo.com/markets/stocks/articles/shopify-shop-declines-more-market-214503564.html,-0.5
2026-07-08 21:45:05+00:00,CSCO,Zacks,Why the Market Dipped But Cisco Systems (CSCO) Gained Today,https://finance.yahoo.com/markets/stocks/articles/why-market-dipped-cisco-systems-214505045.html,0.2
2026-07-08 21:45:05+00:00,CRWD,Zacks,CrowdStrike Holdings (CRWD) Declines More Than Market: Some Information for Investors,https://finance.yahoo.com/markets/stocks/articles/crowdstrike-holdings-crwd-declines-more-214505359.html,-0.2
2026-07-08 21:45:05+00:00,CEG,Zacks,Constellation Energy Corporation (CEG) Gains As Market Dips: What You Should Know,https://finance.yahoo.com/markets/stocks/articles/constellation-energy-corporation-ceg-gains-214505464.html,0.5
2026-07-08 21:45:06+00:00,DDOG,Zacks,Datadog (DDOG) Increases Despite Market Slip: Here's What You Need to Know,https://finance.yahoo.com/markets/stocks/articles/datadog-ddog-increases-despite-market-214506679.html,0.5
2026-07-08 21:47:00+00:00,TSLA,TheStreet,Elon Musk’s AI jobs prediction gets harsh reality check,https://finance.yahoo.com/technology/ai/articles/elon-musk-ai-jobs-prediction-214700825.html,-0.5
2026-07-08 21:50:02+00:00,ABNB,Zacks,"Here's Why Airbnb, Inc. (ABNB) Fell More Than Broader Market",https://finance.yahoo.com/markets/stocks/articles/heres-why-airbnb-inc-abnb-215002887.html,-0.5
2026-07-08 21:50:03+00:00,ASML,Zacks,ASML (ASML) Gains As Market Dips: What You Should Know,https://finance.yahoo.com/markets/stocks/articles/asml-asml-gains-market-dips-215003814.html,0.5
2026-07-08 22:00:03+00:00,AMZN,Insider Monkey,Amazon.com (AMZN) A Top AI Stock on Wall Street Radar Pursuing Broadband Service Opportunities,https://finance.yahoo.com/technology/ai/articles/amazon-com-amzn-top-ai-220003592.html,0.6
2026-07-08 22:00:05+00:00,BKNG,Zacks,Booking Holdings (BKNG) Suffers a Larger Drop Than the General Market: Key Insights,https://finance.yahoo.com/markets/stocks/articles/booking-holdings-bkng-suffers-larger-220005757.html,-0.5
2026-07-08 22:00:06+00:00,TXN,Zacks,Texas Instruments (TXN) Rises As Market Takes a Dip: Key Facts,https://finance.yahoo.com/markets/stocks/articles/texas-instruments-txn-rises-market-220006687.html,0.5
2026-07-08 22:00:20+00:00,TSLA,Stocktwits,"Dow Ends Lower To Record Worst Day In Nearly A Month As US-Iran Jitters Push Oil Prices — TSLA, NVDA, BE, AAPL, WBD  In Focus",https://finance.yahoo.com/markets/stocks/articles/dow-ends-lower-record-worst-220020941.html,-0.6
2026-07-08 22:02:44+00:00,SHOP,StockStory,"HubSpot, Q2 Holdings, and Shopify Shares Plummet, What You Need To Know",https://finance.yahoo.com/markets/stocks/articles/hubspot-q2-holdings-shopify-shares-220244596.html,-0.6
2026-07-08 22:07:27+00:00,COST,Trefis,The Pro-Focused Pivot That Puts Home Depot Stock's Core Engine At Risk,https://finance.yahoo.com/markets/stocks/articles/pro-focused-pivot-puts-home-220727115.html,-0.5
2026-07-08 22:09:31+00:00,COST,reddit.com/r/stocks,"Looking to predict an LP stock's future tax. - Today I learned the small lesson of taxes on 'LP' (Limited Partnership) stocks, even in my IRA. For reference I had small holdings in ET before selling last year, learning of a late tax cost this week. I was surprised that what I considered a large company Energy Transfer LP (ET) would still fall under that. I have two more LP stocks; BNO and USO, that",,-0.2
2026-07-08 22:10:44+00:00,WDAY,StockStory,"Paycom, Workday, and Flywire Shares Are Falling, What You Need To Know",https://finance.yahoo.com/markets/stocks/articles/paycom-workday-flywire-shares-falling-221044831.html,-0.5
2026-07-08 22:15:03+00:00,KHC,Zacks,Kraft Heinz (KHC) Falls More Steeply Than Broader Market: What Investors Need to Know,https://finance.yahoo.com/markets/stocks/articles/kraft-heinz-khc-falls-more-221503453.html,-0.5
2026-07-08 22:15:04+00:00,PCAR,Zacks,Paccar (PCAR) Falls More Steeply Than Broader Market: What Investors Need to Know,https://finance.yahoo.com/markets/stocks/articles/paccar-pcar-falls-more-steeply-221504099.html,-0.5
2026-07-08 22:15:05+00:00,TER,Zacks,Teradyne (TER) Gains As Market Dips: What You Should Know,https://finance.yahoo.com/markets/stocks/articles/teradyne-ter-gains-market-dips-221505818.html,0.5
2026-07-08 22:19:00+00:00,AVGO,Motley Fool,The Latest Selloff Is the Perfect Buying Opportunity for Nvidia and Broadcom,https://finance.yahoo.com/markets/stocks/articles/latest-selloff-perfect-buying-opportunity-221900855.html,0.8
2026-07-08 22:20:00+00:00,AMZN,GlobeNewswire,SK Hynix hits Nasdaq July 10. SKUU and SKDD are expected to launch on July 13.,https://finance.yahoo.com/markets/stocks/articles/sk-hynix-hits-nasdaq-july-222000695.html,0.2
2026-07-08 22:20:54+00:00,META,Associated Press,"Meta plans billions for first AI data center in Canada, largest outside the US",https://finance.yahoo.com/technology/ai/articles/meta-plans-billions-first-ai-222054408.html,0.8
2026-07-08 22:24:07+00:00,PANW,Motley Fool,Why Did Palo Alto Networks Stock Drop Today?,https://finance.yahoo.com/markets/stocks/articles/why-did-palo-alto-networks-222407956.html,-0.5
2026-07-08 22:25:00+00:00,GOOGL,Motley Fool,The Stock Market Just Flashed a Warning Sign Only Seen Once Before in 155 Years -- and History is Very Clear About What Happens Next.,https://finance.yahoo.com/markets/stocks/articles/stock-market-just-flashed-warning-222500508.html,-0.8
2026-07-08 22:41:33+00:00,WDAY,TechCrunch,Lovable reportedly in talks to double its valuation to $13.2B,https://finance.yahoo.com/technology/ai/articles/lovable-reportedly-talks-double-valuation-224133853.html,0.8
2026-07-08 22:42:44+00:00,INTU,StockStory,"monday.com, Intuit, and Health Catalyst Stocks Trade Down, What You Need To Know",https://finance.yahoo.com/markets/stocks/articles/monday-com-intuit-health-catalyst-224244771.html,-0.5
2026-07-08 22:43:00+00:00,SNDK,Motley Fool,Memory Stock Sell-Off: Is This the Time to Buy Micron Technology and Sandisk Like There's No Tomorrow?,https://finance.yahoo.com/markets/stocks/articles/memory-stock-sell-off-time-224300627.html,0.8
2026-07-08 22:49:00+00:00,MU,Zacks,Ford Joins Its Partner Micron on the Coveted Zacks Rank #1 (Strong Buy) List,https://finance.yahoo.com/markets/stocks/articles/ford-joins-partner-micron-coveted-224900770.html,0.8
2026-07-08 22:50:44+00:00,PYPL,StockStory,"PayPal, Ameriprise Financial, and Ally Financial Shares Are Falling, What You Need To Know",https://finance.yahoo.com/markets/stocks/articles/paypal-ameriprise-financial-ally-financial-225044884.html,-0.5
2026-07-08 23:00:00+00:00,PEP,Yahoo Finance Video,"PepsiCo earnings, mortgage rates, jobless claims: What to Watch",https://finance.yahoo.com/video/pepsico-earnings-mortgage-rates-jobless-230000143.html,0.2
2026-07-08 23:11:00+00:00,GOOG,Motley Fool,Warren Buffett's Successor Greg Abel Has Poured More Than $20 Billion of Berkshire Hathaway's Cash Into Alphabet. This May Be Why.,https://finance.yahoo.com/markets/stocks/articles/warren-buffetts-successor-greg-abel-231100281.html,0.5
2026-07-08 23:11:45+00:00,WMT,Simply Wall St.,Teladoc Health (TDOC) Lands Walmart Partnership As Profitability Push Comes Into Focus,https://finance.yahoo.com/healthcare/articles/teladoc-health-tdoc-lands-walmart-231145462.html,0.6
2026-07-08 23:12:40+00:00,DDOG,Simply Wall St.,Datadog (DDOG) Stock Looks Fair On Cash Flow But Expensive On Sales,https://finance.yahoo.com/markets/stocks/articles/datadog-ddog-stock-looks-fair-231240284.html,-0.5
2026-07-08 23:13:07+00:00,AVGO,Simply Wall St.,Apple (AAPL) Secures Largest Ever US Chip Deal With Broadcom For $30 Billion,https://finance.yahoo.com/markets/stocks/articles/apple-aapl-secures-largest-ever-231307290.html,0.8
2026-07-08 23:30:44+00:00,FANG,StockStory,"Diamondback Energy and Northern Oil and Gas Stocks Trade Up, What You Need To Know",https://finance.yahoo.com/energy/articles/diamondback-energy-northern-oil-gas-233044189.html,0.5
2026-07-08 23:39:10+00:00,SNDK,reddit.com/r/stocks,Just a normal but bit extended dip in the last 12 months on SNDK - # Daily High->Low: 6 Dip(s) <= -20% === * Peak 2025-11-12 @ 284.76 -> Trough 2025-11-21 @ 183.00 | DD = -35.7% * Peak 2026-01-30 @ 676.69 -> Trough 2026-01-30 @ 533.00 | DD = -21.2% * Peak 2026-02-03 @ 725.00 -> Trough 2026-03-09 @ 517.00 | DD = -28.7% * Peak 2026-03-20 @ 777.60 -> Trough 2026-03-30 @ 558.58,,-0.2
2026-07-08 23:54:44+00:00,BKR,StockStory,"ProFrac, Patterson-UTI, and Baker Hughes Shares Skyrocket, What You Need To Know",https://finance.yahoo.com/markets/stocks/articles/profrac-patterson-uti-baker-hughes-235444671.html,0.8
2026-07-09 00:00:00+00:00,GOOGL,Oilprice.com,$130 Billion in AI Data Centers were Just Blocked. Where Does the AI Boom Go Now,https://finance.yahoo.com/technology/ai/articles/130-billion-ai-data-centers-000000041.html,-0.5
2026-07-09 00:00:00+00:00,PEP,SEC-EDGAR-8K,"(Item 2.02) . Results of Operations and Financial Condition. The information in this

(Item 2.02) , including Exhibit 99.1 attached hereto, is being furnished and shall not be deemed “filed” for the purposes of Section 18 of the Securities Exchange Act of 1934, as amended (the “Exchange Act”), or otherwise subject to the liabilities of that Section and shall not be incorporated by reference into any registration statement or other document pursuant to the Securities Act of 1933, as amended, or the Exchange Act, except as otherwise expressly stated in

(Item 2.02) is a copy of the press release issued by PepsiCo, Inc. (“PepsiCo”), dated July 9, 2026, reporting PepsiCo’s financial results for the 12 and 24 weeks ended June 13, 2026.",,0.1
2026-07-09 00:00:02+00:00,WBD,MT Newswires,Market Chatter: US States May Sue to Block Paramount-Warner Bros. Discovery Deal Next Week,https://finance.yahoo.com/media-advertising/articles/market-chatter-us-states-may-000002918.html,-0.5
2026-07-09 00:01:08+00:00,MSFT,Benzinga,"Trump Announced His AI Action Plan Declaring  ‘America Is Going to Win’ — The Same Day He Bought Millions in Nvidia, Apple and Microsoft",https://finance.yahoo.com/technology/ai/articles/trump-announced-ai-action-plan-000108213.html,0.5
2026-07-09 00:02:44+00:00,AVGO,StockStory,Why Broadcom (AVGO) Stock Is Trading Up Today,https://finance.yahoo.com/markets/stocks/articles/why-broadcom-avgo-stock-trading-000244384.html,0.5
2026-07-09 00:12:26+00:00,COST,Stocktwits,COST Stock Retreats After Hours On Decelerating Comparable Sales After Strong May Performance,https://finance.yahoo.com/markets/stocks/articles/cost-stock-retreats-hours-decelerating-001226999.html,-0.2
2026-07-09 00:21:00+00:00,AAPL,Business Wire,"Apple scores record 89 Emmy Award nominations, with top category nods for celebrated comedies Widow’s Bay, Shrinking, and Margo’s Got Money Troubles, and global hit dramas Pluribus, Slow Horses, and Your Friends & Neighbors",https://finance.yahoo.com/media-advertising/articles/apple-scores-record-89-emmy-002100913.html,0.8
2026-07-09 00:23:11+00:00,PEP,Simply Wall St.,PepsiCo (PEP) Could Be 23% Overvalued As Investors Eye Q2 Margins And Volumes,https://finance.yahoo.com/markets/stocks/articles/pepsico-pep-could-23-overvalued-002311198.html,-0.5
2026-07-09 00:50:00+00:00,GOOGL,Motley Fool,Why Broadcom Stock Fell 15% in June,https://finance.yahoo.com/markets/stocks/articles/why-broadcom-stock-fell-15-005000975.html,-0.6
2026-07-09 01:00:02+00:00,META,reddit.com/r/stocks,"I am in digital marketing, and I just went full port into Google. - 70% of my job is advertising and 30% is SEO. AI had me panicking for a bit because on paper it looks like it's eating my job. Plus, think about Google itself. If everyone is just asking AI, why would anyone even need Google search anymore? Yesterday I had some free time after work with nothing to do, so I ended",,0.1
2026-07-09 01:03:00+00:00,NFLX,TheStreet,Netflix adding lifestyle content to win viewers' attention,https://finance.yahoo.com/media-advertising/articles/netflix-adding-lifestyle-content-win-010300435.html,0.5
2026-07-09 01:06:24+00:00,AXON,reddit.com/r/stocks,"Market Beaters, which stocks have you thrown the towel in the last 6 months? - For those of you who have beanten the market, did you sell any tickers at loss in the past 6 months? and how many weeks , months of bag holding before you pull the trigger Let me throw mine out for thoughts I sold below in loss 1. Jmia, a 3 year hold in loss for a tiny position. simply",,-0.6
2026-07-09 01:14:34+00:00,MSFT,Simply Wall St.,Commvault (CVLT) Stock Has Cheap Cash Flow But Expensive Earnings,https://finance.yahoo.com/markets/stocks/articles/commvault-cvlt-stock-cheap-cash-011434630.html,-0.5
2026-07-09 01:15:09+00:00,WMT,Simply Wall St.,Teladoc Health (TDOC) Stock May Be 40% Undervalued As Insurance Coverage Expands,https://finance.yahoo.com/healthcare/articles/teladoc-health-tdoc-stock-may-011509826.html,0.8
2026-07-09 01:17:00+00:00,TSLA,TheStreet,Tesla’s Model Y just got a sharper Rivian threat,https://finance.yahoo.com/markets/stocks/articles/tesla-model-y-just-got-011700674.html,0.2
2026-07-09 01:22:46+00:00,PLTR,BeInCrypto,SpaceX Stock Falls 35% From Peak Even After Nasdaq-100 Inclusion,https://finance.yahoo.com/markets/stocks/articles/spacex-stock-falls-35-peak-012246196.html,-0.6
2026-07-09 01:24:03+00:00,COST,Fox Business,Costco makes payment change that could speed up checkout for members,https://finance.yahoo.com/technology/articles/costco-makes-payment-change-could-012403407.html,0.6
2026-07-09 01:38:43+00:00,SPCX,Reuters,"SK Hynix's US listing more than seven times oversubscribed, source says",https://finance.yahoo.com/markets/stocks/articles/sk-hynix-us-listing-more-013843971.html,0.5
2026-07-09 01:40:01+00:00,BKNG,Motley Fool,Booking vs. Marriott International: Which Travel Stock Is a Better Buy in 2026?,https://finance.yahoo.com/markets/stocks/articles/booking-vs-marriott-international-travel-014001692.html,0.2
2026-07-09 01:51:14+00:00,MSTR,Benzinga,"Bitcoin, Ethereum, XRP, Dogecoin Slide as Trump Warns Iran Strikes Could Get 'Much Worse': Analyst Flags Major 'Wall' BTC Bulls Must Break",https://finance.yahoo.com/markets/crypto/articles/bitcoin-ethereum-xrp-dogecoin-slide-015114439.html,-0.6
2026-07-09 02:01:33+00:00,AAPL,Bloomberg,Apple Supplier Luxshare Drops After $3 Billion Hong Kong Debut,https://finance.yahoo.com/markets/stocks/articles/apple-supplier-luxshare-drops-3-020133915.html,-0.5
2026-07-09 02:03:00+00:00,AVGO,TheStreet,Broadcom gets $30 billion Apple boost as valuation debate grows,https://finance.yahoo.com/markets/stocks/articles/broadcom-gets-30-billion-apple-020300320.html,0.5
2026-07-09 02:06:00+00:00,AMZN,PR Newswire,"""Search, Not Discounts, Decided Amazon Prime Day 2026's Beauty Winners: Market Defense Report""",https://finance.yahoo.com/media-advertising/articles/search-not-discounts-decided-amazon-020600539.html,0.1
2026-07-09 02:20:00+00:00,AMD,Motley Fool,Cathie Wood Sold $8 Million of AMD Stock in a Single Day,https://finance.yahoo.com/markets/stocks/articles/cathie-wood-sold-8-million-022000685.html,-0.5
2026-07-09 02:51:20+00:00,SPCX,Stocktwits,SPCX Stock Records 3-Day Slide: Elon Musk Admits Anthropic’s Fable Is 'Definitely Better' Than Grok 4.5,https://finance.yahoo.com/technology/ai/articles/spcx-stock-records-3-day-025120362.html,0.2
2026-07-09 02:55:47+00:00,SPCX,Benzinga,"Gary Black Bearish On SpaceX Stock, Says He Holds No SPCX As He Spotlights Jeremy Grantham's Stark Warning: 'In 50 Years… You Will Be Laughing at It'",https://finance.yahoo.com/markets/stocks/articles/gary-black-bearish-spacex-stock-025547997.html,-0.6
2026-07-09 03:00:00+00:00,BKNG,PR Newswire,Agoda and Taiwan Tourism Administration Launch Destination Marketing Campaign to Inspire a New Wave of Travel,https://finance.yahoo.com/media-advertising/articles/agoda-taiwan-tourism-administration-launch-030000554.html,0.6
2026-07-09 03:17:08+00:00,TXN,Simply Wall St.,Texas Instruments (TXN) Following Russell Index Changes Is The Valuation Story Still Intact,https://finance.yahoo.com/markets/stocks/articles/texas-instruments-txn-following-russell-031708548.html,0.5
2026-07-09 03:18:33+00:00,AVGO,Motley Fool,Why Broadcom Stock Rose Today,https://finance.yahoo.com/markets/stocks/articles/why-broadcom-stock-rose-today-031833992.html,0.5
2026-07-09 03:31:14+00:00,TSLA,Benzinga,"Elon Musk Says Optimus, AI Will Enable 'Excellent' Healthcare—Cathie Wood Sees $50 Billion AI Compute Need",https://finance.yahoo.com/technology/ai/articles/elon-musk-says-optimus-ai-033114121.html,0.8
2026-07-09 03:35:00+00:00,META,Motley Fool,"Mark Zuckerberg Admitted AI Agents ""Hasn't Really Accelerated"" as Meta Stock Dropped 5%",https://finance.yahoo.com/technology/ai/articles/mark-zuckerberg-admitted-ai-agents-033500555.html,-0.5
2026-07-09 03:39:39+00:00,VRTX,Stocktwits,"Why Did PENG, ANET, BCRX Shares Surge To 52-Week Highs?",https://finance.yahoo.com/markets/stocks/articles/why-did-peng-anet-bcrx-033939173.html,0.5
2026-07-09 03:57:06+00:00,PLTR,BeInCrypto,Palantir Shares Slide on Fears Democrats Could Target Government Contracts,https://finance.yahoo.com/markets/stocks/articles/palantir-shares-slide-fears-democrats-035706015.html,-0.6
2026-07-09 04:30:00+00:00,LIN,GlobeNewswire,"[Latest] Global Green Hydrogen Market Size/Share Worth USD 188.9 Billion by 2035 at a 31.2% CAGR: Custom Market Insights (Analysis, Outlook, Leaders, Report, Trends, Forecast, Segmentation, Growth Rate, Value, SWOT Analysis)",https://finance.yahoo.com/energy/articles/latest-global-green-hydrogen-market-043000024.html,0.8
2026-07-09 04:34:22+00:00,TMUS,Simply Wall St.,Public Storage (PSA) Loses COO Chris Sambar As Interim Leadership Takes Over,https://finance.yahoo.com/markets/stocks/articles/public-storage-psa-loses-coo-043422280.html,-0.5
2026-07-09 04:36:21+00:00,PANW,Simply Wall St.,Palo Alto Networks (PANW) Teams With Tenzai To Test AI Driven Attacks,https://finance.yahoo.com/technology/ai/articles/palo-alto-networks-panw-teams-043621578.html,0.2
2026-07-09 04:43:18+00:00,RKLB,Stocktwits,"RKLB Stock Rises Overnight: Rocket Lab Is Becoming More Like SpaceX, Morgan Stanley Says — Here’s Why",https://finance.yahoo.com/markets/stocks/articles/rklb-stock-rises-overnight-rocket-044318590.html,0.6
2026-07-09 04:50:00+00:00,MSTR,Motley Fool,Bitcoin's Most Prominent Holder Is Selling Some. Should You?,https://finance.yahoo.com/markets/crypto/articles/bitcoins-most-prominent-holder-selling-045000115.html,0.2
2026-07-09 05:11:28+00:00,PANW,Simply Wall St.,Palo Alto Networks (PANW) Stock Fair Value Edges Higher After Analyst Target Increases,https://finance.yahoo.com/markets/stocks/articles/palo-alto-networks-panw-stock-051128770.html,0.6
2026-07-09 05:19:03+00:00,SPCX,Investor's Business Daily,"Dow Jones Futures, Oil Prices Rise Amid Iran News; Nvidia, Valero, Dell, SpaceX In Focus",https://www.investors.com/market-trend/stock-market-today/dow-jones-futures-oil-spikes-iran-news-nvidia-valero-dell-spacex-low/?src=A00220&yptr=yahoo,0.5
2026-07-09 05:19:10+00:00,AMZN,Forkast News,Alexa+ Agentic Ads: Amazon Turns Your AI Assistant Into a Storefront,https://finance.yahoo.com/media-advertising/articles/alexa-agentic-ads-amazon-turns-051910240.html,0.5
2026-07-09 05:30:00+00:00,MSTR,Barrons.com,Strategy’s Preferred Shares Carry 10%-Plus Yields—and Lots of Risk,https://www.barrons.com/articles/strategy-preferred-stock-yield-47fbb285?siteid=yhoof2&yptr=yahoo,-0.6
2026-07-09 05:33:49+00:00,MSFT,24/7 Wall St.,The Case For Buying Smaller Dividends That Grow Faster,https://finance.yahoo.com/markets/stocks/articles/case-buying-smaller-dividends-grow-053349161.html,0.5
2026-07-09 05:35:00+00:00,MU,Motley Fool,Micron Raised Its Guidance on Surging Memory Prices. Here's What It Means for the Stock.,https://finance.yahoo.com/markets/stocks/articles/micron-raised-guidance-surging-memory-053500017.html,0.5
2026-07-09 05:50:00+00:00,SPCX,Motley Fool,Here's When Elon Musk Can Sell His Billions of SpaceX Shares,https://finance.yahoo.com/markets/stocks/articles/heres-elon-musk-sell-billions-055000915.html,0.1
2026-07-09 05:59:20+00:00,PYPL,Stocktwits,Mastercard Vs PayPal: Barclays Sees Big Upside In Only One Payments Stock,https://finance.yahoo.com/markets/stocks/articles/mastercard-vs-paypal-barclays-sees-055920178.html,0.6
2026-07-09 06:00:00+00:00,GOOG,Barrons.com,This Earnings Season Is the Stock Market’s Biggest Test,https://www.barrons.com/articles/earnings-season-stock-market-ai-tech-c54355f5?siteid=yhoof2&yptr=yahoo,0.2
2026-07-09 06:00:00+00:00,GOOGL,PR Newswire,Keeper Security surpasses $225M in ARR with transformative growth and is emerging as the market standard for AI-native identity security,https://finance.yahoo.com/technology/ai/articles/keeper-security-surpasses-225m-arr-060000697.html,0.8
2026-07-09 06:11:46+00:00,GILD,Simply Wall St.,Gilead Sciences (GILD) After Russell Growth Index Removal And A Fully Valued Narrative,https://finance.yahoo.com/markets/stocks/articles/gilead-sciences-gild-russell-growth-061146402.html,0.2
2026-07-09 06:13:43+00:00,WDAY,Simply Wall St.,Workday (WDAY) Appoints John Lombard To Lead Asia Pacific Growth,https://finance.yahoo.com/markets/stocks/articles/workday-wday-appoints-john-lombard-061343043.html,0.5
2026-07-09 06:25:00+00:00,SPCX,Motley Fool,SpaceX Lost $4.28 Billion on $4.7 Billion in Revenue Last Quarter. Here's What's Going On.,https://finance.yahoo.com/markets/stocks/articles/spacex-lost-4-28-billion-062500998.html,-0.6
2026-07-09 06:26:28+00:00,HON,Stocktwits,HON Stock Gains Overnight: Will The Updated Outlook Revive Interest In The Automation Giant?,https://finance.yahoo.com/markets/stocks/articles/hon-stock-gains-overnight-updated-062628620.html,0.5
2026-07-09 06:30:23+00:00,MU,Benzinga,"Micron vs. SK Hynix: Futurum's Shay Boloor Picks MU Over Nvidia's 'Biggest' Provider, Citing 'Wonky' Korean Markets",https://finance.yahoo.com/markets/stocks/articles/micron-vs-sk-hynix-futurums-063023307.html,0.2
2026-07-09 06:35:00+00:00,AMZN,Motley Fool,Billionaire Steve Cohen Sold Amazon and Nvidia but Loaded Up on This Beaten-Down Stock,https://finance.yahoo.com/markets/stocks/articles/billionaire-steve-cohen-sold-amazon-063500726.html,0.5
2026-07-09 06:38:00+00:00,MRVL,Zacks,"Zacks Investment Ideas feature highlights: Marvell Technology, Amazon, Alphabet and NVIDIA",https://finance.yahoo.com/markets/stocks/articles/zacks-investment-ideas-feature-highlights-063800191.html,0.5
2026-07-09 06:53:00+00:00,MU,Zacks,Zacks Investment Ideas feature highlights: Micron Technology and Qualcomm,https://finance.yahoo.com/technology/ai/articles/zacks-investment-ideas-feature-highlights-065300896.html,0.5
2026-07-09 07:02:00+00:00,MCHP,Zacks,"Zacks.com featured highlights include Microchip Technology, Semtech, Texas Instruments, Amtech and Vishay Intertechnology",https://finance.yahoo.com/markets/stocks/articles/zacks-com-featured-highlights-microchip-070200963.html,0.2
2026-07-09 07:08:00+00:00,AMZN,Fortune,How global energy markets built the ‘Amazon of oil’ logistics to keep prices from spiraling,https://finance.yahoo.com/energy/articles/global-energy-markets-built-amazon-070800462.html,0.2
2026-07-09 07:12:11+00:00,GILD,Simply Wall St.,Gilead Sciences (GILD) Wins Trodelvy Approvals And Expands Texas CAR T Access,https://finance.yahoo.com/healthcare/articles/gilead-sciences-gild-wins-trodelvy-071211614.html,0.5
2026-07-09 07:13:38+00:00,MCHP,Simply Wall St.,Microchip Technology (MCHP) Stock Sees Fair Value Lift As Analysts Raise Targets,https://finance.yahoo.com/markets/stocks/articles/microchip-technology-mchp-stock-sees-071338118.html,0.6
2026-07-09 07:14:21+00:00,SPCX,Simply Wall St.,SpaceX (SPCX) Launches Grok 4.5 As Its Biggest AI Release Yet,https://finance.yahoo.com/technology/ai/articles/spacex-spcx-launches-grok-4-071421210.html,0.6
2026-07-09 07:15:00+00:00,PLTR,Motley Fool,Why Palantir Stock Plunged 34% in the First Half of 2026 and Why the Worst Might Be Over,https://finance.yahoo.com/markets/stocks/articles/why-palantir-stock-plunged-34-071500679.html,0.2
2026-07-09 07:18:26+00:00,MSTR,Benzinga,"Bitcoin Still Faces No Spam Issues, Argues Michael Saylor, Highlighting Low Transaction Fees — Critics Say 'Nobody is Using the Chain'",https://finance.yahoo.com/markets/crypto/articles/bitcoin-still-faces-no-spam-071826840.html,0.2
2026-07-09 07:20:37+00:00,MU,Stocktwits,"Is This The Big Tech Resurgence Investors Have Been Waiting For? AI Chip Stocks Step Back, Mag 7 Steps Up In July",https://finance.yahoo.com/markets/stocks/articles/big-tech-resurgence-investors-waiting-072037591.html,0.5
2026-07-09 07:21:00+00:00,WMT,Zacks,"The Zacks Analyst Blog Highlights TJX, Costco Wholesale and Walmart",https://finance.yahoo.com/markets/stocks/articles/zacks-analyst-blog-highlights-tjx-072100856.html,0.5
2026-07-09 07:27:00+00:00,AMZN,Zacks,"The Zacks Analyst Blog Highlights Amazon.com, Walmart, American Express, Vitamin Cottage and Ampco-Pittsburgh",https://finance.yahoo.com/markets/stocks/articles/zacks-analyst-blog-highlights-amazon-072700304.html,0.2
2026-07-09 07:30:00+00:00,BKNG,PR Newswire,Hushpitality Rising: Agoda Insights Point to a Growing Appetite for Slower Travel in India,https://finance.yahoo.com/media-advertising/articles/hushpitality-rising-agoda-insights-point-073000715.html,0.5
2026-07-09 07:35:34+00:00,SPCX,Benzinga,Jim Chanos Highlights Morgan Stanley's $672 Billion Funding Warning on Elon Musk's SpaceX,https://finance.yahoo.com/markets/stocks/articles/jim-chanos-highlights-morgan-stanleys-073534482.html,-0.5
2026-07-09 07:41:35+00:00,RKLB,Stocktwits,"RKLB Stock Comes Back To Earth This Week: CEO Peter Beck’s Trust Sells $286M In Shares, Retail Turns Bearish",https://finance.yahoo.com/markets/stocks/articles/rklb-stock-comes-back-earth-074135721.html,-0.6
2026-07-09 07:49:00+00:00,VRTX,StockStory,1 Momentum  Stock to Research Further and 2 Facing Headwinds,https://finance.yahoo.com/markets/stocks/articles/1-momentum-stock-research-further-074900085.html,0.5
2026-07-09 07:50:00+00:00,SPCX,Barrons.com,Why Investors Are Hungry for Nvidia Again as Stock Bursts Through Key Level,https://www.barrons.com/articles/nvidia-stock-price-musk-catalyst-3993ee10?siteid=yhoof2&yptr=yahoo,0.8
2026-07-09 08:00:00+00:00,AAPL,Business Wire,Omdia: Worldwide PC Market Declined 4% in 2Q26 Amid Mounting Supply Pressure,https://finance.yahoo.com/technology/articles/omdia-worldwide-pc-market-declined-080000819.html,-0.6
2026-07-09 08:00:00+00:00,MU,Barrons.com,"Micron Stock Steadies After Memory Selloff, BofA Says It’s Time to Buy",https://www.barrons.com/articles/micron-stock-price-memory-chip-selloff-buy-19ebab1a?siteid=yhoof2&yptr=yahoo,0.8
2026-07-09 08:05:00+00:00,SPCX,Motley Fool,"$1,000 Invested in Tesla 10 Years Ago Is Worth Over $27,000 Today. Can SpaceX Follow That Same Path Over the Next Decade?",https://finance.yahoo.com/markets/stocks/articles/1-000-invested-tesla-10-080500892.html,0.8
2026-07-09 08:05:00+00:00,GOOGL,StockStory,3 Market-Beating Stocks for Long-Term Investors,https://finance.yahoo.com/markets/stocks/articles/3-market-beating-stocks-long-080500230.html,0.5
2026-07-09 08:05:00+00:00,MSFT,GlobeNewswire,"New Report: 'Generative AI in Material Science Market Report 2026' Profiles Microsoft, NVIDIA, IBM, Siemens, and 29 Other Key Players",https://finance.yahoo.com/technology/ai/articles/report-generative-ai-material-science-080500966.html,0.5
2026-07-09 08:10:00+00:00,NVDA,Motley Fool,Is Delta Air Lines Stock a Buy Before Friday's Earnings Report?,https://finance.yahoo.com/markets/stocks/articles/delta-air-lines-stock-buy-081000027.html,0.5
2026-07-09 08:13:00+00:00,TER,StockStory,3 Growth Stocks We Approach with Caution,https://finance.yahoo.com/markets/stocks/articles/3-growth-stocks-approach-caution-081300793.html,-0.5
2026-07-09 08:14:41+00:00,WDAY,Simply Wall St.,Workday (WDAY) Could Be 19% Undervalued After Risk Off Selling Hits Software,https://finance.yahoo.com/markets/stocks/articles/workday-wday-could-19-undervalued-081441635.html,0.2
2026-07-09 08:21:03+00:00,ASML,Barrons.com,"European Stocks Rise at Open as Tech, Banks Recover",https://www.barrons.com/livecoverage/stock-market-news-today-070926/card/european-stocks-rise-at-open-as-tech-banks-recover-Em6zyeyUrkaMHKZXf9uH?siteid=yhoof2&yptr=yahoo,0.8
2026-07-09 08:22:00+00:00,NVDA,Motley Fool,"The Stock Market Just Made a Move That Warren Buffett Has Called ""Playing With Fire."" History Shows He's Right.",https://finance.yahoo.com/markets/stocks/articles/stock-market-just-made-move-082200331.html,-0.5
2026-07-09 08:26:00+00:00,AMZN,Barrons.com,SpaceX Stock Has Some Sky-High Bull Targets—How It Can Hit $900,https://www.barrons.com/articles/spacex-stock-price-target-7a020bc8?siteid=yhoof2&yptr=yahoo,0.8
2026-07-09 08:26:00+00:00,NVDA,Motley Fool,No Forward-Looking Guidance Needed: Fed Chair Kevin Warsh Just Dropped an Unmistakable Clue About Interest Rates,https://finance.yahoo.com/economy/policy/articles/no-forward-looking-guidance-needed-082600489.html,0.5
2026-07-09 08:35:00+00:00,SPCX,Motley Fool,Some Good and Bad News for Tesla Investors,https://finance.yahoo.com/markets/stocks/articles/good-bad-news-tesla-investors-083500522.html,0.0
2026-07-09 08:37:00+00:00,LRCX,StockStory,3 Mega-Cap Stocks with Competitive Advantages,https://finance.yahoo.com/markets/stocks/articles/3-mega-cap-stocks-competitive-083700085.html,0.0
2026-07-09 08:43:00+00:00,NVDA,Motley Fool,Here's Why This Unstoppable Vanguard ETF Could Be a Great Buy With AI Stocks Pulling Back,https://finance.yahoo.com/markets/stocks/articles/heres-why-unstoppable-vanguard-etf-084300024.html,0.8
2026-07-09 08:46:43+00:00,MSFT,The Guardian,PlayStation says it will stop making physical games – and that should worry us all,https://finance.yahoo.com/news/playstation-says-stop-making-physical-084643127.html,-0.6
2026-07-09 08:53:00+00:00,META,StockStory,2 Value Stocks to Own for Decades and 1 We Ignore,https://finance.yahoo.com/markets/stocks/articles/2-value-stocks-own-decades-085300647.html,0.2
2026-07-09 09:01:00+00:00,KHC,StockStory,1 Unpopular Stock That Should Get More Attention and 2 That Underwhelm,https://finance.yahoo.com/markets/stocks/articles/1-unpopular-stock-more-attention-090100402.html,0.2
2026-07-09 09:03:00+00:00,SPCX,TheStreet,Tesla stock gets a surprising SpaceX reset,https://finance.yahoo.com/markets/stocks/articles/tesla-stock-gets-surprising-spacex-090300370.html,0.5
2026-07-09 09:03:20+00:00,META,Power Technology,Meta and Capital Power seal 250MW energy supply agreement,https://finance.yahoo.com/energy/articles/meta-capital-power-seal-250mw-090320609.html,0.5
2026-07-09 09:06:00+00:00,NVDA,Motley Fool,UnitedHealth Is Emerging From Its Worst Crisis in Decades. Here's What History Says Is Coming Next.,https://finance.yahoo.com/healthcare/articles/unitedhealth-emerging-worst-crisis-decades-090600920.html,0.5
2026-07-09 09:12:00+00:00,SNDK,Motley Fool,"Sandisk's Memory Prices Could Double Again in Fiscal 2027, but Has the Market Already Priced That Into the Stock?",https://finance.yahoo.com/markets/stocks/articles/sandisks-memory-prices-could-double-091200999.html,0.2
2026-07-09 09:18:30+00:00,AAPL,Verdict,Apple signs $30bn Broadcom deal to boost US chip production,https://finance.yahoo.com/technology/articles/apple-signs-30bn-broadcom-deal-091830495.html,0.8
2026-07-09 09:20:00+00:00,INTC,Motley Fool,President Donald Trump Is Buying Dell. Should You?,https://finance.yahoo.com/markets/stocks/articles/president-donald-trump-buying-dell-092000209.html,0.2
2026-07-09 09:20:00+00:00,AMZN,PR Newswire,53% of Employers Can't Find AI-Ready Grads. New Study Maps Six Ways Forward for Indonesia,https://finance.yahoo.com/technology/ai/articles/53-employers-cant-ai-ready-092000374.html,0.2
2026-07-09 09:25:00+00:00,MAR,StockStory,2 Russell 2000 Stocks with Solid Fundamentals and 1 We Question,https://finance.yahoo.com/markets/stocks/articles/2-russell-2000-stocks-solid-092500725.html,0.2
2026-07-09 09:26:00+00:00,GOOGL,Motley Fool,Anthropic's IPO Will Lead to Windfall Profits for These 3 Early Investors,https://finance.yahoo.com/markets/stocks/articles/anthropics-ipo-lead-windfall-profits-092600849.html,0.8
2026-07-09 09:26:47+00:00,NVDA,Reuters,French competition authority's Nvidia probe nearing end,https://finance.yahoo.com/technology/articles/french-competition-authoritys-nvidia-probe-092647496.html,0.1
2026-07-09 09:31:00+00:00,NVDA,Motley Fool,Cathie Wood's Ark Invest Has Bought $9.1 Million of Kratos Defense Stock So Far in July,https://finance.yahoo.com/markets/stocks/articles/cathie-woods-ark-invest-bought-093100243.html,0.5
2026-07-09 09:33:00+00:00,MAR,StockStory,3 Cash-Producing Stocks That Fall Short,https://finance.yahoo.com/markets/stocks/articles/3-cash-producing-stocks-fall-093300571.html,-0.5
2026-07-09 09:34:00+00:00,NVDA,Motley Fool,A Downgrade Wave Says Bank Stocks Are Priced for Perfection Ahead of Q2 Earnings. Here's the Bear Case.,https://finance.yahoo.com/markets/stocks/articles/downgrade-wave-says-bank-stocks-093400407.html,-0.6
2026-07-09 09:45:38+00:00,NVDA,Euronews,"Cerebras targets Europe with multibillion-dollar AI expansion, challenging Nvidia",https://finance.yahoo.com/technology/ai/articles/cerebras-targets-europe-multibillion-dollar-094538732.html,0.5
2026-07-09 09:49:57+00:00,AAPL,Reuters,"India removes import duty on some electronics, smartphone parts",https://finance.yahoo.com/economy/policy/articles/india-removes-import-duty-electronics-094957498.html,0.5
2026-07-09 09:50:00+00:00,AAPL,Motley Fool,"If the ""Magnificent Seven"" Were Recreated, Here's What Stocks I'd Include (Hint: Not SpaceX)",https://finance.yahoo.com/markets/stocks/articles/magnificent-seven-were-recreated-heres-095000265.html,0.2
2026-07-09 09:52:00+00:00,NVDA,Motley Fool,VUG vs. IWO: Can This Small-Cap ETF Keep Outperforming Major Growth Stocks?,https://finance.yahoo.com/markets/stocks/articles/vug-vs-iwo-small-cap-095200821.html,0.2
2026-07-09 09:53:42+00:00,PEP,InvestorsHub,"Wall Street Futures Edge Higher as U.S.-Iran Conflict Escalates and PepsiCo Earnings Loom: Dow Jones, S&P, Nasdaq",https://finance.yahoo.com/markets/stocks/articles/wall-street-futures-edge-higher-095342971.html,0.5
2026-07-09 09:54:59+00:00,NVDA,Reuters Videos,"AI Weekly: Samsung's massive profits, Microsoft's big lays off",https://finance.yahoo.com/video/ai-weekly-samsungs-massive-profits-095459626.html,-0.5
2026-07-09 09:57:50+00:00,TSLA,reddit.com/r/stocks,"Tesla (TSLA) is more than vehicle volume and robotaxi timelines. - While the main focus remains on vehicle volumes and robotaxi timelines, a lesser-highlighted strength lies in Tesla’s quietly scaling energy business and manufacturing expertise, which could provide more predictable high-margin cash flows than pure software narratives suggest. Against consensus hype around rapid robotaxi dominance, regulatory and technological adoption curves may prove slower than priced, potentially allowing energy and core auto improvements to carry more",,0.5
2026-07-09 10:02:00+00:00,MU,Yahoo Finance,Wall Street's next AI trade is smaller than a grain of rice: One Big Idea,https://finance.yahoo.com/markets/article/wall-streets-next-ai-trade-is-smaller-than-a-grain-of-rice-one-big-idea-100100993.html,0.2
2026-07-09 10:04:04+00:00,SPCX,Reuters,SpaceX and AI startup wealth fuels demand for private jets,https://finance.yahoo.com/markets/stocks/articles/spacex-ai-startup-wealth-fuels-100404921.html,0.5
2026-07-09 10:05:00+00:00,NVDA,Proactive,Betting on the price of a chip: why the H100 rental market matters,https://finance.yahoo.com/technology/ai/articles/betting-price-chip-why-h100-100500272.html,0.1
2026-07-09 10:08:05+00:00,WBD,MT Newswires,"Market Chatter: Paramount, Warner Bros. Discovery Merger Possibly Faces Lawsuits From US States to Block Deal",https://finance.yahoo.com/markets/stocks/articles/market-chatter-paramount-warner-bros-100805472.html,-0.7
2026-07-09 10:09:19+00:00,AMZN,Electronic Payments,Nium acquires crypto wallet and issuing firm Cypher,https://finance.yahoo.com/markets/crypto/articles/nium-acquires-crypto-wallet-issuing-100919207.html,0.5
2026-07-09 10:11:01+00:00,TMUS,Simply Wall St.,Is Public Storage (PSA) Fairly Valued Following Its COO Resignation?,https://finance.yahoo.com/markets/stocks/articles/public-storage-psa-fairly-valued-101101626.html,0.1
