window,timestamp,ticker,agg_score,signal
1,2026-09-25 09:30:22+00:00,AAPL,0.2,Long
1,2026-09-30 13:35:17+00:00,AAPL,0.0,Neutral
1,2026-09-30 13:40:56+00:00,AAPL,-0.3,Short
1,2026-09-30 13:57:00+00:00,AAPL,-0.13333333333333333,Short
1,2026-09-30 14:45:08+00:00,AAPL,0.05,Neutral
1,2026-09-30 15:08:09+00:00,AAPL,0.16,Long
1,2026-09-30 15:29:21+00:00,AAPL,0.2333333333333333,Long
1,2026-09-30 16:24:00+00:00,AAPL,0.2714285714285714,Long
1,2026-09-30 16:46:59+00:00,AAPL,0.3375,Long
1,2026-09-30 17:54:13+00:00,AAPL,0.35555555555555557,Long
1,2026-09-30 17:58:03+00:00,AAPL,0.4,Long
1,2026-09-30 18:04:43+00:00,AAPL,0.4090909090909091,Long
1,2026-09-30 21:06:15+00:00,AAPL,0.4166666666666667,Long
1,2026-10-01 07:16:54+00:00,AAPL,0.43076923076923074,Long
1,2026-10-01 12:30:56+00:00,AAPL,0.41428571428571426,Long
1,2026-09-24 15:00:00+00:00,ABNB,-0.5,Short
1,2026-09-24 15:14:31+00:00,ABNB,-0.55,Short
1,2026-09-24 15:36:47+00:00,ABNB,-0.5666666666666667,Short
1,2026-09-24 20:16:14+00:00,ABNB,-0.375,Short
1,2026-09-24 23:39:41+00:00,ABNB,-0.41999999999999993,Short
1,2026-09-25 11:32:49+00:00,ABNB,-0.26666666666666666,Short
1,2026-09-25 14:57:42+00:00,ABNB,-0.1571428571428571,Short
1,2026-09-25 16:30:09+00:00,ABNB,0.22000000000000003,Long
1,2026-09-27 07:09:51+00:00,ABNB,0.5,Long
1,2026-09-27 23:39:48+00:00,ABNB,0.35,Long
1,2026-09-28 16:00:00+00:00,ABNB,0.35,Long
1,2026-09-29 19:35:20+00:00,ABNB,0.5,Long
1,2026-09-29 19:52:00+00:00,ABNB,0.55,Long
1,2026-09-29 23:20:01+00:00,ABNB,0.5333333333333333,Long
1,2026-09-30 13:25:00+00:00,ABNB,0.525,Long
1,2026-09-30 22:13:13+00:00,ABNB,0.5,Long
1,2026-09-28 15:09:42+00:00,ADBE,0.5,Long
1,2026-09-28 15:27:00+00:00,ADBE,0.5,Long
1,2026-09-28 19:41:11+00:00,ADBE,0.5,Long
1,2026-09-28 19:43:15+00:00,ADBE,0.5,Long
1,2026-09-28 19:44:57+00:00,ADBE,0.52,Long
1,2026-09-29 12:00:00+00:00,ADBE,0.5333333333333333,Long
1,2026-09-29 13:30:00+00:00,ADBE,0.5428571428571428,Long
1,2026-09-29 18:15:16+00:00,ADBE,0.48333333333333334,Long
1,2026-09-29 18:30:28+00:00,ADBE,0.5285714285714286,Long
1,2026-09-29 19:03:42+00:00,ADBE,0.4875,Long
1,2026-09-30 01:38:25+00:00,ADBE,0.4666666666666666,Long
1,2026-09-30 08:10:36+00:00,ADBE,0.5142857142857142,Long
1,2026-09-30 08:45:13+00:00,ADBE,0.475,Long
1,2026-09-30 12:30:37+00:00,ADBE,0.4625,Long
1,2026-09-24 14:30:03+00:00,ADI,0.5,Long
1,2026-09-25 14:22:00+00:00,ADI,0.35,Long
1,2026-09-27 17:30:17+00:00,ADI,0.6,Long
1,2026-09-28 06:00:00+00:00,ADI,0.55,Long
1,2026-09-28 23:47:19+00:00,ADI,0.35,Long
1,2026-09-29 13:53:00+00:00,ADI,0.5,Long
1,2026-09-30 12:12:32+00:00,ADI,0.7,Long
1,2026-09-24 15:33:42+00:00,ADP,-0.5,Short
1,2026-09-24 17:58:17+00:00,ADP,0.0,Neutral
1,2026-09-24 20:05:00+00:00,ADP,0.16666666666666666,Long
1,2026-09-25 15:04:37+00:00,ADP,0.175,Long
1,2026-09-28 04:01:00+00:00,ADP,0.2,Long
1,2026-09-28 11:34:57+00:00,ADP,0.2,Long
1,2026-09-28 12:00:00+00:00,ADP,0.13333333333333333,Long
1,2026-09-28 13:31:00+00:00,ADP,0.225,Long
1,2026-09-28 15:03:00+00:00,ADP,0.27999999999999997,Long
1,2026-09-29 17:08:22+00:00,ADP,0.2,Long
1,2026-09-30 11:37:00+00:00,ADP,-0.15,Short
1,2026-09-30 12:00:00+00:00,ADP,-0.09999999999999999,Neutral
1,2026-09-30 12:15:00+00:00,ADP,0.125,Long
1,2026-09-30 12:24:21+00:00,ADP,0.13999999999999999,Long
1,2026-09-30 12:33:55+00:00,ADP,0.21666666666666667,Long
1,2026-09-30 13:42:09+00:00,ADP,0.2571428571428572,Long
1,2026-09-24 19:36:03+00:00,ADSK,-0.6,Short
1,2026-09-24 20:24:58+00:00,ADSK,-0.19999999999999998,Short
1,2026-09-24 22:59:47+00:00,ADSK,0.03333333333333335,Neutral
1,2026-09-25 21:07:50+00:00,ADSK,0.5,Long
1,2026-09-26 14:10:41+00:00,ADSK,0.65,Long
1,2026-09-28 05:00:00+00:00,ADSK,0.5,Long
1,2026-09-28 16:05:54+00:00,ADSK,0.5,Long
1,2026-09-30 15:09:11+00:00,ADSK,0.1,Neutral
1,2026-09-30 15:17:11+00:00,ADSK,0.05,Neutral
1,2026-09-30 18:44:48+00:00,ADSK,-0.16666666666666666,Short
1,2026-09-24 14:53:47+00:00,AEP,0.6,Long
1,2026-09-29 19:19:01+00:00,AEP,0.1,Neutral
1,2026-09-30 00:00:00+00:00,AEP,-0.05,Neutral
1,2026-09-25 03:11:01+00:00,ALAB,0.2,Long
1,2026-09-25 13:55:20+00:00,ALAB,0.35,Long
1,2026-09-25 21:15:01+00:00,ALAB,0.39999999999999997,Long
1,2026-09-29 15:43:34+00:00,ALAB,0.6,Long
1,2026-09-30 07:00:00+00:00,ALAB,0.4,Long
1,2026-09-30 09:04:02+00:00,ALAB,0.5333333333333333,Long
1,2026-09-30 11:11:00+00:00,ALAB,0.6000000000000001,Long
1,2026-09-30 12:40:04+00:00,ALAB,0.38,Long
1,2026-09-25 00:36:00+00:00,ALNY,0.5,Long
1,2026-09-28 09:43:00+00:00,ALNY,0.8,Long
1,2026-09-28 13:57:00+00:00,ALNY,0.65,Long
1,2026-09-29 13:00:00+00:00,ALNY,0.5,Long
1,2026-09-25 04:25:30+00:00,AMAT,0.2,Long
1,2026-09-26 05:12:14+00:00,AMAT,0.2,Long
1,2026-09-28 06:18:09+00:00,AMAT,0.5,Long
1,2026-09-28 08:16:13+00:00,AMAT,0.5,Long
1,2026-09-28 11:30:02+00:00,AMAT,0.5,Long
1,2026-09-28 12:55:03+00:00,AMAT,0.5,Long
1,2026-09-29 15:07:00+00:00,AMAT,0.5,Long
1,2026-09-29 18:17:12+00:00,AMAT,0.65,Long
1,2026-09-29 20:05:00+00:00,AMAT,0.6,Long
1,2026-09-30 02:21:03+00:00,AMAT,0.6,Long
1,2026-09-30 08:09:47+00:00,AMAT,0.58,Long
1,2026-09-30 12:30:02+00:00,AMAT,0.5833333333333334,Long
1,2026-10-01 13:00:00+00:00,AMAT,0.6,Long
1,2026-09-27 20:14:07+00:00,AMD,-0.6,Short
1,2026-09-29 10:17:06+00:00,AMD,0.2,Long
1,2026-09-29 11:09:14+00:00,AMD,0.5,Long
1,2026-09-30 14:00:00+00:00,AMD,0.5,Long
1,2026-09-30 14:14:00+00:00,AMD,0.35,Long
1,2026-09-30 14:15:03+00:00,AMD,0.03333333333333336,Neutral
1,2026-09-30 14:24:31+00:00,AMD,-0.09999999999999998,Neutral
1,2026-09-30 14:28:05+00:00,AMD,0.020000000000000018,Neutral
1,2026-09-30 16:29:13+00:00,AMD,0.11666666666666668,Long
1,2026-09-30 17:00:41+00:00,AMD,0.1285714285714286,Long
1,2026-09-30 17:23:00+00:00,AMD,0.1875,Long
1,2026-09-30 17:52:10+00:00,AMD,0.25555555555555554,Long
1,2026-09-30 17:56:57+00:00,AMD,0.16,Long
1,2026-09-30 20:48:55+00:00,AMD,0.2,Long
1,2026-10-01 11:15:41+00:00,AMD,0.1416666666666667,Long
1,2026-10-01 12:45:02+00:00,AMD,0.1769230769230769,Long
1,2026-09-25 12:00:04+00:00,AMGN,0.5,Long
1,2026-09-25 14:00:00+00:00,AMGN,0.65,Long
1,2026-09-25 17:13:11+00:00,AMGN,0.46666666666666673,Long
1,2026-09-25 20:50:02+00:00,AMGN,0.475,Long
1,2026-09-25 22:00:00+00:00,AMGN,0.48,Long
1,2026-09-27 12:46:00+00:00,AMGN,0.6,Long
1,2026-09-27 19:55:55+00:00,AMGN,0.55,Long
1,2026-09-27 20:34:31+00:00,AMGN,0.5666666666666667,Long
1,2026-09-28 12:00:00+00:00,AMGN,0.625,Long
1,2026-09-28 12:12:00+00:00,AMGN,0.6,Long
1,2026-09-28 19:55:35+00:00,AMGN,0.52,Long
1,2026-09-29 00:08:30+00:00,AMGN,0.4,Long
1,2026-09-29 01:27:17+00:00,AMGN,0.36,Long
1,2026-09-29 12:06:00+00:00,AMGN,0.3,Long
1,2026-09-29 13:03:17+00:00,AMGN,0.1,Neutral
1,2026-09-29 16:23:35+00:00,AMGN,0.16666666666666666,Long
1,2026-09-29 18:43:14+00:00,AMGN,0.17142857142857143,Long
1,2026-09-30 13:30:00+00:00,AMGN,0.43333333333333335,Long
1,2026-10-01 08:29:07+00:00,AMGN,0.55,Long
1,2026-09-30 16:57:51+00:00,AMZN,0.8,Long
1,2026-09-30 17:26:50+00:00,AMZN,0.5,Long
1,2026-09-30 18:01:56+00:00,AMZN,0.16666666666666666,Long
1,2026-09-30 18:09:21+00:00,AMZN,0.325,Long
1,2026-09-30 19:33:19+00:00,AMZN,0.36,Long
1,2026-09-30 20:00:00+00:00,AMZN,0.3833333333333333,Long
1,2026-10-01 10:38:38+00:00,AMZN,0.4428571428571429,Long
1,2026-10-01 11:01:01+00:00,AMZN,0.45,Long
1,2026-10-01 12:37:48+00:00,AMZN,0.4555555555555555,Long
1,2026-10-01 12:45:28+00:00,AMZN,0.36,Long
1,2026-10-01 13:05:34+00:00,AMZN,0.33636363636363636,Long
1,2026-10-01 13:41:07+00:00,AMZN,0.30833333333333335,Long
1,2026-09-24 18:46:53+00:00,APP,0.2,Long
1,2026-09-24 19:09:33+00:00,APP,-0.19999999999999998,Short
1,2026-09-25 06:52:39+00:00,APP,-0.06666666666666665,Neutral
1,2026-09-25 12:00:07+00:00,APP,0.07500000000000001,Neutral
1,2026-09-26 05:20:00+00:00,APP,0.06666666666666665,Neutral
1,2026-09-26 07:12:27+00:00,APP,0.16666666666666666,Long
1,2026-09-26 08:08:49+00:00,APP,0.25,Long
1,2026-09-26 22:09:28+00:00,APP,0.175,Long
1,2026-09-27 10:13:32+00:00,APP,-0.30000000000000004,Short
1,2026-09-27 11:43:03+00:00,APP,-0.4000000000000001,Short
1,2026-09-27 20:32:58+00:00,APP,-0.42500000000000004,Short
1,2026-09-28 10:30:36+00:00,APP,-0.3,Short
1,2026-09-28 13:15:31+00:00,APP,0.09999999999999998,Neutral
1,2026-09-28 13:41:07+00:00,APP,0.09999999999999998,Neutral
1,2026-09-28 19:29:26+00:00,APP,0.12,Long
1,2026-09-29 15:22:01+00:00,APP,0.4,Long
1,2026-09-30 15:48:47+00:00,APP,-0.5,Short
1,2026-09-30 20:54:22+00:00,APP,0.0,Neutral
1,2026-09-26 11:00:00+00:00,ARM,0.0,Neutral
1,2026-09-26 17:36:00+00:00,ARM,0.1,Neutral
1,2026-09-28 15:17:53+00:00,ARM,-0.5,Short
1,2026-09-28 15:51:29+00:00,ARM,-0.65,Short
1,2026-09-28 18:44:57+00:00,ARM,-0.5666666666666668,Short
1,2026-09-28 21:37:15+00:00,ARM,-0.375,Short
1,2026-09-29 06:09:35+00:00,ARM,-0.2,Short
1,2026-09-29 08:30:00+00:00,ARM,-0.16666666666666666,Short
1,2026-09-29 09:09:11+00:00,ARM,-0.028571428571428564,Neutral
1,2026-09-29 12:08:07+00:00,ARM,-0.125,Short
1,2026-09-29 15:30:00+00:00,ARM,0.0,Neutral
1,2026-09-29 18:49:31+00:00,ARM,0.24285714285714288,Long
1,2026-09-30 15:20:04+00:00,ARM,0.16666666666666666,Long
1,2026-09-30 18:00:32+00:00,ARM,0.06666666666666667,Neutral
1,2026-09-30 22:05:00+00:00,ARM,0.06666666666666667,Neutral
1,2026-10-01 12:09:22+00:00,ARM,0.175,Long
1,2026-09-25 04:07:17+00:00,ASML,0.5,Long
1,2026-09-25 12:14:30+00:00,ASML,0.55,Long
1,2026-09-26 10:10:00+00:00,ASML,0.55,Long
1,2026-09-26 16:20:01+00:00,ASML,0.35,Long
1,2026-09-26 23:08:14+00:00,ASML,0.39999999999999997,Long
1,2026-09-27 16:00:21+00:00,ASML,0.5,Long
1,2026-09-28 09:36:00+00:00,ASML,0.8,Long
1,2026-09-28 12:00:00+00:00,ASML,0.5333333333333333,Long
1,2026-09-28 20:50:05+00:00,ASML,0.43333333333333335,Long
1,2026-09-29 07:37:42+00:00,ASML,0.275,Long
1,2026-09-29 09:40:58+00:00,ASML,0.22499999999999998,Long
1,2026-09-29 15:07:44+00:00,ASML,0.175,Long
1,2026-09-29 18:48:36+00:00,ASML,0.25999999999999995,Long
1,2026-09-29 19:30:56+00:00,ASML,0.3,Long
1,2026-09-30 10:11:54+00:00,ASML,0.09999999999999998,Neutral
1,2026-09-30 11:20:01+00:00,ASML,0.11999999999999997,Long
1,2026-09-30 12:00:06+00:00,ASML,0.13333333333333333,Long
1,2026-09-30 12:05:40+00:00,ASML,0.04285714285714285,Neutral
1,2026-09-30 15:12:11+00:00,ASML,-7.93016446160826e-18,Neutral
1,2026-09-30 11:37:27+00:00,AVGO,0.8,Long
1,2026-09-30 12:12:31+00:00,AVGO,0.15000000000000002,Long
1,2026-09-30 12:45:58+00:00,AVGO,-0.09999999999999998,Neutral
1,2026-09-30 13:19:01+00:00,AVGO,-0.02499999999999998,Neutral
1,2026-09-30 15:21:36+00:00,AVGO,0.08000000000000002,Neutral
1,2026-09-30 18:12:05+00:00,AVGO,0.15000000000000002,Long
1,2026-09-30 19:15:32+00:00,AVGO,0.2,Long
1,2026-10-01 10:55:30+00:00,AVGO,0.18750000000000003,Long
1,2026-10-01 11:22:00+00:00,AVGO,0.2222222222222222,Long
1,2026-09-25 00:16:58+00:00,AXON,-0.6,Short
1,2026-09-25 20:50:04+00:00,AXON,-0.55,Short
1,2026-09-29 18:58:34+00:00,AXON,-0.8,Short
1,2026-09-30 12:00:04+00:00,AXON,-0.15000000000000002,Short
1,2026-09-24 21:37:06+00:00,BKNG,0.0,Neutral
1,2026-09-24 23:19:33+00:00,BKNG,0.0,Neutral
1,2026-09-25 06:30:00+00:00,BKNG,0.16666666666666666,Long
1,2026-09-26 02:00:00+00:00,BKNG,0.65,Long
1,2026-09-26 15:42:15+00:00,BKNG,0.65,Long
1,2026-09-28 02:00:00+00:00,BKNG,0.5,Long
1,2026-09-29 13:00:00+00:00,BKNG,0.6,Long
1,2026-09-29 13:00:00+00:00,BKNG,0.55,Long
1,2026-09-29 14:15:00+00:00,BKNG,0.6333333333333333,Long
1,2026-09-29 18:57:00+00:00,BKNG,0.525,Long
1,2026-09-30 03:32:00+00:00,BKNG,0.52,Long
1,2026-10-01 09:17:07+00:00,BKNG,0.5,Long
1,2026-09-25 17:15:00+00:00,BKR,0.5,Long
1,2026-09-26 00:01:00+00:00,BKR,0.0,Neutral
1,2026-09-27 20:05:56+00:00,BKR,0.2,Long
1,2026-09-28 11:00:00+00:00,BKR,0.1,Neutral
1,2026-09-28 14:00:00+00:00,BKR,0.3333333333333333,Long
1,2026-09-28 15:35:00+00:00,BKR,0.4,Long
1,2026-09-28 17:46:43+00:00,BKR,0.32,Long
1,2026-09-29 10:21:13+00:00,BKR,0.4,Long
1,2026-09-30 13:09:13+00:00,BKR,0.2,Long
1,2026-09-24 20:17:38+00:00,CCEP,0.5,Long
1,2026-09-29 17:05:00+00:00,CCEP,0.8,Long
1,2026-09-24 20:02:30+00:00,CDNS,0.5,Long
1,2026-09-24 20:18:23+00:00,CDNS,0.35,Long
1,2026-09-25 00:37:37+00:00,CDNS,0.3,Long
1,2026-09-25 14:12:34+00:00,CDNS,0.275,Long
1,2026-09-25 20:20:00+00:00,CDNS,0.13333333333333333,Long
1,2026-09-25 20:50:03+00:00,CDNS,0.225,Long
1,2026-09-28 06:18:00+00:00,CDNS,0.2,Long
1,2026-09-28 11:00:03+00:00,CDNS,0.35,Long
1,2026-09-28 17:35:00+00:00,CDNS,0.43333333333333335,Long
1,2026-09-29 12:00:03+00:00,CDNS,0.55,Long
1,2026-09-30 23:28:35+00:00,CDNS,0.2,Long
1,2026-10-01 12:27:00+00:00,CDNS,0.5,Long
1,2026-09-24 22:16:15+00:00,CEG,0.5,Long
1,2026-09-25 00:30:14+00:00,CEG,0.35,Long
1,2026-09-25 04:11:42+00:00,CEG,0.39999999999999997,Long
1,2026-09-25 15:04:00+00:00,CEG,0.35,Long
1,2026-09-28 12:00:06+00:00,CEG,0.5,Long
1,2026-09-28 16:32:00+00:00,CEG,0.5,Long
1,2026-09-28 20:45:03+00:00,CEG,0.16666666666666666,Long
1,2026-09-29 13:10:02+00:00,CEG,0.06666666666666667,Neutral
1,2026-09-29 14:30:00+00:00,CEG,0.05,Neutral
1,2026-09-29 15:00:53+00:00,CEG,0.13999999999999999,Long
1,2026-09-30 09:06:52+00:00,CEG,0.3,Long
1,2026-09-30 20:44:46+00:00,CEG,0.55,Long
1,2026-09-30 21:02:00+00:00,CEG,0.5666666666666667,Long
1,2026-10-01 04:21:14+00:00,CEG,0.55,Long
1,2026-10-01 10:03:00+00:00,CEG,0.475,Long
1,2026-10-01 11:15:40+00:00,CEG,0.54,Long
1,2026-10-01 11:15:53+00:00,CEG,0.5499999999999999,Long
1,2026-10-01 12:00:05+00:00,CEG,0.5428571428571428,Long
1,2026-09-25 21:35:55+00:00,CMCSA,0.1,Neutral
1,2026-09-26 12:08:36+00:00,CMCSA,0.1,Neutral
1,2026-09-27 11:10:33+00:00,CMCSA,0.15000000000000002,Long
1,2026-09-27 13:10:08+00:00,CMCSA,-0.19999999999999996,Short
1,2026-09-27 14:00:49+00:00,CMCSA,-0.3,Short
1,2026-09-28 12:00:02+00:00,CMCSA,-0.19999999999999996,Short
1,2026-09-28 13:15:00+00:00,CMCSA,0.26666666666666666,Long
1,2026-09-28 14:00:00+00:00,CMCSA,0.325,Long
1,2026-09-28 20:00:00+00:00,CMCSA,0.65,Long
1,2026-09-29 11:09:46+00:00,CMCSA,0.62,Long
1,2026-09-29 11:55:14+00:00,CMCSA,0.43333333333333335,Long
1,2026-09-29 12:00:00+00:00,CMCSA,0.4428571428571429,Long
1,2026-09-29 13:30:00+00:00,CMCSA,0.43333333333333335,Long
1,2026-09-29 13:44:35+00:00,CMCSA,0.3,Long
1,2026-09-29 15:03:37+00:00,CMCSA,0.3428571428571429,Long
1,2026-09-29 16:01:34+00:00,CMCSA,0.22500000000000003,Long
1,2026-09-29 16:41:00+00:00,CMCSA,0.2555555555555556,Long
1,2026-09-29 20:54:57+00:00,CMCSA,0.2555555555555556,Long
1,2026-09-30 12:00:00+00:00,CMCSA,0.3285714285714286,Long
1,2026-10-01 12:00:00+00:00,CMCSA,0.5,Long
1,2026-09-24 14:54:24+00:00,COST,0.2,Long
1,2026-09-24 21:42:22+00:00,COST,0.5,Long
1,2026-09-26 04:30:26+00:00,COST,0.5,Long
1,2026-09-26 15:40:50+00:00,COST,0.35,Long
1,2026-09-28 23:08:42+00:00,COST,0.5,Long
1,2026-09-28 23:37:00+00:00,COST,-0.09999999999999998,Neutral
1,2026-09-29 01:09:27+00:00,COST,1.850371707708594e-17,Neutral
1,2026-09-29 02:23:01+00:00,COST,0.025000000000000015,Neutral
1,2026-09-29 06:09:40+00:00,COST,0.18000000000000002,Long
1,2026-09-29 07:14:36+00:00,COST,0.1666666666666667,Long
1,2026-09-29 08:31:01+00:00,COST,0.21428571428571427,Long
1,2026-09-29 08:55:01+00:00,COST,0.21250000000000002,Long
1,2026-09-29 11:03:00+00:00,COST,0.25555555555555554,Long
1,2026-09-29 14:22:00+00:00,COST,0.31,Long
1,2026-09-29 15:01:00+00:00,COST,0.35454545454545455,Long
1,2026-09-29 15:20:00+00:00,COST,0.39166666666666666,Long
1,2026-09-29 16:31:33+00:00,COST,0.4,Long
1,2026-09-29 16:50:00+00:00,COST,0.41428571428571426,Long
1,2026-09-30 00:37:00+00:00,COST,0.4692307692307693,Long
1,2026-09-30 13:00:52+00:00,COST,0.6285714285714287,Long
1,2026-09-30 13:15:00+00:00,COST,0.6125,Long
1,2026-09-30 14:07:00+00:00,COST,0.6000000000000001,Long
1,2026-09-30 14:36:37+00:00,COST,0.5333333333333333,Long
1,2026-09-25 21:15:02+00:00,CPRT,-0.5,Short
1,2026-09-29 09:19:01+00:00,CPRT,0.2,Long
1,2026-10-01 12:00:00+00:00,CPRT,0.2,Long
1,2026-09-29 17:30:00+00:00,CRWD,0.5,Long
1,2026-09-29 19:08:46+00:00,CRWD,0.55,Long
1,2026-09-29 19:30:04+00:00,CRWD,0.43333333333333335,Long
1,2026-09-29 20:54:54+00:00,CRWD,0.45,Long
1,2026-09-30 00:21:07+00:00,CRWD,0.4,Long
1,2026-09-30 02:57:09+00:00,CRWD,0.4166666666666667,Long
1,2026-09-30 11:13:45+00:00,CRWD,0.42857142857142855,Long
1,2026-09-30 11:15:11+00:00,CRWD,0.4375,Long
1,2026-09-30 12:29:19+00:00,CRWD,0.47777777777777775,Long
1,2026-09-30 12:45:13+00:00,CRWD,0.45,Long
1,2026-09-30 13:15:24+00:00,CRWD,0.4636363636363636,Long
1,2026-09-30 15:41:53+00:00,CRWD,0.4916666666666667,Long
1,2026-09-30 21:14:47+00:00,CRWD,0.4000000000000001,Long
1,2026-09-30 23:14:30+00:00,CRWD,0.41000000000000003,Long
1,2026-09-29 18:25:00+00:00,CRWV,0.1,Neutral
1,2026-09-30 11:10:22+00:00,CRWV,0.45,Long
1,2026-09-30 13:00:00+00:00,CRWV,0.5666666666666668,Long
1,2026-09-30 13:00:00+00:00,CRWV,0.55,Long
1,2026-09-30 13:00:00+00:00,CRWV,0.54,Long
1,2026-09-30 13:00:00+00:00,CRWV,0.5333333333333333,Long
1,2026-09-30 13:00:00+00:00,CRWV,0.5285714285714286,Long
1,2026-09-30 13:16:39+00:00,CRWV,0.4,Long
1,2026-09-30 13:16:48+00:00,CRWV,0.30000000000000004,Long
1,2026-09-30 13:53:28+00:00,CRWV,0.32,Long
1,2026-09-30 14:47:40+00:00,CRWV,0.33636363636363636,Long
1,2026-09-30 15:17:55+00:00,CRWV,0.35000000000000003,Long
1,2026-09-30 17:48:00+00:00,CRWV,0.3384615384615385,Long
1,2026-09-30 17:53:29+00:00,CRWV,0.37142857142857144,Long
1,2026-10-01 02:09:22+00:00,CRWV,0.4,Long
1,2026-10-01 12:45:47+00:00,CRWV,0.2857142857142857,Long
1,2026-09-28 19:30:16+00:00,CSCO,-0.3,Short
1,2026-09-28 21:41:30+00:00,CSCO,0.1,Neutral
1,2026-09-29 09:05:00+00:00,CSCO,0.3333333333333333,Long
1,2026-09-29 12:00:00+00:00,CSCO,0.375,Long
1,2026-09-29 13:05:00+00:00,CSCO,0.33999999999999997,Long
1,2026-09-29 13:25:50+00:00,CSCO,0.3666666666666667,Long
1,2026-09-29 15:53:00+00:00,CSCO,0.38571428571428573,Long
1,2026-09-29 15:55:00+00:00,CSCO,0.4125,Long
1,2026-09-29 15:58:00+00:00,CSCO,0.4555555555555555,Long
1,2026-09-29 16:39:56+00:00,CSCO,0.45999999999999996,Long
1,2026-09-29 18:52:46+00:00,CSCO,0.3727272727272727,Long
1,2026-09-29 21:41:56+00:00,CSCO,0.4,Long
1,2026-09-29 22:08:12+00:00,CSCO,0.4090909090909091,Long
1,2026-09-30 11:54:14+00:00,CSCO,0.33636363636363636,Long
1,2026-09-30 13:55:11+00:00,CSCO,0.2777777777777778,Long
1,2026-09-30 15:00:30+00:00,CSCO,0.25,Long
1,2026-09-30 17:53:18+00:00,CSCO,0.014285714285714266,Neutral
1,2026-09-30 23:11:59+00:00,CSCO,0.03999999999999998,Neutral
1,2026-09-25 13:27:08+00:00,CSX,0.5,Long
1,2026-09-27 18:45:16+00:00,CSX,0.6,Long
1,2026-09-30 10:37:13+00:00,CSX,0.2,Long
1,2026-10-01 11:57:07+00:00,CSX,-0.5,Short
1,2026-09-24 18:20:57+00:00,CTAS,0.2,Long
1,2026-09-25 12:40:00+00:00,CTAS,0.5,Long
1,2026-09-25 15:14:52+00:00,CTAS,0.6,Long
1,2026-09-28 22:38:33+00:00,CTAS,0.6,Long
1,2026-09-29 00:17:37+00:00,CTAS,0.55,Long
1,2026-09-30 10:00:00+00:00,CTAS,0.5,Long
1,2026-09-30 10:37:55+00:00,CTAS,0.25,Long
1,2026-09-27 22:11:13+00:00,DASH,0.2,Long
1,2026-09-28 12:44:44+00:00,DASH,0.2,Long
1,2026-09-28 15:00:00+00:00,DASH,0.3,Long
1,2026-09-28 18:55:39+00:00,DASH,0.275,Long
1,2026-09-28 21:39:23+00:00,DASH,0.08000000000000003,Neutral
1,2026-09-29 01:02:36+00:00,DASH,-0.05999999999999998,Neutral
1,2026-09-29 01:18:36+00:00,DASH,-0.15,Short
1,2026-09-29 10:00:00+00:00,DASH,-0.04285714285714283,Neutral
1,2026-09-29 13:12:02+00:00,DASH,-0.04285714285714283,Neutral
1,2026-09-29 16:43:18+00:00,DASH,-0.04285714285714283,Neutral
1,2026-09-30 12:50:00+00:00,DASH,0.4000000000000001,Long
1,2026-09-30 13:00:00+00:00,DASH,0.35000000000000003,Long
1,2026-09-30 13:00:00+00:00,DASH,0.4,Long
1,2026-09-30 13:00:00+00:00,DASH,0.4166666666666667,Long
1,2026-09-30 13:00:00+00:00,DASH,0.4428571428571429,Long
1,2026-09-30 13:00:00+00:00,DASH,0.4625,Long
1,2026-09-30 13:00:00+00:00,DASH,0.4666666666666667,Long
1,2026-09-30 15:45:29+00:00,DASH,0.5111111111111111,Long
1,2026-09-30 19:12:36+00:00,DASH,0.47777777777777775,Long
1,2026-10-01 11:01:07+00:00,DASH,0.48,Long
1,2026-09-25 00:19:52+00:00,DDOG,0.5,Long
1,2026-09-25 11:37:00+00:00,DDOG,0.5,Long
1,2026-09-25 12:00:05+00:00,DDOG,0.5,Long
1,2026-09-25 12:04:53+00:00,DDOG,0.5,Long
1,2026-09-25 18:06:30+00:00,DDOG,0.44000000000000006,Long
1,2026-09-26 03:12:37+00:00,DDOG,0.45999999999999996,Long
1,2026-09-28 12:12:06+00:00,DDOG,0.5,Long
1,2026-09-28 13:45:51+00:00,DDOG,0.0,Neutral
1,2026-09-28 15:35:00+00:00,DDOG,0.16666666666666666,Long
1,2026-09-28 16:30:52+00:00,DDOG,0.125,Long
1,2026-09-28 22:09:52+00:00,DDOG,0.12,Long
1,2026-09-29 03:14:06+00:00,DDOG,0.18333333333333335,Long
1,2026-09-29 14:51:17+00:00,DDOG,0.33999999999999997,Long
1,2026-09-30 00:11:02+00:00,DDOG,0.4333333333333333,Long
1,2026-09-30 04:38:27+00:00,DDOG,0.4333333333333333,Long
1,2026-09-30 11:49:13+00:00,DDOG,0.375,Long
1,2026-09-25 00:20:09+00:00,DXCM,0.5,Long
1,2026-09-25 11:36:37+00:00,DXCM,0.5,Long
1,2026-09-28 06:00:00+00:00,DXCM,0.5,Long
1,2026-09-28 07:00:00+00:00,DXCM,0.65,Long
1,2026-09-28 20:36:00+00:00,DXCM,0.7000000000000001,Long
1,2026-09-29 14:06:00+00:00,DXCM,0.15000000000000002,Long
1,2026-09-24 23:30:00+00:00,EXC,0.8,Long
1,2026-09-25 14:11:34+00:00,FANG,0.5,Long
1,2026-09-25 15:00:00+00:00,FANG,0.5,Long
1,2026-09-29 02:35:00+00:00,FANG,0.8,Long
1,2026-09-29 13:52:02+00:00,FANG,0.65,Long
1,2026-09-30 00:00:00+00:00,FANG,0.46666666666666673,Long
1,2026-09-30 11:40:00+00:00,FANG,0.3666666666666667,Long
1,2026-09-30 14:00:00+00:00,FANG,0.19999999999999998,Long
1,2026-09-30 14:00:00+00:00,FANG,0.15,Long
1,2026-09-28 13:11:47+00:00,FAST,0.5,Long
1,2026-09-28 20:05:00+00:00,FAST,0.25,Long
1,2026-09-29 09:15:21+00:00,FAST,-0.033333333333333326,Neutral
1,2026-09-29 10:50:00+00:00,FAST,0.1,Neutral
1,2026-09-29 13:05:35+00:00,FAST,0.1,Neutral
1,2026-09-28 04:51:35+00:00,FER,0.2,Long
1,2026-09-30 21:38:00+00:00,FER,0.5,Long
1,2026-09-25 16:24:40+00:00,FTNT,0.2,Long
1,2026-09-25 20:25:53+00:00,FTNT,0.2,Long
1,2026-09-25 20:45:06+00:00,FTNT,-0.033333333333333326,Neutral
1,2026-09-26 21:11:58+00:00,FTNT,0.1,Neutral
1,2026-09-27 15:25:00+00:00,FTNT,0.35,Long
1,2026-09-28 05:00:02+00:00,FTNT,0.7,Long
1,2026-09-28 16:08:07+00:00,FTNT,0.45,Long
1,2026-09-28 22:11:30+00:00,FTNT,0.3666666666666667,Long
1,2026-09-29 10:00:00+00:00,FTNT,0.26666666666666666,Long
1,2026-09-29 12:54:00+00:00,FTNT,0.25,Long
1,2026-09-30 12:00:00+00:00,FTNT,0.4,Long
1,2026-09-30 12:57:00+00:00,FTNT,0.55,Long
1,2026-09-30 19:14:08+00:00,FTNT,0.5333333333333333,Long
1,2026-10-01 13:02:00+00:00,FTNT,0.55,Long
1,2026-09-26 15:17:00+00:00,GEHC,0.6,Long
1,2026-09-28 10:24:00+00:00,GEHC,0.5,Long
1,2026-09-28 17:31:00+00:00,GEHC,0.55,Long
1,2026-09-28 19:34:36+00:00,GEHC,0.3666666666666667,Long
1,2026-09-30 06:56:00+00:00,GEHC,0.8,Long
1,2026-09-27 23:09:17+00:00,GILD,0.2,Long
1,2026-09-27 23:12:45+00:00,GILD,0.2,Long
1,2026-09-27 23:16:08+00:00,GILD,0.2,Long
1,2026-09-27 23:20:05+00:00,GILD,0.275,Long
1,2026-09-28 13:11:34+00:00,GILD,0.26,Long
1,2026-09-28 18:08:25+00:00,GILD,0.3,Long
1,2026-09-28 18:45:06+00:00,GILD,0.32857142857142857,Long
1,2026-09-28 23:52:03+00:00,GILD,0.35,Long
1,2026-09-29 09:22:00+00:00,GILD,0.44000000000000006,Long
1,2026-09-29 13:00:00+00:00,GILD,0.45,Long
1,2026-09-30 08:47:00+00:00,GILD,0.7000000000000001,Long
1,2026-09-30 17:16:25+00:00,GOOG,0.2,Long
1,2026-09-30 17:58:43+00:00,GOOG,-0.15,Short
1,2026-09-30 20:30:29+00:00,GOOG,-0.3,Short
1,2026-10-01 12:17:21+00:00,GOOG,-0.1,Neutral
1,2026-10-01 12:37:42+00:00,GOOG,0.019999999999999997,Neutral
1,2026-10-01 12:45:09+00:00,GOOG,0.11666666666666665,Long
1,2026-10-01 12:45:41+00:00,GOOG,0.028571428571428564,Neutral
1,2026-10-01 13:08:39+00:00,GOOG,0.049999999999999996,Neutral
1,2026-10-01 13:47:53+00:00,GOOG,0.05555555555555555,Neutral
1,2026-09-30 09:58:52+00:00,GOOGL,0.6,Long
1,2026-09-30 16:07:35+00:00,GOOGL,0.55,Long
1,2026-09-30 19:23:31+00:00,GOOGL,0.43333333333333335,Long
1,2026-09-30 22:35:21+00:00,GOOGL,0.2,Long
1,2026-10-01 06:43:50+00:00,GOOGL,0.32,Long
1,2026-10-01 08:55:12+00:00,GOOGL,0.35000000000000003,Long
1,2026-10-01 12:01:00+00:00,GOOGL,0.3833333333333333,Long
1,2026-10-01 12:48:19+00:00,GOOGL,0.35714285714285715,Long
1,2026-10-01 13:26:14+00:00,GOOGL,0.23750000000000002,Long
1,2026-09-24 16:05:02+00:00,HON,0.2,Long
1,2026-09-24 19:25:06+00:00,HON,0.15000000000000002,Long
1,2026-09-25 00:48:24+00:00,HON,0.16666666666666666,Long
1,2026-09-25 08:26:00+00:00,HON,0.325,Long
1,2026-09-25 15:04:00+00:00,HON,0.36,Long
1,2026-09-25 17:03:00+00:00,HON,0.32,Long
1,2026-09-26 19:08:11+00:00,HON,0.5,Long
1,2026-09-26 22:07:42+00:00,HON,0.65,Long
1,2026-09-27 10:01:58+00:00,HON,0.6333333333333333,Long
1,2026-09-28 03:10:13+00:00,HON,0.4,Long
1,2026-09-28 08:09:00+00:00,HON,0.4666666666666666,Long
1,2026-09-28 09:18:00+00:00,HON,0.5,Long
1,2026-09-28 18:17:36+00:00,HON,0.37499999999999994,Long
1,2026-09-29 19:12:00+00:00,HON,-0.5,Short
1,2026-09-30 11:30:00+00:00,HON,0.15000000000000002,Long
1,2026-09-30 13:29:04+00:00,HON,0.26666666666666666,Long
1,2026-09-29 12:00:00+00:00,HONA,0.0,Neutral
1,2026-09-30 13:00:00+00:00,IDXX,0.5,Long
1,2026-09-29 16:31:08+00:00,INTC,0.5,Long
1,2026-09-29 18:04:00+00:00,INTC,0.5,Long
1,2026-09-29 19:30:00+00:00,INTC,0.5,Long
1,2026-09-30 07:48:55+00:00,INTC,0.575,Long
1,2026-09-30 11:15:56+00:00,INTC,0.58,Long
1,2026-09-30 12:45:13+00:00,INTC,0.5166666666666667,Long
1,2026-09-30 13:47:17+00:00,INTC,0.5285714285714286,Long
1,2026-09-30 14:17:33+00:00,INTC,0.4625,Long
1,2026-09-30 15:39:14+00:00,INTC,0.4222222222222222,Long
1,2026-09-30 17:27:33+00:00,INTC,0.43333333333333335,Long
1,2026-09-30 18:51:54+00:00,INTC,0.3888888888888889,Long
1,2026-10-01 12:13:38+00:00,INTC,0.34285714285714286,Long
1,2026-09-24 14:30:03+00:00,INTU,-0.5,Short
1,2026-09-26 15:32:54+00:00,INTU,0.2,Long
1,2026-09-26 17:57:44+00:00,INTU,0.35,Long
1,2026-09-26 18:08:36+00:00,INTU,0.39999999999999997,Long
1,2026-09-28 14:06:36+00:00,INTU,0.2,Long
1,2026-09-28 20:50:02+00:00,INTU,-0.15,Short
1,2026-09-29 02:30:36+00:00,INTU,-0.033333333333333326,Neutral
1,2026-09-29 09:30:04+00:00,INTU,0.1,Neutral
1,2026-09-29 11:52:02+00:00,INTU,-0.019999999999999997,Neutral
1,2026-09-29 12:02:00+00:00,INTU,0.06666666666666667,Neutral
1,2026-09-29 13:05:00+00:00,INTU,0.1285714285714286,Long
1,2026-09-29 13:26:02+00:00,INTU,0.037500000000000006,Neutral
1,2026-09-29 14:13:51+00:00,INTU,0.0875,Neutral
1,2026-09-29 18:22:54+00:00,INTU,0.13333333333333336,Long
1,2026-09-30 10:11:08+00:00,INTU,0.21428571428571427,Long
1,2026-09-30 13:05:00+00:00,INTU,0.32,Long
1,2026-09-30 18:12:02+00:00,INTU,0.525,Long
1,2026-10-01 13:33:07+00:00,INTU,0.6500000000000001,Long
1,2026-09-24 18:45:20+00:00,ISRG,0.2,Long
1,2026-09-28 19:27:25+00:00,ISRG,0.5,Long
1,2026-09-29 12:00:02+00:00,ISRG,0.3,Long
1,2026-09-29 19:26:58+00:00,ISRG,0.2333333333333333,Long
1,2026-09-29 19:38:00+00:00,ISRG,0.2333333333333333,Long
1,2026-09-30 09:08:45+00:00,ISRG,0.3,Long
1,2026-09-25 11:34:49+00:00,KDP,0.5,Long
1,2026-09-25 19:48:17+00:00,KDP,0.25,Long
1,2026-09-26 14:40:04+00:00,KDP,0.1,Neutral
1,2026-09-28 00:00:00+00:00,KDP,0.1,Neutral
1,2026-09-28 08:14:23+00:00,KDP,-0.2,Short
1,2026-10-01 00:00:00+00:00,KDP,0.5,Long
1,2026-10-01 11:00:00+00:00,KDP,0.5,Long
1,2026-09-29 14:02:00+00:00,KLAC,0.5,Long
1,2026-09-25 12:25:26+00:00,LIN,0.5,Long
1,2026-09-25 21:55:06+00:00,LIN,0.5,Long
1,2026-09-29 15:01:59+00:00,LIN,0.5,Long
1,2026-09-30 19:38:50+00:00,LIN,-0.5,Short
1,2026-09-24 15:23:00+00:00,LITE,0.5,Long
1,2026-09-24 19:07:44+00:00,LITE,0.35,Long
1,2026-09-25 09:09:00+00:00,LITE,0.5,Long
1,2026-09-25 11:53:17+00:00,LITE,0.525,Long
1,2026-09-25 12:55:00+00:00,LITE,0.52,Long
1,2026-09-28 11:42:25+00:00,LITE,0.5,Long
1,2026-09-28 20:12:36+00:00,LITE,0.5,Long
1,2026-09-29 11:30:02+00:00,LITE,0.5,Long
1,2026-09-29 15:00:52+00:00,LITE,0.5333333333333333,Long
1,2026-09-29 15:47:00+00:00,LITE,0.45,Long
1,2026-09-29 21:32:57+00:00,LITE,0.325,Long
1,2026-09-30 11:12:28+00:00,LITE,0.36,Long
1,2026-09-30 12:02:52+00:00,LITE,0.3,Long
1,2026-09-30 13:40:37+00:00,LITE,0.2833333333333333,Long
1,2026-10-01 10:00:00+00:00,LITE,0.35,Long
1,2026-09-24 14:36:30+00:00,LRCX,0.0,Neutral
1,2026-09-24 23:28:58+00:00,LRCX,-0.25,Short
1,2026-09-25 03:11:43+00:00,LRCX,0.0,Neutral
1,2026-09-25 12:30:04+00:00,LRCX,0.2,Long
1,2026-09-25 20:45:06+00:00,LRCX,0.325,Long
1,2026-09-28 08:09:00+00:00,LRCX,0.6,Long
1,2026-09-28 12:29:00+00:00,LRCX,0.55,Long
1,2026-09-29 18:50:00+00:00,LRCX,0.5,Long
1,2026-09-30 14:07:02+00:00,LRCX,0.25,Long
1,2026-09-30 20:05:00+00:00,LRCX,0.0,Neutral
1,2026-09-24 22:26:03+00:00,MAR,0.5,Long
1,2026-09-25 02:33:00+00:00,MAR,0.35,Long
1,2026-09-25 08:54:48+00:00,MAR,0.26666666666666666,Long
1,2026-09-27 00:28:47+00:00,MAR,0.1,Neutral
1,2026-09-28 21:56:01+00:00,MAR,0.2,Long
1,2026-09-24 21:28:58+00:00,MCHP,-0.5,Short
1,2026-09-24 22:32:58+00:00,MCHP,-0.5,Short
1,2026-09-25 04:25:05+00:00,MCHP,-0.26666666666666666,Short
1,2026-09-25 14:12:00+00:00,MCHP,-0.07500000000000001,Neutral
1,2026-09-25 20:56:28+00:00,MCHP,0.039999999999999994,Neutral
1,2026-09-26 03:44:37+00:00,MCHP,0.425,Long
1,2026-09-28 06:04:00+00:00,MCHP,0.0,Neutral
1,2026-09-29 12:00:00+00:00,MCHP,0.5,Long
1,2026-09-29 12:42:50+00:00,MCHP,0.3,Long
1,2026-09-29 22:32:02+00:00,MCHP,0.3666666666666667,Long
1,2026-09-30 17:16:22+00:00,MCHP,0.35,Long
1,2026-09-25 02:10:52+00:00,MDLZ,0.2,Long
1,2026-09-25 14:48:00+00:00,MDLZ,0.1,Neutral
1,2026-09-26 16:05:00+00:00,MDLZ,0.5,Long
1,2026-09-27 13:40:00+00:00,MDLZ,0.35,Long
1,2026-09-27 20:04:00+00:00,MDLZ,0.35,Long
1,2026-09-28 14:34:36+00:00,MDLZ,0.3,Long
1,2026-09-28 14:40:07+00:00,MDLZ,0.3666666666666667,Long
1,2026-09-29 00:10:56+00:00,MDLZ,0.26666666666666666,Long
1,2026-09-29 11:22:00+00:00,MDLZ,0.07500000000000001,Neutral
1,2026-09-30 06:46:00+00:00,MDLZ,2.7755575615628914e-17,Neutral
1,2026-09-24 18:03:00+00:00,MELI,0.5,Long
1,2026-09-24 20:50:04+00:00,MELI,0.0,Neutral
1,2026-09-25 01:14:01+00:00,MELI,-0.19999999999999998,Short
1,2026-09-25 12:32:00+00:00,MELI,-0.09999999999999999,Neutral
1,2026-09-25 12:40:01+00:00,MELI,-0.039999999999999994,Neutral
1,2026-09-26 13:52:24+00:00,MELI,0.2,Long
1,2026-09-28 19:21:16+00:00,MELI,0.1,Neutral
1,2026-09-29 10:16:02+00:00,MELI,0.05,Neutral
1,2026-09-29 11:42:43+00:00,MELI,0.2333333333333333,Long
1,2026-09-29 11:56:00+00:00,MELI,0.375,Long
1,2026-09-24 21:43:02+00:00,META,0.6,Long
1,2026-09-25 14:59:57+00:00,META,0.4,Long
1,2026-09-26 08:21:01+00:00,META,0.2,Long
1,2026-09-29 14:12:49+00:00,META,-0.6,Short
1,2026-09-30 10:06:44+00:00,META,-0.55,Short
1,2026-09-30 13:45:30+00:00,META,-0.19999999999999998,Short
1,2026-09-30 13:47:00+00:00,META,0.05000000000000002,Neutral
1,2026-09-30 13:50:17+00:00,META,-0.059999999999999984,Neutral
1,2026-09-30 14:25:06+00:00,META,-0.039999999999999994,Neutral
1,2026-09-30 14:51:48+00:00,META,-0.11666666666666665,Short
1,2026-09-30 15:31:53+00:00,META,-0.17142857142857143,Short
1,2026-09-30 16:00:59+00:00,META,-0.0875,Neutral
1,2026-09-30 16:10:32+00:00,META,-0.06666666666666667,Neutral
1,2026-09-30 18:05:00+00:00,META,-0.12,Short
1,2026-09-30 18:29:00+00:00,META,-0.036363636363636355,Neutral
1,2026-09-30 22:33:21+00:00,META,-0.024999999999999994,Neutral
1,2026-10-01 04:05:00+00:00,META,-0.08461538461538462,Neutral
1,2026-10-01 10:55:00+00:00,META,-0.08461538461538462,Neutral
1,2026-10-01 12:00:28+00:00,META,-0.04285714285714286,Neutral
1,2026-10-01 12:30:00+00:00,META,-0.07333333333333333,Neutral
1,2026-10-01 12:37:00+00:00,META,-0.10625,Short
1,2026-09-24 19:53:00+00:00,MNST,-0.5,Short
1,2026-09-24 19:55:19+00:00,MNST,-0.15,Short
1,2026-09-25 00:00:00+00:00,MNST,-0.16666666666666666,Short
1,2026-09-25 08:08:28+00:00,MNST,0.07500000000000001,Neutral
1,2026-09-26 14:53:47+00:00,MNST,0.2,Long
1,2026-09-26 22:07:46+00:00,MNST,0.35,Long
1,2026-09-28 12:14:36+00:00,MNST,0.2,Long
1,2026-09-28 13:27:19+00:00,MNST,0.35,Long
1,2026-09-28 15:11:14+00:00,MNST,0.39999999999999997,Long
1,2026-09-28 18:53:00+00:00,MNST,0.425,Long
1,2026-09-28 22:01:34+00:00,MNST,0.36,Long
1,2026-09-29 12:37:00+00:00,MNST,0.42000000000000004,Long
1,2026-09-29 15:05:00+00:00,MNST,0.22000000000000003,Long
1,2026-09-28 09:26:36+00:00,MPWR,0.2,Long
1,2026-09-28 21:35:06+00:00,MPWR,0.2,Long
1,2026-10-01 09:33:07+00:00,MPWR,0.5,Long
1,2026-09-25 00:00:00+00:00,MRVL,0.1,Neutral
1,2026-09-29 14:00:02+00:00,MRVL,0.6,Long
1,2026-09-29 14:24:02+00:00,MRVL,0.4,Long
1,2026-09-29 19:01:52+00:00,MRVL,0.43333333333333335,Long
1,2026-09-29 21:52:00+00:00,MRVL,0.45,Long
1,2026-09-30 00:00:02+00:00,MRVL,0.45999999999999996,Long
1,2026-09-30 00:06:42+00:00,MRVL,0.4666666666666666,Long
1,2026-09-30 03:09:02+00:00,MRVL,0.41428571428571426,Long
1,2026-09-30 13:37:00+00:00,MRVL,0.425,Long
1,2026-09-30 14:00:53+00:00,MRVL,0.45,Long
1,2026-09-30 20:52:26+00:00,MRVL,0.4142857142857143,Long
1,2026-09-30 15:30:51+00:00,MSFT,0.8,Long
1,2026-09-30 15:34:55+00:00,MSFT,0.5,Long
1,2026-09-30 15:39:02+00:00,MSFT,0.5,Long
1,2026-09-30 15:40:50+00:00,MSFT,0.4,Long
1,2026-09-30 16:15:26+00:00,MSFT,0.48,Long
1,2026-09-30 16:40:00+00:00,MSFT,0.5333333333333333,Long
1,2026-09-30 17:25:46+00:00,MSFT,0.5428571428571428,Long
1,2026-09-30 17:30:20+00:00,MSFT,0.55,Long
1,2026-09-30 17:59:10+00:00,MSFT,0.43333333333333335,Long
1,2026-09-30 18:05:43+00:00,MSFT,0.31,Long
1,2026-09-30 18:23:00+00:00,MSFT,0.32727272727272727,Long
1,2026-09-30 20:09:25+00:00,MSFT,0.3416666666666666,Long
1,2026-10-01 11:15:28+00:00,MSFT,0.37692307692307697,Long
1,2026-10-01 11:30:30+00:00,MSFT,0.31428571428571433,Long
1,2026-10-01 13:05:14+00:00,MSFT,0.2533333333333333,Long
1,2026-10-01 13:42:00+00:00,MSFT,0.26875,Long
1,2026-09-25 00:00:00+00:00,MSTR,0.1,Neutral
1,2026-09-28 00:00:00+00:00,MSTR,0.1,Neutral
1,2026-09-28 15:26:53+00:00,MSTR,0.1,Neutral
1,2026-09-28 15:59:00+00:00,MSTR,0.3333333333333333,Long
1,2026-09-28 16:00:00+00:00,MSTR,0.375,Long
1,2026-09-28 16:35:13+00:00,MSTR,0.4,Long
1,2026-09-28 16:49:28+00:00,MSTR,0.4666666666666666,Long
1,2026-09-28 19:54:00+00:00,MSTR,0.5142857142857143,Long
1,2026-09-28 20:13:28+00:00,MSTR,0.4625,Long
1,2026-09-29 09:56:20+00:00,MSTR,0.5125,Long
1,2026-09-29 11:30:50+00:00,MSTR,0.47777777777777775,Long
1,2026-09-29 11:42:37+00:00,MSTR,0.45,Long
1,2026-09-29 12:30:17+00:00,MSTR,0.4272727272727273,Long
1,2026-09-29 16:30:24+00:00,MSTR,0.3666666666666667,Long
1,2026-09-29 17:20:01+00:00,MSTR,0.3125,Long
1,2026-09-30 06:58:31+00:00,MSTR,0.31428571428571433,Long
1,2026-09-30 11:15:58+00:00,MSTR,0.32857142857142857,Long
1,2026-09-30 13:55:00+00:00,MSTR,0.44000000000000006,Long
1,2026-09-30 14:13:00+00:00,MSTR,0.5,Long
1,2026-10-01 00:00:00+00:00,MSTR,0.5,Long
1,2026-10-01 07:09:15+00:00,MSTR,0.42000000000000004,Long
1,2026-10-01 11:43:55+00:00,MSTR,0.4,Long
1,2026-09-30 00:00:00+00:00,MU,0.1,Neutral
1,2026-09-30 13:44:46+00:00,MU,0.15000000000000002,Long
1,2026-09-30 20:10:07+00:00,MU,0.3666666666666667,Long
1,2026-10-01 07:36:23+00:00,MU,0.39999999999999997,Long
1,2026-10-01 08:20:34+00:00,MU,0.35,Long
1,2026-10-01 08:37:00+00:00,MU,0.18,Long
1,2026-10-01 09:00:22+00:00,MU,0.2833333333333334,Long
1,2026-10-01 10:59:00+00:00,MU,0.15714285714285717,Long
1,2026-10-01 11:20:08+00:00,MU,0.1625,Long
1,2026-10-01 12:06:51+00:00,MU,0.2,Long
1,2026-10-01 12:12:22+00:00,MU,0.26,Long
1,2026-10-01 12:50:04+00:00,MU,0.2818181818181818,Long
1,2026-10-01 13:17:00+00:00,MU,0.3,Long
1,2026-10-01 13:56:10+00:00,MU,0.30000000000000004,Long
1,2026-09-29 14:15:01+00:00,NBIS,0.2,Long
1,2026-09-29 15:56:40+00:00,NBIS,0.2,Long
1,2026-09-29 18:33:11+00:00,NBIS,0.3,Long
1,2026-09-29 19:07:00+00:00,NBIS,0.375,Long
1,2026-09-29 21:37:01+00:00,NBIS,0.33999999999999997,Long
1,2026-09-30 06:17:00+00:00,NBIS,0.31666666666666665,Long
1,2026-09-30 08:12:03+00:00,NBIS,0.3,Long
1,2026-09-30 10:36:56+00:00,NBIS,0.325,Long
1,2026-09-30 10:41:00+00:00,NBIS,0.3111111111111111,Long
1,2026-09-30 12:17:00+00:00,NBIS,0.32999999999999996,Long
1,2026-09-30 15:22:00+00:00,NBIS,0.39,Long
1,2026-09-30 17:23:52+00:00,NBIS,0.42000000000000004,Long
1,2026-10-01 11:00:00+00:00,NBIS,0.575,Long
1,2026-09-29 17:15:04+00:00,NFLX,0.8,Long
1,2026-09-29 17:29:22+00:00,NFLX,0.65,Long
1,2026-09-29 18:19:56+00:00,NFLX,0.6,Long
1,2026-09-29 18:23:17+00:00,NFLX,0.5,Long
1,2026-09-29 18:32:00+00:00,NFLX,0.5,Long
1,2026-09-29 19:01:39+00:00,NFLX,0.5499999999999999,Long
1,2026-09-29 19:20:20+00:00,NFLX,0.4714285714285714,Long
1,2026-09-29 20:11:39+00:00,NFLX,0.475,Long
1,2026-09-30 03:50:00+00:00,NFLX,0.47777777777777775,Long
1,2026-09-30 05:09:30+00:00,NFLX,0.45,Long
1,2026-09-30 06:05:44+00:00,NFLX,0.36363636363636365,Long
1,2026-09-30 11:15:43+00:00,NFLX,0.2916666666666667,Long
1,2026-09-30 12:00:04+00:00,NFLX,0.3076923076923077,Long
1,2026-10-01 12:18:29+00:00,NFLX,0.8,Long
1,2026-10-01 12:21:48+00:00,NFLX,0.15000000000000002,Long
1,2026-10-01 13:12:40+00:00,NFLX,0.16666666666666666,Long
1,2026-09-28 09:46:47+00:00,NVDA,0.6,Long
1,2026-09-29 21:33:24+00:00,NVDA,-0.5,Short
1,2026-09-30 14:10:14+00:00,NVDA,-0.15,Short
1,2026-09-30 19:47:00+00:00,NVDA,-0.033333333333333326,Neutral
1,2026-09-30 20:19:14+00:00,NVDA,0.17500000000000002,Long
1,2026-09-30 23:06:29+00:00,NVDA,0.42500000000000004,Long
1,2026-10-01 03:55:00+00:00,NVDA,0.44000000000000006,Long
1,2026-10-01 10:00:00+00:00,NVDA,0.5,Long
1,2026-10-01 11:15:14+00:00,NVDA,0.5142857142857143,Long
1,2026-10-01 11:15:20+00:00,NVDA,0.55,Long
1,2026-10-01 11:15:36+00:00,NVDA,0.5,Long
1,2026-10-01 11:46:14+00:00,NVDA,0.5,Long
1,2026-10-01 12:17:27+00:00,NVDA,0.4,Long
1,2026-09-25 12:08:50+00:00,NXPI,0.6,Long
1,2026-09-28 04:30:00+00:00,NXPI,0.8,Long
1,2026-09-28 05:27:32+00:00,NXPI,0.65,Long
1,2026-09-28 09:15:59+00:00,NXPI,0.6,Long
1,2026-09-28 13:30:44+00:00,NXPI,0.6,Long
1,2026-09-28 23:37:54+00:00,NXPI,0.52,Long
1,2026-09-30 12:29:13+00:00,NXPI,0.0,Neutral
1,2026-09-24 15:26:00+00:00,ODFL,0.5,Long
1,2026-09-24 18:00:58+00:00,ODFL,0.35,Long
1,2026-09-25 08:37:00+00:00,ODFL,0.39999999999999997,Long
1,2026-09-26 04:14:10+00:00,ODFL,-2.7755575615628914e-17,Neutral
1,2026-09-28 14:15:00+00:00,ODFL,0.0,Neutral
1,2026-09-28 15:12:00+00:00,ODFL,0.05,Neutral
1,2026-09-28 15:27:00+00:00,ODFL,-0.13333333333333333,Short
1,2026-09-30 13:00:00+00:00,ODFL,0.0,Neutral
1,2026-10-01 11:49:07+00:00,ODFL,-0.25,Short
1,2026-09-25 13:04:00+00:00,ORLY,0.5,Long
1,2026-09-25 21:09:32+00:00,ORLY,0.35,Long
1,2026-09-26 14:10:38+00:00,ORLY,0.2,Long
1,2026-09-30 15:46:56+00:00,ORLY,0.2,Long
1,2026-10-01 09:10:19+00:00,ORLY,-0.24999999999999997,Short
1,2026-09-29 19:23:43+00:00,PANW,0.2,Long
1,2026-09-29 20:32:02+00:00,PANW,0.35,Long
1,2026-09-30 07:00:00+00:00,PANW,0.39999999999999997,Long
1,2026-09-30 12:45:15+00:00,PANW,0.35,Long
1,2026-09-30 13:00:00+00:00,PANW,0.38,Long
1,2026-09-30 16:57:04+00:00,PANW,0.45,Long
1,2026-10-01 01:23:37+00:00,PANW,0.43999999999999995,Long
1,2026-10-01 11:30:36+00:00,PANW,0.44000000000000006,Long
1,2026-09-24 17:50:00+00:00,PAYX,0.5,Long
1,2026-09-25 17:02:26+00:00,PAYX,0.0,Neutral
1,2026-09-26 20:03:43+00:00,PAYX,-0.5,Short
1,2026-09-26 20:34:09+00:00,PAYX,0.0,Neutral
1,2026-09-27 16:58:10+00:00,PAYX,0.16666666666666666,Long
1,2026-09-28 12:00:00+00:00,PAYX,0.65,Long
1,2026-09-28 13:34:36+00:00,PAYX,0.23333333333333336,Long
1,2026-09-28 14:48:20+00:00,PAYX,0.2,Long
1,2026-09-29 02:26:29+00:00,PAYX,0.10000000000000002,Long
1,2026-09-29 12:30:00+00:00,PAYX,0.02500000000000001,Neutral
1,2026-09-29 14:37:31+00:00,PAYX,0.12499999999999999,Long
1,2026-09-29 17:09:26+00:00,PAYX,-0.024999999999999994,Neutral
1,2026-09-24 15:12:25+00:00,PCAR,-0.5,Short
1,2026-09-24 16:53:38+00:00,PCAR,-0.25,Short
1,2026-09-25 12:41:58+00:00,PCAR,-0.13333333333333333,Short
1,2026-09-28 18:30:07+00:00,PCAR,0.5,Long
1,2026-09-29 10:40:02+00:00,PCAR,0.35,Long
1,2026-09-29 20:02:05+00:00,PCAR,0.2,Long
1,2026-09-30 18:14:38+00:00,PCAR,-0.15,Short
1,2026-09-29 11:47:20+00:00,PEP,-0.5,Short
1,2026-09-29 12:00:00+00:00,PEP,0.0,Neutral
1,2026-09-29 12:39:25+00:00,PEP,0.0,Neutral
1,2026-09-29 13:00:00+00:00,PEP,0.2,Long
1,2026-09-29 13:29:00+00:00,PEP,0.2,Long
1,2026-09-29 16:40:00+00:00,PEP,0.20000000000000004,Long
1,2026-09-29 18:34:53+00:00,PEP,0.2,Long
1,2026-09-29 19:08:41+00:00,PEP,0.11250000000000002,Long
1,2026-09-30 07:00:00+00:00,PEP,0.04444444444444446,Neutral
1,2026-09-30 08:21:00+00:00,PEP,0.040000000000000015,Neutral
1,2026-09-30 09:57:00+00:00,PEP,0.05454545454545456,Neutral
1,2026-09-30 11:15:42+00:00,PEP,0.008333333333333345,Neutral
1,2026-09-30 12:45:44+00:00,PEP,0.030000000000000016,Neutral
1,2026-09-30 12:50:26+00:00,PEP,0.07272727272727274,Neutral
1,2026-09-30 14:15:31+00:00,PEP,1.1102230246251566e-17,Neutral
1,2026-09-30 19:13:14+00:00,PEP,0.07500000000000001,Neutral
1,2026-10-01 13:19:00+00:00,PEP,0.4000000000000001,Long
1,2026-10-01 13:24:52+00:00,PEP,0.35000000000000003,Long
1,2026-09-27 00:18:09+00:00,PLTR,-0.5,Short
1,2026-09-29 15:37:12+00:00,PLTR,-0.5,Short
1,2026-09-29 17:24:00+00:00,PLTR,0.0,Neutral
1,2026-09-29 18:07:02+00:00,PLTR,0.16666666666666666,Long
1,2026-09-29 18:31:05+00:00,PLTR,0.25,Long
1,2026-09-29 18:50:48+00:00,PLTR,0.1,Neutral
1,2026-09-29 19:40:43+00:00,PLTR,0.11666666666666665,Long
1,2026-09-29 19:47:00+00:00,PLTR,0.1142857142857143,Long
1,2026-09-29 20:23:00+00:00,PLTR,0.037500000000000006,Neutral
1,2026-09-30 02:33:00+00:00,PLTR,-0.022222222222222216,Neutral
1,2026-09-30 03:06:01+00:00,PLTR,0.030000000000000006,Neutral
1,2026-09-30 03:08:13+00:00,PLTR,-0.018181818181818177,Neutral
1,2026-09-30 07:05:00+00:00,PLTR,-0.05833333333333333,Neutral
1,2026-09-30 10:30:00+00:00,PLTR,-0.03846153846153846,Neutral
1,2026-09-30 12:20:01+00:00,PLTR,-0.07857142857142856,Neutral
1,2026-09-30 12:45:40+00:00,PLTR,-0.04,Neutral
1,2026-10-01 08:51:20+00:00,PLTR,0.049999999999999996,Neutral
1,2026-10-01 13:23:43+00:00,PLTR,0.35,Long
1,2026-09-28 13:00:00+00:00,PYPL,0.6,Long
1,2026-09-28 13:00:02+00:00,PYPL,0.55,Long
1,2026-09-28 14:00:00+00:00,PYPL,0.5666666666666667,Long
1,2026-09-28 15:18:00+00:00,PYPL,0.55,Long
1,2026-09-28 15:27:00+00:00,PYPL,0.54,Long
1,2026-09-28 18:45:13+00:00,PYPL,0.48333333333333334,Long
1,2026-09-28 20:45:05+00:00,PYPL,0.34285714285714286,Long
1,2026-09-29 05:54:00+00:00,PYPL,0.3625,Long
1,2026-09-29 07:07:14+00:00,PYPL,0.26666666666666666,Long
1,2026-09-29 14:20:00+00:00,PYPL,0.11428571428571428,Long
1,2026-09-29 15:50:07+00:00,PYPL,-0.016666666666666673,Neutral
1,2026-09-29 16:09:04+00:00,PYPL,-0.08571428571428573,Neutral
1,2026-09-29 18:47:30+00:00,PYPL,-0.18571428571428572,Short
1,2026-09-30 09:08:07+00:00,PYPL,-0.26,Short
1,2026-09-30 10:09:44+00:00,PYPL,-0.13333333333333333,Short
1,2026-09-30 12:05:00+00:00,PYPL,-0.042857142857142864,Neutral
1,2026-09-30 12:32:00+00:00,PYPL,0.024999999999999994,Neutral
1,2026-09-30 13:00:00+00:00,PYPL,-0.05555555555555555,Neutral
1,2026-09-28 23:50:36+00:00,QCOM,-0.5,Short
1,2026-09-29 12:52:42+00:00,QCOM,-0.15,Short
1,2026-09-29 13:10:00+00:00,QCOM,0.06666666666666667,Neutral
1,2026-09-29 14:02:14+00:00,QCOM,0.1,Neutral
1,2026-09-29 14:31:38+00:00,QCOM,0.04,Neutral
1,2026-09-29 15:06:14+00:00,QCOM,0.13333333333333333,Long
1,2026-09-29 15:21:46+00:00,QCOM,0.14285714285714285,Long
1,2026-09-29 18:58:56+00:00,QCOM,0.19999999999999998,Long
1,2026-09-30 12:20:01+00:00,QCOM,0.2875,Long
1,2026-09-30 12:45:13+00:00,QCOM,0.3111111111111111,Long
1,2026-09-30 15:09:17+00:00,QCOM,0.39999999999999997,Long
1,2026-09-30 16:19:30+00:00,QCOM,0.4,Long
1,2026-09-30 20:01:47+00:00,QCOM,0.32,Long
1,2026-09-28 16:11:00+00:00,REGN,0.8,Long
1,2026-09-28 17:15:38+00:00,REGN,0.15000000000000002,Long
1,2026-09-28 17:25:01+00:00,REGN,0.16666666666666666,Long
1,2026-09-28 19:16:00+00:00,REGN,0.325,Long
1,2026-09-28 20:09:30+00:00,REGN,0.36,Long
1,2026-09-29 02:13:00+00:00,REGN,0.3333333333333333,Long
1,2026-09-29 04:01:00+00:00,REGN,0.39999999999999997,Long
1,2026-09-29 07:08:05+00:00,REGN,0.375,Long
1,2026-09-29 09:07:03+00:00,REGN,0.2777777777777778,Long
1,2026-09-29 11:37:00+00:00,REGN,0.3,Long
1,2026-09-29 13:20:00+00:00,REGN,0.3181818181818182,Long
1,2026-09-29 14:00:00+00:00,REGN,0.3333333333333333,Long
1,2026-09-29 14:13:00+00:00,REGN,0.3692307692307692,Long
1,2026-09-29 14:40:03+00:00,REGN,0.35714285714285715,Long
1,2026-09-30 00:00:00+00:00,REGN,0.33,Long
1,2026-09-30 12:03:28+00:00,REGN,0.26666666666666666,Long
1,2026-09-30 12:05:05+00:00,REGN,0.2571428571428572,Long
1,2026-10-01 05:00:00+00:00,REGN,0.06666666666666665,Neutral
1,2026-10-01 06:00:28+00:00,REGN,0.25,Long
1,2026-10-01 06:27:00+00:00,REGN,0.3,Long
1,2026-10-01 13:38:06+00:00,REGN,0.5,Long
1,2026-09-28 15:28:17+00:00,RKLB,0.5,Long
1,2026-09-28 17:15:46+00:00,RKLB,0.55,Long
1,2026-09-28 19:11:42+00:00,RKLB,0.5333333333333333,Long
1,2026-09-28 21:15:05+00:00,RKLB,0.275,Long
1,2026-09-29 00:08:59+00:00,RKLB,0.38,Long
1,2026-09-29 00:46:01+00:00,RKLB,0.4166666666666667,Long
1,2026-09-29 12:43:13+00:00,RKLB,0.4428571428571429,Long
1,2026-09-29 13:10:59+00:00,RKLB,0.325,Long
1,2026-09-29 14:55:00+00:00,RKLB,0.34444444444444444,Long
1,2026-09-29 15:30:00+00:00,RKLB,0.3111111111111111,Long
1,2026-09-29 15:56:34+00:00,RKLB,0.29,Long
1,2026-09-29 17:54:42+00:00,RKLB,0.25,Long
1,2026-09-29 20:50:00+00:00,RKLB,0.25,Long
1,2026-09-30 07:10:00+00:00,RKLB,0.2,Long
1,2026-09-30 11:07:00+00:00,RKLB,0.2,Long
1,2026-09-30 23:00:00+00:00,RKLB,0.3333333333333333,Long
1,2026-10-01 12:17:20+00:00,RKLB,0.5000000000000001,Long
1,2026-10-01 13:22:51+00:00,RKLB,0.6000000000000001,Long
1,2026-09-27 20:06:34+00:00,ROP,0.5,Long
1,2026-09-29 14:40:05+00:00,ROP,0.2,Long
1,2026-10-01 00:00:00+00:00,ROP,0.1,Neutral
1,2026-10-01 12:30:00+00:00,ROP,0.05,Neutral
1,2026-10-01 12:33:00+00:00,ROP,0.19999999999999998,Long
1,2026-09-28 12:30:01+00:00,ROST,0.8,Long
1,2026-09-29 21:00:04+00:00,ROST,-0.5,Short
1,2026-09-26 19:13:00+00:00,SBUX,-0.7,Short
1,2026-09-27 11:10:39+00:00,SBUX,-0.75,Short
1,2026-09-27 12:36:14+00:00,SBUX,-0.3333333333333333,Short
1,2026-09-27 13:25:24+00:00,SBUX,-0.2,Short
1,2026-09-27 16:50:29+00:00,SBUX,-0.2,Short
1,2026-09-28 01:06:33+00:00,SBUX,-0.2,Short
1,2026-09-28 01:27:35+00:00,SBUX,-0.2833333333333333,Short
1,2026-09-28 03:30:06+00:00,SBUX,-0.32857142857142857,Short
1,2026-09-28 12:24:00+00:00,SBUX,-0.2857142857142857,Short
1,2026-09-28 14:01:00+00:00,SBUX,-0.4166666666666667,Short
1,2026-09-28 17:23:52+00:00,SBUX,-0.4666666666666666,Short
1,2026-09-28 17:45:34+00:00,SBUX,-0.4857142857142857,Short
1,2026-09-28 17:50:00+00:00,SBUX,-0.5,Short
1,2026-09-28 18:08:06+00:00,SBUX,-0.5,Short
1,2026-09-28 18:31:00+00:00,SBUX,-0.5,Short
1,2026-09-28 18:41:03+00:00,SBUX,-0.4090909090909091,Short
1,2026-09-28 21:03:57+00:00,SBUX,-0.4166666666666667,Short
1,2026-09-29 17:53:54+00:00,SBUX,-0.16,Short
1,2026-09-30 04:23:11+00:00,SBUX,0.2,Long
1,2026-09-30 11:13:33+00:00,SBUX,0.3,Long
1,2026-09-28 15:09:00+00:00,SHOP,0.8,Long
1,2026-09-28 19:30:20+00:00,SHOP,0.5,Long
1,2026-09-28 20:57:00+00:00,SHOP,0.3666666666666667,Long
1,2026-09-28 23:59:43+00:00,SHOP,0.4,Long
1,2026-09-29 16:13:02+00:00,SHOP,0.07500000000000001,Neutral
1,2026-09-29 19:07:01+00:00,SHOP,0.16,Long
1,2026-09-29 20:45:05+00:00,SHOP,0.16,Long
1,2026-09-30 04:30:46+00:00,SHOP,0.25,Long
1,2026-09-30 12:16:32+00:00,SHOP,0.36,Long
1,2026-09-30 12:26:36+00:00,SHOP,0.21666666666666667,Long
1,2026-09-30 13:00:00+00:00,SHOP,0.3,Long
1,2026-09-30 16:54:42+00:00,SHOP,0.4428571428571429,Long
1,2026-09-30 18:41:00+00:00,SHOP,0.45,Long
1,2026-09-26 04:53:14+00:00,SNDK,0.2,Long
1,2026-09-28 23:34:01+00:00,SNDK,0.5,Long
1,2026-09-29 06:14:00+00:00,SNDK,0.5,Long
1,2026-09-29 10:30:48+00:00,SNDK,0.5,Long
1,2026-09-29 13:05:05+00:00,SNDK,0.425,Long
1,2026-09-29 14:00:51+00:00,SNDK,0.5,Long
1,2026-09-29 14:30:27+00:00,SNDK,0.5499999999999999,Long
1,2026-09-29 21:30:00+00:00,SNDK,0.4714285714285714,Long
1,2026-09-29 22:20:00+00:00,SNDK,0.4375,Long
1,2026-09-30 01:08:58+00:00,SNDK,0.475,Long
1,2026-09-30 10:58:30+00:00,SNDK,0.4857142857142857,Long
1,2026-09-30 12:07:00+00:00,SNDK,0.4375,Long
1,2026-09-30 12:08:00+00:00,SNDK,0.4444444444444444,Long
1,2026-09-30 14:03:21+00:00,SNDK,0.45,Long
1,2026-09-30 16:24:45+00:00,SNDK,0.4125,Long
1,2026-09-30 16:30:53+00:00,SNDK,0.4222222222222222,Long
1,2026-10-01 12:45:13+00:00,SNDK,0.525,Long
1,2026-09-28 05:37:00+00:00,SNPS,0.2,Long
1,2026-09-28 12:37:53+00:00,SNPS,0.5,Long
1,2026-09-28 13:00:00+00:00,SNPS,0.5,Long
1,2026-09-28 17:00:34+00:00,SNPS,0.575,Long
1,2026-09-28 19:34:00+00:00,SNPS,0.4,Long
1,2026-09-28 22:23:20+00:00,SNPS,0.4166666666666667,Long
1,2026-09-30 11:00:00+00:00,SNPS,0.5,Long
1,2026-09-30 13:00:00+00:00,SNPS,0.55,Long
1,2026-09-30 13:46:33+00:00,SNPS,0.5666666666666667,Long
1,2026-09-30 13:51:18+00:00,SNPS,0.625,Long
1,2026-09-30 14:00:04+00:00,SNPS,0.6599999999999999,Long
1,2026-09-30 18:29:00+00:00,SNPS,0.6833333333333332,Long
1,2026-09-30 20:05:00+00:00,SNPS,0.6571428571428571,Long
1,2026-09-30 22:02:27+00:00,SNPS,0.65,Long
1,2026-10-01 08:08:15+00:00,SNPS,0.6333333333333333,Long
1,2026-10-01 12:15:29+00:00,SNPS,0.6444444444444444,Long
1,2026-09-30 12:23:00+00:00,SPCX,-0.6,Short
1,2026-09-30 12:50:17+00:00,SPCX,-0.04999999999999999,Neutral
1,2026-09-30 13:10:00+00:00,SPCX,0.16666666666666666,Long
1,2026-09-30 13:10:05+00:00,SPCX,0.25,Long
1,2026-09-30 14:03:47+00:00,SPCX,0.3,Long
1,2026-09-30 14:29:47+00:00,SPCX,0.3833333333333333,Long
1,2026-09-30 14:56:00+00:00,SPCX,0.24285714285714288,Long
1,2026-09-30 15:03:08+00:00,SPCX,0.3125,Long
1,2026-09-30 17:19:20+00:00,SPCX,0.30000000000000004,Long
1,2026-09-30 17:55:40+00:00,SPCX,0.35,Long
1,2026-09-30 18:15:16+00:00,SPCX,0.33636363636363636,Long
1,2026-09-30 20:25:00+00:00,SPCX,0.35000000000000003,Long
1,2026-10-01 12:53:47+00:00,SPCX,0.34545454545454546,Long
1,2026-09-24 16:13:00+00:00,STX,-0.5,Short
1,2026-09-24 17:30:15+00:00,STX,0.0,Neutral
1,2026-09-25 17:36:37+00:00,STX,0.2,Long
1,2026-09-27 20:00:28+00:00,STX,0.2,Long
1,2026-09-28 03:10:02+00:00,STX,0.2,Long
1,2026-09-28 13:18:00+00:00,STX,0.2,Long
1,2026-09-28 17:09:02+00:00,STX,0.275,Long
1,2026-09-29 11:29:00+00:00,STX,0.39999999999999997,Long
1,2026-09-29 16:58:47+00:00,STX,0.5,Long
1,2026-10-01 00:12:08+00:00,STX,0.5,Long
1,2026-10-01 12:16:26+00:00,STX,0.5,Long
1,2026-09-24 15:16:00+00:00,TER,0.2,Long
1,2026-09-24 19:12:58+00:00,TER,0.2,Long
1,2026-09-25 21:00:04+00:00,TER,0.5,Long
1,2026-09-28 18:38:36+00:00,TER,-0.5,Short
1,2026-09-28 21:07:12+00:00,TER,-0.2,Short
1,2026-09-28 21:32:28+00:00,TER,-0.06666666666666667,Neutral
1,2026-09-29 03:11:59+00:00,TER,0.07500000000000001,Neutral
1,2026-09-29 04:27:23+00:00,TER,0.08,Neutral
1,2026-09-29 13:00:00+00:00,TER,0.16666666666666666,Long
1,2026-09-29 16:22:04+00:00,TER,0.07142857142857142,Neutral
1,2026-09-29 20:05:33+00:00,TER,0.21428571428571427,Long
1,2026-09-30 12:30:03+00:00,TER,0.35,Long
1,2026-09-25 13:56:00+00:00,TMUS,-0.5,Short
1,2026-09-25 20:07:00+00:00,TMUS,0.0,Neutral
1,2026-09-26 12:20:07+00:00,TMUS,0.03333333333333333,Neutral
1,2026-09-26 13:09:35+00:00,TMUS,0.175,Long
1,2026-09-27 09:42:52+00:00,TMUS,0.3,Long
1,2026-09-28 12:00:59+00:00,TMUS,0.5,Long
1,2026-09-28 14:16:00+00:00,TMUS,0.5,Long
1,2026-09-28 15:20:51+00:00,TMUS,0.39999999999999997,Long
1,2026-09-29 00:07:07+00:00,TMUS,0.425,Long
1,2026-09-29 02:47:00+00:00,TMUS,0.44000000000000006,Long
1,2026-09-29 12:50:01+00:00,TMUS,0.38,Long
1,2026-09-29 13:00:00+00:00,TMUS,0.4166666666666667,Long
1,2026-09-29 13:58:00+00:00,TMUS,0.38571428571428573,Long
1,2026-09-29 23:30:02+00:00,TMUS,0.4666666666666666,Long
1,2026-09-30 02:17:00+00:00,TMUS,0.24999999999999997,Long
1,2026-09-30 13:10:19+00:00,TMUS,0.09999999999999999,Neutral
1,2026-10-01 11:54:00+00:00,TMUS,0.5,Long
1,2026-10-01 13:00:00+00:00,TMUS,0.5,Long
1,2026-09-29 15:00:00+00:00,TRI,0.0,Neutral
1,2026-09-29 00:00:00+00:00,TSLA,0.1,Neutral
1,2026-09-30 11:35:00+00:00,TSLA,0.8,Long
1,2026-09-30 12:05:00+00:00,TSLA,0.7,Long
1,2026-09-30 12:10:45+00:00,TSLA,0.6333333333333333,Long
1,2026-09-30 12:15:58+00:00,TSLA,0.675,Long
1,2026-09-30 12:37:17+00:00,TSLA,0.7,Long
1,2026-09-30 12:45:08+00:00,TSLA,0.6666666666666666,Long
1,2026-09-30 12:45:46+00:00,TSLA,0.48571428571428577,Long
1,2026-09-30 13:02:00+00:00,TSLA,0.525,Long
1,2026-09-30 13:20:00+00:00,TSLA,0.47777777777777775,Long
1,2026-09-30 13:55:00+00:00,TSLA,0.48,Long
1,2026-09-30 14:19:59+00:00,TSLA,0.45454545454545453,Long
1,2026-09-30 15:02:03+00:00,TSLA,0.4833333333333334,Long
1,2026-09-30 15:26:36+00:00,TSLA,0.4307692307692308,Long
1,2026-09-30 15:28:00+00:00,TSLA,0.4357142857142858,Long
1,2026-09-30 17:03:25+00:00,TSLA,0.3533333333333334,Long
1,2026-09-30 18:53:28+00:00,TSLA,0.36250000000000004,Long
1,2026-09-30 18:55:30+00:00,TSLA,0.29411764705882354,Long
1,2026-10-01 11:37:11+00:00,TSLA,0.29411764705882354,Long
1,2026-10-01 13:28:36+00:00,TSLA,0.21000000000000002,Long
1,2026-09-24 15:35:00+00:00,TTWO,0.5,Long
1,2026-09-24 20:52:00+00:00,TTWO,0.15,Long
1,2026-09-26 13:18:34+00:00,TTWO,0.1,Neutral
1,2026-09-28 13:41:00+00:00,TTWO,-0.6,Short
1,2026-09-28 16:13:42+00:00,TTWO,-0.04999999999999999,Neutral
1,2026-09-29 15:20:01+00:00,TTWO,0.5,Long
1,2026-09-29 19:10:25+00:00,TTWO,0.5,Long
1,2026-09-29 20:49:11+00:00,TTWO,0.3333333333333333,Long
1,2026-09-30 00:00:00+00:00,TTWO,0.3,Long
1,2026-09-30 13:12:45+00:00,TTWO,0.27999999999999997,Long
1,2026-09-30 15:09:00+00:00,TTWO,0.26666666666666666,Long
1,2026-09-30 17:03:48+00:00,TTWO,0.26666666666666666,Long
1,2026-09-25 14:27:52+00:00,TXN,-0.2,Short
1,2026-09-25 20:50:05+00:00,TXN,0.15,Long
1,2026-09-25 23:00:02+00:00,TXN,0.3,Long
1,2026-09-26 15:35:00+00:00,TXN,0.5333333333333333,Long
1,2026-09-27 20:19:10+00:00,TXN,0.8,Long
1,2026-09-28 09:27:32+00:00,TXN,0.5,Long
1,2026-09-28 09:28:00+00:00,TXN,0.5333333333333333,Long
1,2026-09-28 15:23:00+00:00,TXN,0.525,Long
1,2026-09-29 10:05:04+00:00,TXN,0.0,Neutral
1,2026-09-29 11:09:00+00:00,TXN,0.26666666666666666,Long
1,2026-09-30 19:32:41+00:00,TXN,0.0,Neutral
1,2026-09-24 14:14:00+00:00,VRTX,-0.5,Short
1,2026-09-24 14:27:00+00:00,VRTX,0.0,Neutral
1,2026-09-24 20:50:06+00:00,VRTX,0.16666666666666666,Long
1,2026-09-25 04:23:46+00:00,VRTX,0.175,Long
1,2026-09-26 20:21:01+00:00,VRTX,0.8,Long
1,2026-09-28 10:38:36+00:00,VRTX,0.2,Long
1,2026-09-29 00:37:08+00:00,VRTX,0.35,Long
1,2026-09-29 09:30:00+00:00,VRTX,0.5,Long
1,2026-09-28 15:10:50+00:00,WBD,0.2,Long
1,2026-09-28 15:15:35+00:00,WBD,0.35,Long
1,2026-09-28 15:23:00+00:00,WBD,0.03333333333333336,Neutral
1,2026-09-28 18:26:55+00:00,WBD,0.22500000000000003,Long
1,2026-09-28 20:23:40+00:00,WBD,0.040000000000000036,Neutral
1,2026-09-29 12:19:12+00:00,WBD,0.0666666666666667,Neutral
1,2026-09-29 13:52:32+00:00,WBD,0.08571428571428574,Neutral
1,2026-09-29 14:15:27+00:00,WBD,0.17500000000000004,Long
1,2026-09-29 15:44:36+00:00,WBD,0.30000000000000004,Long
1,2026-09-29 17:05:57+00:00,WBD,0.17142857142857146,Long
1,2026-09-29 17:49:32+00:00,WBD,0.16250000000000003,Long
1,2026-09-29 21:08:04+00:00,WBD,0.2571428571428572,Long
1,2026-09-30 16:26:00+00:00,WBD,-0.14999999999999997,Short
1,2026-09-30 21:42:00+00:00,WBD,-0.09999999999999992,Neutral
1,2026-09-30 22:49:00+00:00,WBD,0.10000000000000005,Long
1,2026-10-01 00:49:14+00:00,WBD,0.20000000000000004,Long
1,2026-10-01 01:02:00+00:00,WBD,0.26000000000000006,Long
1,2026-09-24 15:12:46+00:00,WDAY,0.8,Long
1,2026-09-24 16:12:17+00:00,WDAY,0.5,Long
1,2026-09-25 11:17:00+00:00,WDAY,0.5,Long
1,2026-09-25 14:57:00+00:00,WDAY,0.5,Long
1,2026-09-28 01:08:08+00:00,WDAY,0.2,Long
1,2026-09-28 12:00:00+00:00,WDAY,0.35,Long
1,2026-09-28 14:43:38+00:00,WDAY,0.03333333333333336,Neutral
1,2026-09-28 15:07:00+00:00,WDAY,0.15000000000000002,Long
1,2026-09-29 00:00:00+00:00,WDAY,0.14,Long
1,2026-09-29 12:30:00+00:00,WDAY,0.125,Long
1,2026-09-30 13:00:00+00:00,WDAY,0.5,Long
1,2026-09-25 11:03:00+00:00,WDC,0.6,Long
1,2026-09-25 14:03:01+00:00,WDC,0.55,Long
1,2026-09-25 14:20:07+00:00,WDC,0.39999999999999997,Long
1,2026-09-26 03:17:58+00:00,WDC,0.425,Long
1,2026-09-26 17:54:00+00:00,WDC,0.5,Long
1,2026-09-26 21:12:47+00:00,WDC,0.5,Long
1,2026-09-28 01:09:48+00:00,WDC,0.5,Long
1,2026-09-28 15:03:41+00:00,WDC,0.0,Neutral
1,2026-09-28 17:10:27+00:00,WDC,0.16666666666666666,Long
1,2026-09-28 19:26:36+00:00,WDC,0.25,Long
1,2026-09-28 22:54:36+00:00,WDC,0.1,Neutral
1,2026-09-29 00:27:07+00:00,WDC,0.16666666666666666,Long
1,2026-09-29 13:05:06+00:00,WDC,0.0,Neutral
1,2026-09-30 12:00:02+00:00,WDC,0.0,Neutral
1,2026-10-01 13:10:10+00:00,WDC,0.5,Long
1,2026-09-29 17:30:36+00:00,WMT,0.5,Long
1,2026-09-29 18:42:52+00:00,WMT,0.5,Long
1,2026-09-29 18:50:00+00:00,WMT,0.16666666666666666,Long
1,2026-09-29 20:45:05+00:00,WMT,0.0,Neutral
1,2026-09-29 20:49:02+00:00,WMT,-0.04,Neutral
1,2026-09-29 23:17:00+00:00,WMT,-0.16666666666666666,Short
1,2026-09-30 05:07:51+00:00,WMT,-0.07142857142857142,Neutral
1,2026-09-30 06:47:51+00:00,WMT,0.0,Neutral
1,2026-09-30 07:07:23+00:00,WMT,0.022222222222222223,Neutral
1,2026-09-30 08:52:00+00:00,WMT,0.1,Neutral
1,2026-09-30 13:00:00+00:00,WMT,0.14545454545454548,Long
1,2026-09-30 14:11:00+00:00,WMT,0.19999999999999998,Long
1,2026-09-30 15:55:41+00:00,WMT,0.19230769230769232,Long
1,2026-09-30 16:55:49+00:00,WMT,0.14285714285714285,Long
1,2026-09-30 17:01:00+00:00,WMT,0.16666666666666666,Long
1,2026-10-01 07:30:00+00:00,WMT,0.41428571428571426,Long
1,2026-09-29 15:32:00+00:00,XEL,0.5,Long
1,2026-09-30 13:00:00+00:00,XEL,0.5,Long
3,2026-09-25 09:30:22+00:00,AAPL,0.2,Long
3,2026-09-30 13:35:17+00:00,AAPL,0.0,Neutral
3,2026-09-30 13:40:56+00:00,AAPL,-0.3,Short
3,2026-09-30 13:57:00+00:00,AAPL,-0.13333333333333333,Short
3,2026-09-30 14:45:08+00:00,AAPL,0.05,Neutral
3,2026-09-30 15:08:09+00:00,AAPL,0.16,Long
3,2026-09-30 15:29:21+00:00,AAPL,0.2333333333333333,Long
3,2026-09-30 16:24:00+00:00,AAPL,0.2714285714285714,Long
3,2026-09-30 16:46:59+00:00,AAPL,0.3375,Long
3,2026-09-30 17:54:13+00:00,AAPL,0.35555555555555557,Long
3,2026-09-30 17:58:03+00:00,AAPL,0.4,Long
3,2026-09-30 18:04:43+00:00,AAPL,0.4090909090909091,Long
3,2026-09-30 21:06:15+00:00,AAPL,0.4166666666666667,Long
3,2026-10-01 07:16:54+00:00,AAPL,0.43076923076923074,Long
3,2026-10-01 12:30:56+00:00,AAPL,0.41428571428571426,Long
3,2026-09-24 15:00:00+00:00,ABNB,-0.5,Short
3,2026-09-24 15:14:31+00:00,ABNB,-0.55,Short
3,2026-09-24 15:36:47+00:00,ABNB,-0.5666666666666667,Short
3,2026-09-24 20:16:14+00:00,ABNB,-0.375,Short
3,2026-09-24 23:39:41+00:00,ABNB,-0.41999999999999993,Short
3,2026-09-25 11:32:49+00:00,ABNB,-0.26666666666666666,Short
3,2026-09-25 14:57:42+00:00,ABNB,-0.1571428571428571,Short
3,2026-09-25 16:30:09+00:00,ABNB,-0.07499999999999998,Neutral
3,2026-09-27 07:09:51+00:00,ABNB,-0.011111111111111096,Neutral
3,2026-09-27 23:39:48+00:00,ABNB,0.44000000000000006,Long
3,2026-09-28 16:00:00+00:00,ABNB,0.425,Long
3,2026-09-29 19:35:20+00:00,ABNB,0.425,Long
3,2026-09-29 19:52:00+00:00,ABNB,0.45999999999999996,Long
3,2026-09-29 23:20:01+00:00,ABNB,0.4666666666666666,Long
3,2026-09-30 13:25:00+00:00,ABNB,0.4666666666666666,Long
3,2026-09-30 22:13:13+00:00,ABNB,0.4714285714285714,Long
3,2026-09-28 15:09:42+00:00,ADBE,0.5,Long
3,2026-09-28 15:27:00+00:00,ADBE,0.5,Long
3,2026-09-28 19:41:11+00:00,ADBE,0.5,Long
3,2026-09-28 19:43:15+00:00,ADBE,0.5,Long
3,2026-09-28 19:44:57+00:00,ADBE,0.52,Long
3,2026-09-29 12:00:00+00:00,ADBE,0.5333333333333333,Long
3,2026-09-29 13:30:00+00:00,ADBE,0.5428571428571428,Long
3,2026-09-29 18:15:16+00:00,ADBE,0.4875,Long
3,2026-09-29 18:30:28+00:00,ADBE,0.5222222222222223,Long
3,2026-09-29 19:03:42+00:00,ADBE,0.49000000000000005,Long
3,2026-09-30 01:38:25+00:00,ADBE,0.49090909090909096,Long
3,2026-09-30 08:10:36+00:00,ADBE,0.5166666666666667,Long
3,2026-09-30 08:45:13+00:00,ADBE,0.49230769230769234,Long
3,2026-09-30 12:30:37+00:00,ADBE,0.4928571428571429,Long
3,2026-09-24 14:30:03+00:00,ADI,0.5,Long
3,2026-09-25 14:22:00+00:00,ADI,0.35,Long
3,2026-09-27 17:30:17+00:00,ADI,0.4,Long
3,2026-09-28 06:00:00+00:00,ADI,0.43333333333333335,Long
3,2026-09-28 23:47:19+00:00,ADI,0.43333333333333335,Long
3,2026-09-29 13:53:00+00:00,ADI,0.525,Long
3,2026-09-30 12:12:32+00:00,ADI,0.54,Long
3,2026-09-24 15:33:42+00:00,ADP,-0.5,Short
3,2026-09-24 17:58:17+00:00,ADP,0.0,Neutral
3,2026-09-24 20:05:00+00:00,ADP,0.16666666666666666,Long
3,2026-09-25 15:04:37+00:00,ADP,0.175,Long
3,2026-09-28 04:01:00+00:00,ADP,0.2,Long
3,2026-09-28 11:34:57+00:00,ADP,0.2,Long
3,2026-09-28 12:00:00+00:00,ADP,0.15000000000000002,Long
3,2026-09-28 13:31:00+00:00,ADP,0.22000000000000003,Long
3,2026-09-28 15:03:00+00:00,ADP,0.26666666666666666,Long
3,2026-09-29 17:08:22+00:00,ADP,0.26666666666666666,Long
3,2026-09-30 11:37:00+00:00,ADP,0.15714285714285717,Long
3,2026-09-30 12:00:00+00:00,ADP,0.1375,Long
3,2026-09-30 12:15:00+00:00,ADP,0.21111111111111114,Long
3,2026-09-30 12:24:21+00:00,ADP,0.21000000000000002,Long
3,2026-09-30 12:33:55+00:00,ADP,0.24545454545454548,Long
3,2026-09-30 13:42:09+00:00,ADP,0.26666666666666666,Long
3,2026-09-24 19:36:03+00:00,ADSK,-0.6,Short
3,2026-09-24 20:24:58+00:00,ADSK,-0.19999999999999998,Short
3,2026-09-24 22:59:47+00:00,ADSK,0.03333333333333335,Neutral
3,2026-09-25 21:07:50+00:00,ADSK,0.15000000000000002,Long
3,2026-09-26 14:10:41+00:00,ADSK,0.28,Long
3,2026-09-28 05:00:00+00:00,ADSK,0.6,Long
3,2026-09-28 16:05:54+00:00,ADSK,0.575,Long
3,2026-09-30 15:09:11+00:00,ADSK,0.3666666666666667,Long
3,2026-09-30 15:17:11+00:00,ADSK,0.275,Long
3,2026-09-30 18:44:48+00:00,ADSK,0.1,Neutral
3,2026-09-24 14:53:47+00:00,AEP,0.6,Long
3,2026-09-29 19:19:01+00:00,AEP,0.1,Neutral
3,2026-09-30 00:00:00+00:00,AEP,-0.05,Neutral
3,2026-09-25 03:11:01+00:00,ALAB,0.2,Long
3,2026-09-25 13:55:20+00:00,ALAB,0.35,Long
3,2026-09-25 21:15:01+00:00,ALAB,0.39999999999999997,Long
3,2026-09-29 15:43:34+00:00,ALAB,0.6,Long
3,2026-09-30 07:00:00+00:00,ALAB,0.4,Long
3,2026-09-30 09:04:02+00:00,ALAB,0.5333333333333333,Long
3,2026-09-30 11:11:00+00:00,ALAB,0.6000000000000001,Long
3,2026-09-30 12:40:04+00:00,ALAB,0.38,Long
3,2026-09-25 00:36:00+00:00,ALNY,0.5,Long
3,2026-09-28 09:43:00+00:00,ALNY,0.8,Long
3,2026-09-28 13:57:00+00:00,ALNY,0.65,Long
3,2026-09-29 13:00:00+00:00,ALNY,0.6,Long
3,2026-09-25 04:25:30+00:00,AMAT,0.2,Long
3,2026-09-26 05:12:14+00:00,AMAT,0.2,Long
3,2026-09-28 06:18:09+00:00,AMAT,0.35,Long
3,2026-09-28 08:16:13+00:00,AMAT,0.39999999999999997,Long
3,2026-09-28 11:30:02+00:00,AMAT,0.425,Long
3,2026-09-28 12:55:03+00:00,AMAT,0.44000000000000006,Long
3,2026-09-29 15:07:00+00:00,AMAT,0.5,Long
3,2026-09-29 18:17:12+00:00,AMAT,0.5499999999999999,Long
3,2026-09-29 20:05:00+00:00,AMAT,0.5428571428571428,Long
3,2026-09-30 02:21:03+00:00,AMAT,0.5499999999999999,Long
3,2026-09-30 08:09:47+00:00,AMAT,0.5444444444444444,Long
3,2026-09-30 12:30:02+00:00,AMAT,0.55,Long
3,2026-10-01 13:00:00+00:00,AMAT,0.5857142857142856,Long
3,2026-09-27 20:14:07+00:00,AMD,-0.6,Short
3,2026-09-29 10:17:06+00:00,AMD,-0.19999999999999998,Short
3,2026-09-29 11:09:14+00:00,AMD,0.13333333333333336,Long
3,2026-09-30 14:00:00+00:00,AMD,0.22500000000000003,Long
3,2026-09-30 14:14:00+00:00,AMD,0.22000000000000003,Long
3,2026-09-30 14:15:03+00:00,AMD,0.08333333333333337,Neutral
3,2026-09-30 14:24:31+00:00,AMD,3.172065784643304e-17,Neutral
3,2026-09-30 14:28:05+00:00,AMD,0.06250000000000003,Neutral
3,2026-09-30 16:29:13+00:00,AMD,0.12222222222222223,Long
3,2026-09-30 17:00:41+00:00,AMD,0.13000000000000003,Long
3,2026-09-30 17:23:00+00:00,AMD,0.17272727272727273,Long
3,2026-09-30 17:52:10+00:00,AMD,0.225,Long
3,2026-09-30 17:56:57+00:00,AMD,0.15384615384615385,Long
3,2026-09-30 20:48:55+00:00,AMD,0.24615384615384617,Long
3,2026-10-01 11:15:41+00:00,AMD,0.19285714285714287,Long
3,2026-10-01 12:45:02+00:00,AMD,0.22000000000000003,Long
3,2026-09-25 12:00:04+00:00,AMGN,0.5,Long
3,2026-09-25 14:00:00+00:00,AMGN,0.65,Long
3,2026-09-25 17:13:11+00:00,AMGN,0.46666666666666673,Long
3,2026-09-25 20:50:02+00:00,AMGN,0.475,Long
3,2026-09-25 22:00:00+00:00,AMGN,0.48,Long
3,2026-09-27 12:46:00+00:00,AMGN,0.5,Long
3,2026-09-27 19:55:55+00:00,AMGN,0.5,Long
3,2026-09-27 20:34:31+00:00,AMGN,0.5125,Long
3,2026-09-28 12:00:00+00:00,AMGN,0.5444444444444445,Long
3,2026-09-28 12:12:00+00:00,AMGN,0.5444444444444445,Long
3,2026-09-28 19:55:35+00:00,AMGN,0.5249999999999999,Long
3,2026-09-29 00:08:30+00:00,AMGN,0.4714285714285715,Long
3,2026-09-29 01:27:17+00:00,AMGN,0.4375,Long
3,2026-09-29 12:06:00+00:00,AMGN,0.4444444444444444,Long
3,2026-09-29 13:03:17+00:00,AMGN,0.35,Long
3,2026-09-29 16:23:35+00:00,AMGN,0.36363636363636365,Long
3,2026-09-29 18:43:14+00:00,AMGN,0.35000000000000003,Long
3,2026-09-30 13:30:00+00:00,AMGN,0.35000000000000003,Long
3,2026-10-01 08:29:07+00:00,AMGN,0.3272727272727272,Long
3,2026-09-30 16:57:51+00:00,AMZN,0.8,Long
3,2026-09-30 17:26:50+00:00,AMZN,0.5,Long
3,2026-09-30 18:01:56+00:00,AMZN,0.16666666666666666,Long
3,2026-09-30 18:09:21+00:00,AMZN,0.325,Long
3,2026-09-30 19:33:19+00:00,AMZN,0.36,Long
3,2026-09-30 20:00:00+00:00,AMZN,0.3833333333333333,Long
3,2026-10-01 10:38:38+00:00,AMZN,0.4428571428571429,Long
3,2026-10-01 11:01:01+00:00,AMZN,0.45,Long
3,2026-10-01 12:37:48+00:00,AMZN,0.4555555555555555,Long
3,2026-10-01 12:45:28+00:00,AMZN,0.36,Long
3,2026-10-01 13:05:34+00:00,AMZN,0.33636363636363636,Long
3,2026-10-01 13:41:07+00:00,AMZN,0.30833333333333335,Long
3,2026-09-24 18:46:53+00:00,APP,0.2,Long
3,2026-09-24 19:09:33+00:00,APP,-0.19999999999999998,Short
3,2026-09-25 06:52:39+00:00,APP,-0.06666666666666665,Neutral
3,2026-09-25 12:00:07+00:00,APP,0.07500000000000001,Neutral
3,2026-09-26 05:20:00+00:00,APP,-0.039999999999999994,Neutral
3,2026-09-26 07:12:27+00:00,APP,0.05000000000000001,Neutral
3,2026-09-26 08:08:49+00:00,APP,0.1142857142857143,Long
3,2026-09-26 22:09:28+00:00,APP,0.125,Long
3,2026-09-27 10:13:32+00:00,APP,0.022222222222222216,Neutral
3,2026-09-27 11:43:03+00:00,APP,-0.04,Neutral
3,2026-09-27 20:32:58+00:00,APP,-0.05555555555555555,Neutral
3,2026-09-28 10:30:36+00:00,APP,-0.05555555555555555,Neutral
3,2026-09-28 13:15:31+00:00,APP,-0.044444444444444446,Neutral
3,2026-09-28 13:41:07+00:00,APP,-0.030000000000000006,Neutral
3,2026-09-28 19:29:26+00:00,APP,-0.009090909090909092,Neutral
3,2026-09-29 15:22:01+00:00,APP,0.0,Neutral
3,2026-09-30 15:48:47+00:00,APP,0.10000000000000002,Long
3,2026-09-30 20:54:22+00:00,APP,0.24285714285714288,Long
3,2026-09-26 11:00:00+00:00,ARM,0.0,Neutral
3,2026-09-26 17:36:00+00:00,ARM,0.1,Neutral
3,2026-09-28 15:17:53+00:00,ARM,-0.09999999999999999,Neutral
3,2026-09-28 15:51:29+00:00,ARM,-0.275,Short
3,2026-09-28 18:44:57+00:00,ARM,-0.3,Short
3,2026-09-28 21:37:15+00:00,ARM,-0.21666666666666667,Short
3,2026-09-29 06:09:35+00:00,ARM,-0.1142857142857143,Short
3,2026-09-29 08:30:00+00:00,ARM,-0.1,Neutral
3,2026-09-29 09:09:11+00:00,ARM,0.0,Neutral
3,2026-09-29 12:08:07+00:00,ARM,-0.08888888888888889,Neutral
3,2026-09-29 15:30:00+00:00,ARM,-0.030000000000000006,Neutral
3,2026-09-29 18:49:31+00:00,ARM,0.0,Neutral
3,2026-09-30 15:20:04+00:00,ARM,-0.045454545454545456,Neutral
3,2026-09-30 18:00:32+00:00,ARM,-0.024999999999999998,Neutral
3,2026-09-30 22:05:00+00:00,ARM,0.015384615384615385,Neutral
3,2026-10-01 12:09:22+00:00,ARM,0.049999999999999996,Neutral
3,2026-09-25 04:07:17+00:00,ASML,0.5,Long
3,2026-09-25 12:14:30+00:00,ASML,0.55,Long
3,2026-09-26 10:10:00+00:00,ASML,0.5333333333333333,Long
3,2026-09-26 16:20:01+00:00,ASML,0.45,Long
3,2026-09-26 23:08:14+00:00,ASML,0.45999999999999996,Long
3,2026-09-27 16:00:21+00:00,ASML,0.5166666666666667,Long
3,2026-09-28 09:36:00+00:00,ASML,0.5666666666666668,Long
3,2026-09-28 12:00:00+00:00,ASML,0.48571428571428577,Long
3,2026-09-28 20:50:05+00:00,ASML,0.4714285714285714,Long
3,2026-09-29 07:37:42+00:00,ASML,0.3875,Long
3,2026-09-29 09:40:58+00:00,ASML,0.41111111111111115,Long
3,2026-09-29 15:07:44+00:00,ASML,0.3333333333333333,Long
3,2026-09-29 18:48:36+00:00,ASML,0.3777777777777778,Long
3,2026-09-29 19:30:56+00:00,ASML,0.39,Long
3,2026-09-30 10:11:54+00:00,ASML,0.29000000000000004,Long
3,2026-09-30 11:20:01+00:00,ASML,0.2818181818181818,Long
3,2026-09-30 12:00:06+00:00,ASML,0.275,Long
3,2026-09-30 12:05:40+00:00,ASML,0.2153846153846154,Long
3,2026-09-30 15:12:11+00:00,ASML,0.1642857142857143,Long
3,2026-09-30 11:37:27+00:00,AVGO,0.8,Long
3,2026-09-30 12:12:31+00:00,AVGO,0.15000000000000002,Long
3,2026-09-30 12:45:58+00:00,AVGO,-0.09999999999999998,Neutral
3,2026-09-30 13:19:01+00:00,AVGO,-0.02499999999999998,Neutral
3,2026-09-30 15:21:36+00:00,AVGO,0.08000000000000002,Neutral
3,2026-09-30 18:12:05+00:00,AVGO,0.15000000000000002,Long
3,2026-09-30 19:15:32+00:00,AVGO,0.2,Long
3,2026-10-01 10:55:30+00:00,AVGO,0.18750000000000003,Long
3,2026-10-01 11:22:00+00:00,AVGO,0.2222222222222222,Long
3,2026-09-25 00:16:58+00:00,AXON,-0.6,Short
3,2026-09-25 20:50:04+00:00,AXON,-0.55,Short
3,2026-09-29 18:58:34+00:00,AXON,-0.8,Short
3,2026-09-30 12:00:04+00:00,AXON,-0.15000000000000002,Short
3,2026-09-24 21:37:06+00:00,BKNG,0.0,Neutral
3,2026-09-24 23:19:33+00:00,BKNG,0.0,Neutral
3,2026-09-25 06:30:00+00:00,BKNG,0.16666666666666666,Long
3,2026-09-26 02:00:00+00:00,BKNG,0.325,Long
3,2026-09-26 15:42:15+00:00,BKNG,0.36,Long
3,2026-09-28 02:00:00+00:00,BKNG,0.575,Long
3,2026-09-29 13:00:00+00:00,BKNG,0.5333333333333333,Long
3,2026-09-29 13:00:00+00:00,BKNG,0.525,Long
3,2026-09-29 14:15:00+00:00,BKNG,0.58,Long
3,2026-09-29 18:57:00+00:00,BKNG,0.52,Long
3,2026-09-30 03:32:00+00:00,BKNG,0.5166666666666667,Long
3,2026-10-01 09:17:07+00:00,BKNG,0.5166666666666667,Long
3,2026-09-25 17:15:00+00:00,BKR,0.5,Long
3,2026-09-26 00:01:00+00:00,BKR,0.0,Neutral
3,2026-09-27 20:05:56+00:00,BKR,0.06666666666666667,Neutral
3,2026-09-28 11:00:00+00:00,BKR,0.05,Neutral
3,2026-09-28 14:00:00+00:00,BKR,0.2,Long
3,2026-09-28 15:35:00+00:00,BKR,0.26666666666666666,Long
3,2026-09-28 17:46:43+00:00,BKR,0.18333333333333335,Long
3,2026-09-29 10:21:13+00:00,BKR,0.3666666666666667,Long
3,2026-09-30 13:09:13+00:00,BKR,0.34285714285714286,Long
3,2026-09-24 20:17:38+00:00,CCEP,0.5,Long
3,2026-09-29 17:05:00+00:00,CCEP,0.8,Long
3,2026-09-24 20:02:30+00:00,CDNS,0.5,Long
3,2026-09-24 20:18:23+00:00,CDNS,0.35,Long
3,2026-09-25 00:37:37+00:00,CDNS,0.3,Long
3,2026-09-25 14:12:34+00:00,CDNS,0.275,Long
3,2026-09-25 20:20:00+00:00,CDNS,0.22000000000000003,Long
3,2026-09-25 20:50:03+00:00,CDNS,0.26666666666666666,Long
3,2026-09-28 06:18:00+00:00,CDNS,0.225,Long
3,2026-09-28 11:00:03+00:00,CDNS,0.27999999999999997,Long
3,2026-09-28 17:35:00+00:00,CDNS,0.36,Long
3,2026-09-29 12:00:03+00:00,CDNS,0.45,Long
3,2026-09-30 23:28:35+00:00,CDNS,0.4,Long
3,2026-10-01 12:27:00+00:00,CDNS,0.525,Long
3,2026-09-24 22:16:15+00:00,CEG,0.5,Long
3,2026-09-25 00:30:14+00:00,CEG,0.35,Long
3,2026-09-25 04:11:42+00:00,CEG,0.39999999999999997,Long
3,2026-09-25 15:04:00+00:00,CEG,0.35,Long
3,2026-09-28 12:00:06+00:00,CEG,0.35,Long
3,2026-09-28 16:32:00+00:00,CEG,0.5,Long
3,2026-09-28 20:45:03+00:00,CEG,0.16666666666666666,Long
3,2026-09-29 13:10:02+00:00,CEG,0.175,Long
3,2026-09-29 14:30:00+00:00,CEG,0.13999999999999999,Long
3,2026-09-29 15:00:53+00:00,CEG,0.19999999999999998,Long
3,2026-09-30 09:06:52+00:00,CEG,0.24285714285714285,Long
3,2026-09-30 20:44:46+00:00,CEG,0.2875,Long
3,2026-09-30 21:02:00+00:00,CEG,0.3222222222222222,Long
3,2026-10-01 04:21:14+00:00,CEG,0.33999999999999997,Long
3,2026-10-01 10:03:00+00:00,CEG,0.32727272727272727,Long
3,2026-10-01 11:15:40+00:00,CEG,0.3666666666666667,Long
3,2026-10-01 11:15:53+00:00,CEG,0.38461538461538464,Long
3,2026-10-01 12:00:05+00:00,CEG,0.39285714285714285,Long
3,2026-09-25 21:35:55+00:00,CMCSA,0.1,Neutral
3,2026-09-26 12:08:36+00:00,CMCSA,0.1,Neutral
3,2026-09-27 11:10:33+00:00,CMCSA,0.13333333333333333,Long
3,2026-09-27 13:10:08+00:00,CMCSA,-0.04999999999999999,Neutral
3,2026-09-27 14:00:49+00:00,CMCSA,-0.13999999999999999,Short
3,2026-09-28 12:00:02+00:00,CMCSA,-0.033333333333333326,Neutral
3,2026-09-28 13:15:00+00:00,CMCSA,0.08571428571428573,Neutral
3,2026-09-28 14:00:00+00:00,CMCSA,0.1375,Long
3,2026-09-28 20:00:00+00:00,CMCSA,0.21111111111111114,Long
3,2026-09-29 11:09:46+00:00,CMCSA,0.25555555555555554,Long
3,2026-09-29 11:55:14+00:00,CMCSA,0.18,Long
3,2026-09-29 12:00:00+00:00,CMCSA,0.20909090909090908,Long
3,2026-09-29 13:30:00+00:00,CMCSA,0.2727272727272727,Long
3,2026-09-29 13:44:35+00:00,CMCSA,0.20833333333333334,Long
3,2026-09-29 15:03:37+00:00,CMCSA,0.25384615384615383,Long
3,2026-09-29 16:01:34+00:00,CMCSA,0.19285714285714287,Long
3,2026-09-29 16:41:00+00:00,CMCSA,0.21333333333333335,Long
3,2026-09-29 20:54:57+00:00,CMCSA,0.25,Long
3,2026-09-30 12:00:00+00:00,CMCSA,0.26875000000000004,Long
3,2026-10-01 12:00:00+00:00,CMCSA,0.39333333333333337,Long
3,2026-09-24 14:54:24+00:00,COST,0.2,Long
3,2026-09-24 21:42:22+00:00,COST,0.5,Long
3,2026-09-26 04:30:26+00:00,COST,0.5,Long
3,2026-09-26 15:40:50+00:00,COST,0.425,Long
3,2026-09-28 23:08:42+00:00,COST,0.39999999999999997,Long
3,2026-09-28 23:37:00+00:00,COST,0.125,Long
3,2026-09-29 01:09:27+00:00,COST,0.13999999999999999,Long
3,2026-09-29 02:23:01+00:00,COST,0.13333333333333333,Long
3,2026-09-29 06:09:40+00:00,COST,0.18333333333333335,Long
3,2026-09-29 07:14:36+00:00,COST,0.17142857142857146,Long
3,2026-09-29 08:31:01+00:00,COST,0.21250000000000002,Long
3,2026-09-29 08:55:01+00:00,COST,0.21111111111111114,Long
3,2026-09-29 11:03:00+00:00,COST,0.25,Long
3,2026-09-29 14:22:00+00:00,COST,0.3,Long
3,2026-09-29 15:01:00+00:00,COST,0.3416666666666666,Long
3,2026-09-29 15:20:00+00:00,COST,0.37692307692307697,Long
3,2026-09-29 16:31:33+00:00,COST,0.4,Long
3,2026-09-29 16:50:00+00:00,COST,0.41428571428571426,Long
3,2026-09-30 00:37:00+00:00,COST,0.39333333333333337,Long
3,2026-09-30 13:00:52+00:00,COST,0.41875,Long
3,2026-09-30 13:15:00+00:00,COST,0.4235294117647059,Long
3,2026-09-30 14:07:00+00:00,COST,0.4277777777777778,Long
3,2026-09-30 14:36:37+00:00,COST,0.41578947368421054,Long
3,2026-09-25 21:15:02+00:00,CPRT,-0.5,Short
3,2026-09-29 09:19:01+00:00,CPRT,0.2,Long
3,2026-10-01 12:00:00+00:00,CPRT,0.2,Long
3,2026-09-29 17:30:00+00:00,CRWD,0.5,Long
3,2026-09-29 19:08:46+00:00,CRWD,0.55,Long
3,2026-09-29 19:30:04+00:00,CRWD,0.43333333333333335,Long
3,2026-09-29 20:54:54+00:00,CRWD,0.45,Long
3,2026-09-30 00:21:07+00:00,CRWD,0.4,Long
3,2026-09-30 02:57:09+00:00,CRWD,0.4166666666666667,Long
3,2026-09-30 11:13:45+00:00,CRWD,0.42857142857142855,Long
3,2026-09-30 11:15:11+00:00,CRWD,0.4375,Long
3,2026-09-30 12:29:19+00:00,CRWD,0.47777777777777775,Long
3,2026-09-30 12:45:13+00:00,CRWD,0.45,Long
3,2026-09-30 13:15:24+00:00,CRWD,0.4636363636363636,Long
3,2026-09-30 15:41:53+00:00,CRWD,0.4916666666666667,Long
3,2026-09-30 21:14:47+00:00,CRWD,0.4153846153846154,Long
3,2026-09-30 23:14:30+00:00,CRWD,0.42142857142857143,Long
3,2026-09-29 18:25:00+00:00,CRWV,0.1,Neutral
3,2026-09-30 11:10:22+00:00,CRWV,0.45,Long
3,2026-09-30 13:00:00+00:00,CRWV,0.5666666666666668,Long
3,2026-09-30 13:00:00+00:00,CRWV,0.55,Long
3,2026-09-30 13:00:00+00:00,CRWV,0.54,Long
3,2026-09-30 13:00:00+00:00,CRWV,0.5333333333333333,Long
3,2026-09-30 13:00:00+00:00,CRWV,0.5285714285714286,Long
3,2026-09-30 13:16:39+00:00,CRWV,0.4,Long
3,2026-09-30 13:16:48+00:00,CRWV,0.30000000000000004,Long
3,2026-09-30 13:53:28+00:00,CRWV,0.32,Long
3,2026-09-30 14:47:40+00:00,CRWV,0.33636363636363636,Long
3,2026-09-30 15:17:55+00:00,CRWV,0.35000000000000003,Long
3,2026-09-30 17:48:00+00:00,CRWV,0.3384615384615385,Long
3,2026-09-30 17:53:29+00:00,CRWV,0.37142857142857144,Long
3,2026-10-01 02:09:22+00:00,CRWV,0.38,Long
3,2026-10-01 12:45:47+00:00,CRWV,0.30625,Long
3,2026-09-28 19:30:16+00:00,CSCO,-0.3,Short
3,2026-09-28 21:41:30+00:00,CSCO,0.1,Neutral
3,2026-09-29 09:05:00+00:00,CSCO,0.3333333333333333,Long
3,2026-09-29 12:00:00+00:00,CSCO,0.375,Long
3,2026-09-29 13:05:00+00:00,CSCO,0.33999999999999997,Long
3,2026-09-29 13:25:50+00:00,CSCO,0.3666666666666667,Long
3,2026-09-29 15:53:00+00:00,CSCO,0.38571428571428573,Long
3,2026-09-29 15:55:00+00:00,CSCO,0.4125,Long
3,2026-09-29 15:58:00+00:00,CSCO,0.4555555555555555,Long
3,2026-09-29 16:39:56+00:00,CSCO,0.45999999999999996,Long
3,2026-09-29 18:52:46+00:00,CSCO,0.3727272727272727,Long
3,2026-09-29 21:41:56+00:00,CSCO,0.35000000000000003,Long
3,2026-09-29 22:08:12+00:00,CSCO,0.36153846153846153,Long
3,2026-09-30 11:54:14+00:00,CSCO,0.33571428571428574,Long
3,2026-09-30 13:55:11+00:00,CSCO,0.31333333333333335,Long
3,2026-09-30 15:00:30+00:00,CSCO,0.29375,Long
3,2026-09-30 17:53:18+00:00,CSCO,0.27647058823529413,Long
3,2026-09-30 23:11:59+00:00,CSCO,0.27222222222222225,Long
3,2026-09-25 13:27:08+00:00,CSX,0.5,Long
3,2026-09-27 18:45:16+00:00,CSX,0.55,Long
3,2026-09-30 10:37:13+00:00,CSX,0.4,Long
3,2026-10-01 11:57:07+00:00,CSX,-0.14999999999999997,Short
3,2026-09-24 18:20:57+00:00,CTAS,0.2,Long
3,2026-09-25 12:40:00+00:00,CTAS,0.5,Long
3,2026-09-25 15:14:52+00:00,CTAS,0.6,Long
3,2026-09-28 22:38:33+00:00,CTAS,0.6,Long
3,2026-09-29 00:17:37+00:00,CTAS,0.55,Long
3,2026-09-30 10:00:00+00:00,CTAS,0.5333333333333333,Long
3,2026-09-30 10:37:55+00:00,CTAS,0.4,Long
3,2026-09-27 22:11:13+00:00,DASH,0.2,Long
3,2026-09-28 12:44:44+00:00,DASH,0.2,Long
3,2026-09-28 15:00:00+00:00,DASH,0.3,Long
3,2026-09-28 18:55:39+00:00,DASH,0.275,Long
3,2026-09-28 21:39:23+00:00,DASH,0.08000000000000003,Neutral
3,2026-09-29 01:02:36+00:00,DASH,-0.016666666666666646,Neutral
3,2026-09-29 01:18:36+00:00,DASH,-0.09999999999999998,Neutral
3,2026-09-29 10:00:00+00:00,DASH,-0.012499999999999983,Neutral
3,2026-09-29 13:12:02+00:00,DASH,0.011111111111111127,Neutral
3,2026-09-29 16:43:18+00:00,DASH,0.06000000000000001,Neutral
3,2026-09-30 12:50:00+00:00,DASH,0.1,Neutral
3,2026-09-30 13:00:00+00:00,DASH,0.10833333333333334,Long
3,2026-09-30 13:00:00+00:00,DASH,0.14615384615384616,Long
3,2026-09-30 13:00:00+00:00,DASH,0.17142857142857146,Long
3,2026-09-30 13:00:00+00:00,DASH,0.2,Long
3,2026-09-30 13:00:00+00:00,DASH,0.225,Long
3,2026-09-30 13:00:00+00:00,DASH,0.24117647058823527,Long
3,2026-09-30 15:45:29+00:00,DASH,0.2611111111111111,Long
3,2026-09-30 19:12:36+00:00,DASH,0.2578947368421053,Long
3,2026-10-01 11:01:07+00:00,DASH,0.2736842105263158,Long
3,2026-09-25 00:19:52+00:00,DDOG,0.5,Long
3,2026-09-25 11:37:00+00:00,DDOG,0.5,Long
3,2026-09-25 12:00:05+00:00,DDOG,0.5,Long
3,2026-09-25 12:04:53+00:00,DDOG,0.5,Long
3,2026-09-25 18:06:30+00:00,DDOG,0.44000000000000006,Long
3,2026-09-26 03:12:37+00:00,DDOG,0.4666666666666666,Long
3,2026-09-28 12:12:06+00:00,DDOG,0.43333333333333335,Long
3,2026-09-28 13:45:51+00:00,DDOG,0.2,Long
3,2026-09-28 15:35:00+00:00,DDOG,0.26,Long
3,2026-09-28 16:30:52+00:00,DDOG,0.21666666666666667,Long
3,2026-09-28 22:09:52+00:00,DDOG,0.20000000000000004,Long
3,2026-09-29 03:14:06+00:00,DDOG,0.18333333333333335,Long
3,2026-09-29 14:51:17+00:00,DDOG,0.24285714285714285,Long
3,2026-09-30 00:11:02+00:00,DDOG,0.2375,Long
3,2026-09-30 04:38:27+00:00,DDOG,0.26666666666666666,Long
3,2026-09-30 11:49:13+00:00,DDOG,0.26,Long
3,2026-09-25 00:20:09+00:00,DXCM,0.5,Long
3,2026-09-25 11:36:37+00:00,DXCM,0.5,Long
3,2026-09-28 06:00:00+00:00,DXCM,0.5,Long
3,2026-09-28 07:00:00+00:00,DXCM,0.6,Long
3,2026-09-28 20:36:00+00:00,DXCM,0.7000000000000001,Long
3,2026-09-29 14:06:00+00:00,DXCM,0.4,Long
3,2026-09-24 23:30:00+00:00,EXC,0.8,Long
3,2026-09-25 14:11:34+00:00,FANG,0.5,Long
3,2026-09-25 15:00:00+00:00,FANG,0.5,Long
3,2026-09-29 02:35:00+00:00,FANG,0.8,Long
3,2026-09-29 13:52:02+00:00,FANG,0.65,Long
3,2026-09-30 00:00:00+00:00,FANG,0.46666666666666673,Long
3,2026-09-30 11:40:00+00:00,FANG,0.475,Long
3,2026-09-30 14:00:00+00:00,FANG,0.38,Long
3,2026-09-30 14:00:00+00:00,FANG,0.31666666666666665,Long
3,2026-09-28 13:11:47+00:00,FAST,0.5,Long
3,2026-09-28 20:05:00+00:00,FAST,0.25,Long
3,2026-09-29 09:15:21+00:00,FAST,-0.033333333333333326,Neutral
3,2026-09-29 10:50:00+00:00,FAST,0.1,Neutral
3,2026-09-29 13:05:35+00:00,FAST,0.1,Neutral
3,2026-09-28 04:51:35+00:00,FER,0.2,Long
3,2026-09-30 21:38:00+00:00,FER,0.35,Long
3,2026-09-25 16:24:40+00:00,FTNT,0.2,Long
3,2026-09-25 20:25:53+00:00,FTNT,0.2,Long
3,2026-09-25 20:45:06+00:00,FTNT,-0.033333333333333326,Neutral
3,2026-09-26 21:11:58+00:00,FTNT,6.938893903907228e-18,Neutral
3,2026-09-27 15:25:00+00:00,FTNT,0.12,Long
3,2026-09-28 05:00:02+00:00,FTNT,0.2333333333333333,Long
3,2026-09-28 16:08:07+00:00,FTNT,0.21428571428571427,Long
3,2026-09-28 22:11:30+00:00,FTNT,0.36,Long
3,2026-09-29 10:00:00+00:00,FTNT,0.38333333333333336,Long
3,2026-09-29 12:54:00+00:00,FTNT,0.35714285714285715,Long
3,2026-09-30 12:00:00+00:00,FTNT,0.42857142857142855,Long
3,2026-09-30 12:57:00+00:00,FTNT,0.4375,Long
3,2026-09-30 19:14:08+00:00,FTNT,0.425,Long
3,2026-10-01 13:02:00+00:00,FTNT,0.4,Long
3,2026-09-26 15:17:00+00:00,GEHC,0.6,Long
3,2026-09-28 10:24:00+00:00,GEHC,0.55,Long
3,2026-09-28 17:31:00+00:00,GEHC,0.5666666666666667,Long
3,2026-09-28 19:34:36+00:00,GEHC,0.425,Long
3,2026-09-30 06:56:00+00:00,GEHC,0.47500000000000003,Long
3,2026-09-27 23:09:17+00:00,GILD,0.2,Long
3,2026-09-27 23:12:45+00:00,GILD,0.2,Long
3,2026-09-27 23:16:08+00:00,GILD,0.2,Long
3,2026-09-27 23:20:05+00:00,GILD,0.275,Long
3,2026-09-28 13:11:34+00:00,GILD,0.26,Long
3,2026-09-28 18:08:25+00:00,GILD,0.3,Long
3,2026-09-28 18:45:06+00:00,GILD,0.32857142857142857,Long
3,2026-09-28 23:52:03+00:00,GILD,0.3125,Long
3,2026-09-29 09:22:00+00:00,GILD,0.36666666666666664,Long
3,2026-09-29 13:00:00+00:00,GILD,0.38,Long
3,2026-09-30 08:47:00+00:00,GILD,0.41818181818181815,Long
3,2026-09-30 17:16:25+00:00,GOOG,0.2,Long
3,2026-09-30 17:58:43+00:00,GOOG,-0.15,Short
3,2026-09-30 20:30:29+00:00,GOOG,-0.3,Short
3,2026-10-01 12:17:21+00:00,GOOG,-0.1,Neutral
3,2026-10-01 12:37:42+00:00,GOOG,0.019999999999999997,Neutral
3,2026-10-01 12:45:09+00:00,GOOG,0.11666666666666665,Long
3,2026-10-01 12:45:41+00:00,GOOG,0.028571428571428564,Neutral
3,2026-10-01 13:08:39+00:00,GOOG,0.049999999999999996,Neutral
3,2026-10-01 13:47:53+00:00,GOOG,0.05555555555555555,Neutral
3,2026-09-30 09:58:52+00:00,GOOGL,0.6,Long
3,2026-09-30 16:07:35+00:00,GOOGL,0.55,Long
3,2026-09-30 19:23:31+00:00,GOOGL,0.43333333333333335,Long
3,2026-09-30 22:35:21+00:00,GOOGL,0.2,Long
3,2026-10-01 06:43:50+00:00,GOOGL,0.32,Long
3,2026-10-01 08:55:12+00:00,GOOGL,0.35000000000000003,Long
3,2026-10-01 12:01:00+00:00,GOOGL,0.4142857142857143,Long
3,2026-10-01 12:48:19+00:00,GOOGL,0.3875,Long
3,2026-10-01 13:26:14+00:00,GOOGL,0.2777777777777778,Long
3,2026-09-24 16:05:02+00:00,HON,0.2,Long
3,2026-09-24 19:25:06+00:00,HON,0.15000000000000002,Long
3,2026-09-25 00:48:24+00:00,HON,0.16666666666666666,Long
3,2026-09-25 08:26:00+00:00,HON,0.325,Long
3,2026-09-25 15:04:00+00:00,HON,0.36,Long
3,2026-09-25 17:03:00+00:00,HON,0.3,Long
3,2026-09-26 19:08:11+00:00,HON,0.32857142857142857,Long
3,2026-09-26 22:07:42+00:00,HON,0.3875,Long
3,2026-09-27 10:01:58+00:00,HON,0.41111111111111115,Long
3,2026-09-28 03:10:13+00:00,HON,0.4857142857142857,Long
3,2026-09-28 08:09:00+00:00,HON,0.5,Long
3,2026-09-28 09:18:00+00:00,HON,0.47500000000000003,Long
3,2026-09-28 18:17:36+00:00,HON,0.4857142857142857,Long
3,2026-09-29 19:12:00+00:00,HON,0.3428571428571429,Long
3,2026-09-30 11:30:00+00:00,HON,0.3,Long
3,2026-09-30 13:29:04+00:00,HON,0.32857142857142857,Long
3,2026-09-29 12:00:00+00:00,HONA,0.0,Neutral
3,2026-09-30 13:00:00+00:00,IDXX,0.5,Long
3,2026-09-29 16:31:08+00:00,INTC,0.5,Long
3,2026-09-29 18:04:00+00:00,INTC,0.5,Long
3,2026-09-29 19:30:00+00:00,INTC,0.5,Long
3,2026-09-30 07:48:55+00:00,INTC,0.575,Long
3,2026-09-30 11:15:56+00:00,INTC,0.58,Long
3,2026-09-30 12:45:13+00:00,INTC,0.5166666666666667,Long
3,2026-09-30 13:47:17+00:00,INTC,0.5285714285714286,Long
3,2026-09-30 14:17:33+00:00,INTC,0.4625,Long
3,2026-09-30 15:39:14+00:00,INTC,0.4222222222222222,Long
3,2026-09-30 17:27:33+00:00,INTC,0.44000000000000006,Long
3,2026-09-30 18:51:54+00:00,INTC,0.4090909090909091,Long
3,2026-10-01 12:13:38+00:00,INTC,0.44166666666666665,Long
3,2026-09-24 14:30:03+00:00,INTU,-0.5,Short
3,2026-09-26 15:32:54+00:00,INTU,-0.15,Short
3,2026-09-26 17:57:44+00:00,INTU,0.06666666666666667,Neutral
3,2026-09-26 18:08:36+00:00,INTU,0.175,Long
3,2026-09-28 14:06:36+00:00,INTU,0.35,Long
3,2026-09-28 20:50:02+00:00,INTU,0.18,Long
3,2026-09-29 02:30:36+00:00,INTU,0.18333333333333335,Long
3,2026-09-29 09:30:04+00:00,INTU,0.2285714285714286,Long
3,2026-09-29 11:52:02+00:00,INTU,0.1375,Long
3,2026-09-29 12:02:00+00:00,INTU,0.17777777777777778,Long
3,2026-09-29 13:05:00+00:00,INTU,0.21000000000000002,Long
3,2026-09-29 13:26:02+00:00,INTU,0.13636363636363635,Long
3,2026-09-29 14:13:51+00:00,INTU,0.17500000000000002,Long
3,2026-09-29 18:22:54+00:00,INTU,0.14,Long
3,2026-09-30 10:11:08+00:00,INTU,0.17272727272727273,Long
3,2026-09-30 13:05:00+00:00,INTU,0.20833333333333334,Long
3,2026-09-30 18:12:02+00:00,INTU,0.23076923076923078,Long
3,2026-10-01 13:33:07+00:00,INTU,0.27142857142857146,Long
3,2026-09-24 18:45:20+00:00,ISRG,0.2,Long
3,2026-09-28 19:27:25+00:00,ISRG,0.5,Long
3,2026-09-29 12:00:02+00:00,ISRG,0.3,Long
3,2026-09-29 19:26:58+00:00,ISRG,0.2333333333333333,Long
3,2026-09-29 19:38:00+00:00,ISRG,0.3,Long
3,2026-09-30 09:08:45+00:00,ISRG,0.33999999999999997,Long
3,2026-09-25 11:34:49+00:00,KDP,0.5,Long
3,2026-09-25 19:48:17+00:00,KDP,0.25,Long
3,2026-09-26 14:40:04+00:00,KDP,0.2333333333333333,Long
3,2026-09-28 00:00:00+00:00,KDP,0.2,Long
3,2026-09-28 08:14:23+00:00,KDP,0.06000000000000001,Neutral
3,2026-10-01 00:00:00+00:00,KDP,0.0,Neutral
3,2026-10-01 11:00:00+00:00,KDP,0.5,Long
3,2026-09-29 14:02:00+00:00,KLAC,0.5,Long
3,2026-09-25 12:25:26+00:00,LIN,0.5,Long
3,2026-09-25 21:55:06+00:00,LIN,0.5,Long
3,2026-09-29 15:01:59+00:00,LIN,0.5,Long
3,2026-09-30 19:38:50+00:00,LIN,0.0,Neutral
3,2026-09-24 15:23:00+00:00,LITE,0.5,Long
3,2026-09-24 19:07:44+00:00,LITE,0.35,Long
3,2026-09-25 09:09:00+00:00,LITE,0.5,Long
3,2026-09-25 11:53:17+00:00,LITE,0.525,Long
3,2026-09-25 12:55:00+00:00,LITE,0.52,Long
3,2026-09-28 11:42:25+00:00,LITE,0.5333333333333333,Long
3,2026-09-28 20:12:36+00:00,LITE,0.5,Long
3,2026-09-29 11:30:02+00:00,LITE,0.5,Long
3,2026-09-29 15:00:52+00:00,LITE,0.525,Long
3,2026-09-29 15:47:00+00:00,LITE,0.45999999999999996,Long
3,2026-09-29 21:32:57+00:00,LITE,0.3833333333333333,Long
3,2026-09-30 11:12:28+00:00,LITE,0.39999999999999997,Long
3,2026-09-30 12:02:52+00:00,LITE,0.375,Long
3,2026-09-30 13:40:37+00:00,LITE,0.35555555555555557,Long
3,2026-10-01 10:00:00+00:00,LITE,0.37,Long
3,2026-09-24 14:36:30+00:00,LRCX,0.0,Neutral
3,2026-09-24 23:28:58+00:00,LRCX,-0.25,Short
3,2026-09-25 03:11:43+00:00,LRCX,0.0,Neutral
3,2026-09-25 12:30:04+00:00,LRCX,0.2,Long
3,2026-09-25 20:45:06+00:00,LRCX,0.26,Long
3,2026-09-28 08:09:00+00:00,LRCX,0.6333333333333333,Long
3,2026-09-28 12:29:00+00:00,LRCX,0.6,Long
3,2026-09-29 18:50:00+00:00,LRCX,0.5333333333333333,Long
3,2026-09-30 14:07:02+00:00,LRCX,0.4,Long
3,2026-09-30 20:05:00+00:00,LRCX,0.32,Long
3,2026-09-24 22:26:03+00:00,MAR,0.5,Long
3,2026-09-25 02:33:00+00:00,MAR,0.35,Long
3,2026-09-25 08:54:48+00:00,MAR,0.26666666666666666,Long
3,2026-09-27 00:28:47+00:00,MAR,0.225,Long
3,2026-09-28 21:56:01+00:00,MAR,0.15000000000000002,Long
3,2026-09-24 21:28:58+00:00,MCHP,-0.5,Short
3,2026-09-24 22:32:58+00:00,MCHP,-0.5,Short
3,2026-09-25 04:25:05+00:00,MCHP,-0.26666666666666666,Short
3,2026-09-25 14:12:00+00:00,MCHP,-0.07500000000000001,Neutral
3,2026-09-25 20:56:28+00:00,MCHP,0.039999999999999994,Neutral
3,2026-09-26 03:44:37+00:00,MCHP,0.11666666666666665,Long
3,2026-09-28 06:04:00+00:00,MCHP,0.375,Long
3,2026-09-29 12:00:00+00:00,MCHP,0.25,Long
3,2026-09-29 12:42:50+00:00,MCHP,0.19999999999999998,Long
3,2026-09-29 22:32:02+00:00,MCHP,0.275,Long
3,2026-09-30 17:16:22+00:00,MCHP,0.26,Long
3,2026-09-25 02:10:52+00:00,MDLZ,0.2,Long
3,2026-09-25 14:48:00+00:00,MDLZ,0.1,Neutral
3,2026-09-26 16:05:00+00:00,MDLZ,0.2333333333333333,Long
3,2026-09-27 13:40:00+00:00,MDLZ,0.225,Long
3,2026-09-27 20:04:00+00:00,MDLZ,0.27999999999999997,Long
3,2026-09-28 14:34:36+00:00,MDLZ,0.26,Long
3,2026-09-28 14:40:07+00:00,MDLZ,0.3,Long
3,2026-09-29 00:10:56+00:00,MDLZ,0.3333333333333333,Long
3,2026-09-29 11:22:00+00:00,MDLZ,0.21428571428571427,Long
3,2026-09-30 06:46:00+00:00,MDLZ,0.21428571428571427,Long
3,2026-09-24 18:03:00+00:00,MELI,0.5,Long
3,2026-09-24 20:50:04+00:00,MELI,0.0,Neutral
3,2026-09-25 01:14:01+00:00,MELI,-0.19999999999999998,Short
3,2026-09-25 12:32:00+00:00,MELI,-0.09999999999999999,Neutral
3,2026-09-25 12:40:01+00:00,MELI,-0.039999999999999994,Neutral
3,2026-09-26 13:52:24+00:00,MELI,9.25185853854297e-18,Neutral
3,2026-09-28 19:21:16+00:00,MELI,0.14999999999999997,Long
3,2026-09-29 10:16:02+00:00,MELI,0.09999999999999998,Neutral
3,2026-09-29 11:42:43+00:00,MELI,0.22499999999999998,Long
3,2026-09-29 11:56:00+00:00,MELI,0.33999999999999997,Long
3,2026-09-24 21:43:02+00:00,META,0.6,Long
3,2026-09-25 14:59:57+00:00,META,0.4,Long
3,2026-09-26 08:21:01+00:00,META,0.3333333333333333,Long
3,2026-09-29 14:12:49+00:00,META,-0.6,Short
3,2026-09-30 10:06:44+00:00,META,-0.55,Short
3,2026-09-30 13:45:30+00:00,META,-0.19999999999999998,Short
3,2026-09-30 13:47:00+00:00,META,0.05000000000000002,Neutral
3,2026-09-30 13:50:17+00:00,META,-0.059999999999999984,Neutral
3,2026-09-30 14:25:06+00:00,META,-0.13333333333333333,Short
3,2026-09-30 14:51:48+00:00,META,-0.1857142857142857,Short
3,2026-09-30 15:31:53+00:00,META,-0.22499999999999998,Short
3,2026-09-30 16:00:59+00:00,META,-0.14444444444444443,Short
3,2026-09-30 16:10:32+00:00,META,-0.12,Short
3,2026-09-30 18:05:00+00:00,META,-0.1636363636363636,Short
3,2026-09-30 18:29:00+00:00,META,-0.08333333333333333,Neutral
3,2026-09-30 22:33:21+00:00,META,-0.06923076923076922,Neutral
3,2026-10-01 04:05:00+00:00,META,-0.12142857142857143,Short
3,2026-10-01 10:55:00+00:00,META,-0.14666666666666667,Short
3,2026-10-01 12:00:28+00:00,META,-0.10625,Short
3,2026-10-01 12:30:00+00:00,META,-0.12941176470588237,Short
3,2026-10-01 12:37:00+00:00,META,-0.15555555555555556,Short
3,2026-09-24 19:53:00+00:00,MNST,-0.5,Short
3,2026-09-24 19:55:19+00:00,MNST,-0.15,Short
3,2026-09-25 00:00:00+00:00,MNST,-0.16666666666666666,Short
3,2026-09-25 08:08:28+00:00,MNST,0.07500000000000001,Neutral
3,2026-09-26 14:53:47+00:00,MNST,0.1,Neutral
3,2026-09-26 22:07:46+00:00,MNST,0.16666666666666666,Long
3,2026-09-28 12:14:36+00:00,MNST,0.3,Long
3,2026-09-28 13:27:19+00:00,MNST,0.35,Long
3,2026-09-28 15:11:14+00:00,MNST,0.38,Long
3,2026-09-28 18:53:00+00:00,MNST,0.39999999999999997,Long
3,2026-09-28 22:01:34+00:00,MNST,0.35714285714285715,Long
3,2026-09-29 12:37:00+00:00,MNST,0.375,Long
3,2026-09-29 15:05:00+00:00,MNST,0.2875,Long
3,2026-09-28 09:26:36+00:00,MPWR,0.2,Long
3,2026-09-28 21:35:06+00:00,MPWR,0.2,Long
3,2026-10-01 09:33:07+00:00,MPWR,0.35,Long
3,2026-09-25 00:00:00+00:00,MRVL,0.1,Neutral
3,2026-09-29 14:00:02+00:00,MRVL,0.6,Long
3,2026-09-29 14:24:02+00:00,MRVL,0.4,Long
3,2026-09-29 19:01:52+00:00,MRVL,0.43333333333333335,Long
3,2026-09-29 21:52:00+00:00,MRVL,0.45,Long
3,2026-09-30 00:00:02+00:00,MRVL,0.45999999999999996,Long
3,2026-09-30 00:06:42+00:00,MRVL,0.4666666666666666,Long
3,2026-09-30 03:09:02+00:00,MRVL,0.41428571428571426,Long
3,2026-09-30 13:37:00+00:00,MRVL,0.425,Long
3,2026-09-30 14:00:53+00:00,MRVL,0.4666666666666667,Long
3,2026-09-30 20:52:26+00:00,MRVL,0.42000000000000004,Long
3,2026-09-30 15:30:51+00:00,MSFT,0.8,Long
3,2026-09-30 15:34:55+00:00,MSFT,0.5,Long
3,2026-09-30 15:39:02+00:00,MSFT,0.5,Long
3,2026-09-30 15:40:50+00:00,MSFT,0.4,Long
3,2026-09-30 16:15:26+00:00,MSFT,0.48,Long
3,2026-09-30 16:40:00+00:00,MSFT,0.5333333333333333,Long
3,2026-09-30 17:25:46+00:00,MSFT,0.5428571428571428,Long
3,2026-09-30 17:30:20+00:00,MSFT,0.55,Long
3,2026-09-30 17:59:10+00:00,MSFT,0.43333333333333335,Long
3,2026-09-30 18:05:43+00:00,MSFT,0.31,Long
3,2026-09-30 18:23:00+00:00,MSFT,0.32727272727272727,Long
3,2026-09-30 20:09:25+00:00,MSFT,0.3416666666666666,Long
3,2026-10-01 11:15:28+00:00,MSFT,0.37692307692307697,Long
3,2026-10-01 11:30:30+00:00,MSFT,0.31428571428571433,Long
3,2026-10-01 13:05:14+00:00,MSFT,0.2533333333333333,Long
3,2026-10-01 13:42:00+00:00,MSFT,0.26875,Long
3,2026-09-25 00:00:00+00:00,MSTR,0.1,Neutral
3,2026-09-28 00:00:00+00:00,MSTR,0.1,Neutral
3,2026-09-28 15:26:53+00:00,MSTR,0.1,Neutral
3,2026-09-28 15:59:00+00:00,MSTR,0.3333333333333333,Long
3,2026-09-28 16:00:00+00:00,MSTR,0.375,Long
3,2026-09-28 16:35:13+00:00,MSTR,0.4,Long
3,2026-09-28 16:49:28+00:00,MSTR,0.4666666666666666,Long
3,2026-09-28 19:54:00+00:00,MSTR,0.5142857142857143,Long
3,2026-09-28 20:13:28+00:00,MSTR,0.4625,Long
3,2026-09-29 09:56:20+00:00,MSTR,0.4666666666666667,Long
3,2026-09-29 11:30:50+00:00,MSTR,0.44000000000000006,Long
3,2026-09-29 11:42:37+00:00,MSTR,0.41818181818181815,Long
3,2026-09-29 12:30:17+00:00,MSTR,0.39999999999999997,Long
3,2026-09-29 16:30:24+00:00,MSTR,0.3692307692307692,Long
3,2026-09-29 17:20:01+00:00,MSTR,0.37857142857142856,Long
3,2026-09-30 06:58:31+00:00,MSTR,0.39333333333333337,Long
3,2026-09-30 11:15:58+00:00,MSTR,0.40625,Long
3,2026-09-30 13:55:00+00:00,MSTR,0.4117647058823529,Long
3,2026-09-30 14:13:00+00:00,MSTR,0.43333333333333335,Long
3,2026-10-01 00:00:00+00:00,MSTR,0.4277777777777778,Long
3,2026-10-01 07:09:15+00:00,MSTR,0.41578947368421054,Long
3,2026-10-01 11:43:55+00:00,MSTR,0.42000000000000004,Long
3,2026-09-30 00:00:00+00:00,MU,0.1,Neutral
3,2026-09-30 13:44:46+00:00,MU,0.15000000000000002,Long
3,2026-09-30 20:10:07+00:00,MU,0.3666666666666667,Long
3,2026-10-01 07:36:23+00:00,MU,0.325,Long
3,2026-10-01 08:20:34+00:00,MU,0.3,Long
3,2026-10-01 08:37:00+00:00,MU,0.16666666666666666,Long
3,2026-10-01 09:00:22+00:00,MU,0.2571428571428572,Long
3,2026-10-01 10:59:00+00:00,MU,0.15000000000000002,Long
3,2026-10-01 11:20:08+00:00,MU,0.15555555555555556,Long
3,2026-10-01 12:06:51+00:00,MU,0.19,Long
3,2026-10-01 12:12:22+00:00,MU,0.24545454545454548,Long
3,2026-10-01 12:50:04+00:00,MU,0.26666666666666666,Long
3,2026-10-01 13:17:00+00:00,MU,0.2846153846153846,Long
3,2026-10-01 13:56:10+00:00,MU,0.2785714285714286,Long
3,2026-09-29 14:15:01+00:00,NBIS,0.2,Long
3,2026-09-29 15:56:40+00:00,NBIS,0.2,Long
3,2026-09-29 18:33:11+00:00,NBIS,0.3,Long
3,2026-09-29 19:07:00+00:00,NBIS,0.375,Long
3,2026-09-29 21:37:01+00:00,NBIS,0.33999999999999997,Long
3,2026-09-30 06:17:00+00:00,NBIS,0.31666666666666665,Long
3,2026-09-30 08:12:03+00:00,NBIS,0.3,Long
3,2026-09-30 10:36:56+00:00,NBIS,0.325,Long
3,2026-09-30 10:41:00+00:00,NBIS,0.3111111111111111,Long
3,2026-09-30 12:17:00+00:00,NBIS,0.32999999999999996,Long
3,2026-09-30 15:22:00+00:00,NBIS,0.3727272727272727,Long
3,2026-09-30 17:23:52+00:00,NBIS,0.3833333333333333,Long
3,2026-10-01 11:00:00+00:00,NBIS,0.3923076923076923,Long
3,2026-09-29 17:15:04+00:00,NFLX,0.8,Long
3,2026-09-29 17:29:22+00:00,NFLX,0.65,Long
3,2026-09-29 18:19:56+00:00,NFLX,0.6,Long
3,2026-09-29 18:23:17+00:00,NFLX,0.5,Long
3,2026-09-29 18:32:00+00:00,NFLX,0.5,Long
3,2026-09-29 19:01:39+00:00,NFLX,0.5499999999999999,Long
3,2026-09-29 19:20:20+00:00,NFLX,0.4714285714285714,Long
3,2026-09-29 20:11:39+00:00,NFLX,0.475,Long
3,2026-09-30 03:50:00+00:00,NFLX,0.47777777777777775,Long
3,2026-09-30 05:09:30+00:00,NFLX,0.45,Long
3,2026-09-30 06:05:44+00:00,NFLX,0.36363636363636365,Long
3,2026-09-30 11:15:43+00:00,NFLX,0.2916666666666667,Long
3,2026-09-30 12:00:04+00:00,NFLX,0.3076923076923077,Long
3,2026-10-01 12:18:29+00:00,NFLX,0.34285714285714286,Long
3,2026-10-01 12:21:48+00:00,NFLX,0.2866666666666667,Long
3,2026-10-01 13:12:40+00:00,NFLX,0.28125,Long
3,2026-09-28 09:46:47+00:00,NVDA,0.6,Long
3,2026-09-29 21:33:24+00:00,NVDA,0.04999999999999999,Neutral
3,2026-09-30 14:10:14+00:00,NVDA,0.09999999999999999,Neutral
3,2026-09-30 19:47:00+00:00,NVDA,0.125,Long
3,2026-09-30 20:19:14+00:00,NVDA,0.26,Long
3,2026-09-30 23:06:29+00:00,NVDA,0.3,Long
3,2026-10-01 03:55:00+00:00,NVDA,0.32857142857142857,Long
3,2026-10-01 10:00:00+00:00,NVDA,0.35714285714285715,Long
3,2026-10-01 11:15:14+00:00,NVDA,0.3875,Long
3,2026-10-01 11:15:20+00:00,NVDA,0.43333333333333335,Long
3,2026-10-01 11:15:36+00:00,NVDA,0.4,Long
3,2026-10-01 11:46:14+00:00,NVDA,0.4090909090909091,Long
3,2026-10-01 12:17:27+00:00,NVDA,0.325,Long
3,2026-09-25 12:08:50+00:00,NXPI,0.6,Long
3,2026-09-28 04:30:00+00:00,NXPI,0.7,Long
3,2026-09-28 05:27:32+00:00,NXPI,0.6333333333333333,Long
3,2026-09-28 09:15:59+00:00,NXPI,0.6,Long
3,2026-09-28 13:30:44+00:00,NXPI,0.6,Long
3,2026-09-28 23:37:54+00:00,NXPI,0.52,Long
3,2026-09-30 12:29:13+00:00,NXPI,0.43333333333333335,Long
3,2026-09-24 15:26:00+00:00,ODFL,0.5,Long
3,2026-09-24 18:00:58+00:00,ODFL,0.35,Long
3,2026-09-25 08:37:00+00:00,ODFL,0.39999999999999997,Long
3,2026-09-26 04:14:10+00:00,ODFL,0.175,Long
3,2026-09-28 14:15:00+00:00,ODFL,-0.25,Short
3,2026-09-28 15:12:00+00:00,ODFL,-0.13333333333333333,Short
3,2026-09-28 15:27:00+00:00,ODFL,-0.225,Short
3,2026-09-30 13:00:00+00:00,ODFL,-0.10000000000000002,Short
3,2026-10-01 11:49:07+00:00,ODFL,-0.18000000000000002,Short
3,2026-09-25 13:04:00+00:00,ORLY,0.5,Long
3,2026-09-25 21:09:32+00:00,ORLY,0.35,Long
3,2026-09-26 14:10:38+00:00,ORLY,0.3,Long
3,2026-09-30 15:46:56+00:00,ORLY,0.2,Long
3,2026-10-01 09:10:19+00:00,ORLY,-0.24999999999999997,Short
3,2026-09-29 19:23:43+00:00,PANW,0.2,Long
3,2026-09-29 20:32:02+00:00,PANW,0.35,Long
3,2026-09-30 07:00:00+00:00,PANW,0.39999999999999997,Long
3,2026-09-30 12:45:15+00:00,PANW,0.35,Long
3,2026-09-30 13:00:00+00:00,PANW,0.38,Long
3,2026-09-30 16:57:04+00:00,PANW,0.45,Long
3,2026-10-01 01:23:37+00:00,PANW,0.41428571428571426,Long
3,2026-10-01 11:30:36+00:00,PANW,0.425,Long
3,2026-09-24 17:50:00+00:00,PAYX,0.5,Long
3,2026-09-25 17:02:26+00:00,PAYX,0.0,Neutral
3,2026-09-26 20:03:43+00:00,PAYX,-0.16666666666666666,Short
3,2026-09-26 20:34:09+00:00,PAYX,0.0,Neutral
3,2026-09-27 16:58:10+00:00,PAYX,0.1,Neutral
3,2026-09-28 12:00:00+00:00,PAYX,0.16,Long
3,2026-09-28 13:34:36+00:00,PAYX,0.03333333333333335,Neutral
3,2026-09-28 14:48:20+00:00,PAYX,0.042857142857142864,Neutral
3,2026-09-29 02:26:29+00:00,PAYX,0.1285714285714286,Long
3,2026-09-29 12:30:00+00:00,PAYX,0.17500000000000002,Long
3,2026-09-29 14:37:31+00:00,PAYX,0.13333333333333336,Long
3,2026-09-29 17:09:26+00:00,PAYX,0.07,Neutral
3,2026-09-24 15:12:25+00:00,PCAR,-0.5,Short
3,2026-09-24 16:53:38+00:00,PCAR,-0.25,Short
3,2026-09-25 12:41:58+00:00,PCAR,-0.13333333333333333,Short
3,2026-09-28 18:30:07+00:00,PCAR,0.5,Long
3,2026-09-29 10:40:02+00:00,PCAR,0.35,Long
3,2026-09-29 20:02:05+00:00,PCAR,0.3,Long
3,2026-09-30 18:14:38+00:00,PCAR,0.1,Neutral
3,2026-09-29 11:47:20+00:00,PEP,-0.5,Short
3,2026-09-29 12:00:00+00:00,PEP,0.0,Neutral
3,2026-09-29 12:39:25+00:00,PEP,0.0,Neutral
3,2026-09-29 13:00:00+00:00,PEP,0.2,Long
3,2026-09-29 13:29:00+00:00,PEP,0.2,Long
3,2026-09-29 16:40:00+00:00,PEP,0.20000000000000004,Long
3,2026-09-29 18:34:53+00:00,PEP,0.2,Long
3,2026-09-29 19:08:41+00:00,PEP,0.11250000000000002,Long
3,2026-09-30 07:00:00+00:00,PEP,0.04444444444444446,Neutral
3,2026-09-30 08:21:00+00:00,PEP,0.040000000000000015,Neutral
3,2026-09-30 09:57:00+00:00,PEP,0.05454545454545456,Neutral
3,2026-09-30 11:15:42+00:00,PEP,0.008333333333333345,Neutral
3,2026-09-30 12:45:44+00:00,PEP,0.02307692307692309,Neutral
3,2026-09-30 12:50:26+00:00,PEP,0.057142857142857155,Neutral
3,2026-09-30 14:15:31+00:00,PEP,0.06666666666666668,Neutral
3,2026-09-30 19:13:14+00:00,PEP,0.09375000000000001,Neutral
3,2026-10-01 13:19:00+00:00,PEP,0.11764705882352941,Long
3,2026-10-01 13:24:52+00:00,PEP,0.12222222222222223,Long
3,2026-09-27 00:18:09+00:00,PLTR,-0.5,Short
3,2026-09-29 15:37:12+00:00,PLTR,-0.5,Short
3,2026-09-29 17:24:00+00:00,PLTR,-0.16666666666666666,Short
3,2026-09-29 18:07:02+00:00,PLTR,0.0,Neutral
3,2026-09-29 18:31:05+00:00,PLTR,0.1,Neutral
3,2026-09-29 18:50:48+00:00,PLTR,0.0,Neutral
3,2026-09-29 19:40:43+00:00,PLTR,0.028571428571428574,Neutral
3,2026-09-29 19:47:00+00:00,PLTR,0.037500000000000006,Neutral
3,2026-09-29 20:23:00+00:00,PLTR,-0.022222222222222216,Neutral
3,2026-09-30 02:33:00+00:00,PLTR,-0.022222222222222216,Neutral
3,2026-09-30 03:06:01+00:00,PLTR,0.030000000000000006,Neutral
3,2026-09-30 03:08:13+00:00,PLTR,-0.018181818181818177,Neutral
3,2026-09-30 07:05:00+00:00,PLTR,-0.05833333333333333,Neutral
3,2026-09-30 10:30:00+00:00,PLTR,-0.03846153846153846,Neutral
3,2026-09-30 12:20:01+00:00,PLTR,-0.07857142857142856,Neutral
3,2026-09-30 12:45:40+00:00,PLTR,-0.04,Neutral
3,2026-10-01 08:51:20+00:00,PLTR,-0.03125,Neutral
3,2026-10-01 13:23:43+00:00,PLTR,0.00588235294117647,Neutral
3,2026-09-28 13:00:00+00:00,PYPL,0.6,Long
3,2026-09-28 13:00:02+00:00,PYPL,0.55,Long
3,2026-09-28 14:00:00+00:00,PYPL,0.5666666666666667,Long
3,2026-09-28 15:18:00+00:00,PYPL,0.55,Long
3,2026-09-28 15:27:00+00:00,PYPL,0.54,Long
3,2026-09-28 18:45:13+00:00,PYPL,0.48333333333333334,Long
3,2026-09-28 20:45:05+00:00,PYPL,0.34285714285714286,Long
3,2026-09-29 05:54:00+00:00,PYPL,0.3625,Long
3,2026-09-29 07:07:14+00:00,PYPL,0.26666666666666666,Long
3,2026-09-29 14:20:00+00:00,PYPL,0.25,Long
3,2026-09-29 15:50:07+00:00,PYPL,0.23636363636363636,Long
3,2026-09-29 16:09:04+00:00,PYPL,0.17499999999999996,Long
3,2026-09-29 18:47:30+00:00,PYPL,0.12307692307692307,Long
3,2026-09-30 09:08:07+00:00,PYPL,0.07857142857142856,Neutral
3,2026-09-30 10:09:44+00:00,PYPL,0.10666666666666666,Long
3,2026-09-30 12:05:00+00:00,PYPL,0.13124999999999998,Long
3,2026-09-30 12:32:00+00:00,PYPL,0.15294117647058822,Long
3,2026-09-30 13:00:00+00:00,PYPL,0.10555555555555556,Long
3,2026-09-28 23:50:36+00:00,QCOM,-0.5,Short
3,2026-09-29 12:52:42+00:00,QCOM,-0.15,Short
3,2026-09-29 13:10:00+00:00,QCOM,0.06666666666666667,Neutral
3,2026-09-29 14:02:14+00:00,QCOM,0.1,Neutral
3,2026-09-29 14:31:38+00:00,QCOM,0.04,Neutral
3,2026-09-29 15:06:14+00:00,QCOM,0.13333333333333333,Long
3,2026-09-29 15:21:46+00:00,QCOM,0.14285714285714285,Long
3,2026-09-29 18:58:56+00:00,QCOM,0.19999999999999998,Long
3,2026-09-30 12:20:01+00:00,QCOM,0.19999999999999998,Long
3,2026-09-30 12:45:13+00:00,QCOM,0.22999999999999998,Long
3,2026-09-30 15:09:17+00:00,QCOM,0.2545454545454545,Long
3,2026-09-30 16:19:30+00:00,QCOM,0.25,Long
3,2026-09-30 20:01:47+00:00,QCOM,0.24615384615384614,Long
3,2026-09-28 16:11:00+00:00,REGN,0.8,Long
3,2026-09-28 17:15:38+00:00,REGN,0.15000000000000002,Long
3,2026-09-28 17:25:01+00:00,REGN,0.16666666666666666,Long
3,2026-09-28 19:16:00+00:00,REGN,0.325,Long
3,2026-09-28 20:09:30+00:00,REGN,0.36,Long
3,2026-09-29 02:13:00+00:00,REGN,0.3333333333333333,Long
3,2026-09-29 04:01:00+00:00,REGN,0.39999999999999997,Long
3,2026-09-29 07:08:05+00:00,REGN,0.375,Long
3,2026-09-29 09:07:03+00:00,REGN,0.2777777777777778,Long
3,2026-09-29 11:37:00+00:00,REGN,0.3,Long
3,2026-09-29 13:20:00+00:00,REGN,0.3181818181818182,Long
3,2026-09-29 14:00:00+00:00,REGN,0.3333333333333333,Long
3,2026-09-29 14:13:00+00:00,REGN,0.3692307692307692,Long
3,2026-09-29 14:40:03+00:00,REGN,0.35714285714285715,Long
3,2026-09-30 00:00:00+00:00,REGN,0.33999999999999997,Long
3,2026-09-30 12:03:28+00:00,REGN,0.2875,Long
3,2026-09-30 12:05:05+00:00,REGN,0.2823529411764706,Long
3,2026-10-01 05:00:00+00:00,REGN,0.29444444444444445,Long
3,2026-10-01 06:00:28+00:00,REGN,0.32105263157894737,Long
3,2026-10-01 06:27:00+00:00,REGN,0.32999999999999996,Long
3,2026-10-01 13:38:06+00:00,REGN,0.3238095238095238,Long
3,2026-09-28 15:28:17+00:00,RKLB,0.5,Long
3,2026-09-28 17:15:46+00:00,RKLB,0.55,Long
3,2026-09-28 19:11:42+00:00,RKLB,0.5333333333333333,Long
3,2026-09-28 21:15:05+00:00,RKLB,0.275,Long
3,2026-09-29 00:08:59+00:00,RKLB,0.38,Long
3,2026-09-29 00:46:01+00:00,RKLB,0.4166666666666667,Long
3,2026-09-29 12:43:13+00:00,RKLB,0.4428571428571429,Long
3,2026-09-29 13:10:59+00:00,RKLB,0.325,Long
3,2026-09-29 14:55:00+00:00,RKLB,0.34444444444444444,Long
3,2026-09-29 15:30:00+00:00,RKLB,0.32999999999999996,Long
3,2026-09-29 15:56:34+00:00,RKLB,0.3090909090909091,Long
3,2026-09-29 17:54:42+00:00,RKLB,0.3,Long
3,2026-09-29 20:50:00+00:00,RKLB,0.3153846153846154,Long
3,2026-09-30 07:10:00+00:00,RKLB,0.2928571428571428,Long
3,2026-09-30 11:07:00+00:00,RKLB,0.2866666666666667,Long
3,2026-09-30 23:00:00+00:00,RKLB,0.31875,Long
3,2026-10-01 12:17:20+00:00,RKLB,0.31176470588235294,Long
3,2026-10-01 13:22:51+00:00,RKLB,0.33888888888888885,Long
3,2026-09-27 20:06:34+00:00,ROP,0.5,Long
3,2026-09-29 14:40:05+00:00,ROP,0.35,Long
3,2026-10-01 00:00:00+00:00,ROP,0.15000000000000002,Long
3,2026-10-01 12:30:00+00:00,ROP,0.10000000000000002,Long
3,2026-10-01 12:33:00+00:00,ROP,0.2,Long
3,2026-09-28 12:30:01+00:00,ROST,0.8,Long
3,2026-09-29 21:00:04+00:00,ROST,0.15000000000000002,Long
3,2026-09-26 19:13:00+00:00,SBUX,-0.7,Short
3,2026-09-27 11:10:39+00:00,SBUX,-0.75,Short
3,2026-09-27 12:36:14+00:00,SBUX,-0.3333333333333333,Short
3,2026-09-27 13:25:24+00:00,SBUX,-0.2,Short
3,2026-09-27 16:50:29+00:00,SBUX,-0.2,Short
3,2026-09-28 01:06:33+00:00,SBUX,-0.2833333333333333,Short
3,2026-09-28 01:27:35+00:00,SBUX,-0.34285714285714286,Short
3,2026-09-28 03:30:06+00:00,SBUX,-0.375,Short
3,2026-09-28 12:24:00+00:00,SBUX,-0.3888888888888889,Short
3,2026-09-28 14:01:00+00:00,SBUX,-0.32999999999999996,Short
3,2026-09-28 17:23:52+00:00,SBUX,-0.34545454545454546,Short
3,2026-09-28 17:45:34+00:00,SBUX,-0.36666666666666664,Short
3,2026-09-28 17:50:00+00:00,SBUX,-0.38461538461538464,Short
3,2026-09-28 18:08:06+00:00,SBUX,-0.39285714285714285,Short
3,2026-09-28 18:31:00+00:00,SBUX,-0.4,Short
3,2026-09-28 18:41:03+00:00,SBUX,-0.34375,Short
3,2026-09-28 21:03:57+00:00,SBUX,-0.35294117647058826,Short
3,2026-09-29 17:53:54+00:00,SBUX,-0.3222222222222222,Short
3,2026-09-30 04:23:11+00:00,SBUX,-0.2722222222222222,Short
3,2026-09-30 11:13:33+00:00,SBUX,-0.19999999999999998,Short
3,2026-09-28 15:09:00+00:00,SHOP,0.8,Long
3,2026-09-28 19:30:20+00:00,SHOP,0.5,Long
3,2026-09-28 20:57:00+00:00,SHOP,0.3666666666666667,Long
3,2026-09-28 23:59:43+00:00,SHOP,0.4,Long
3,2026-09-29 16:13:02+00:00,SHOP,0.22000000000000003,Long
3,2026-09-29 19:07:01+00:00,SHOP,0.26666666666666666,Long
3,2026-09-29 20:45:05+00:00,SHOP,0.2571428571428572,Long
3,2026-09-30 04:30:46+00:00,SHOP,0.325,Long
3,2026-09-30 12:16:32+00:00,SHOP,0.3777777777777778,Long
3,2026-09-30 12:26:36+00:00,SHOP,0.29000000000000004,Long
3,2026-09-30 13:00:00+00:00,SHOP,0.33636363636363636,Long
3,2026-09-30 16:54:42+00:00,SHOP,0.35000000000000003,Long
3,2026-09-30 18:41:00+00:00,SHOP,0.36153846153846153,Long
3,2026-09-26 04:53:14+00:00,SNDK,0.2,Long
3,2026-09-28 23:34:01+00:00,SNDK,0.35,Long
3,2026-09-29 06:14:00+00:00,SNDK,0.5,Long
3,2026-09-29 10:30:48+00:00,SNDK,0.5,Long
3,2026-09-29 13:05:05+00:00,SNDK,0.425,Long
3,2026-09-29 14:00:51+00:00,SNDK,0.5,Long
3,2026-09-29 14:30:27+00:00,SNDK,0.5499999999999999,Long
3,2026-09-29 21:30:00+00:00,SNDK,0.4714285714285714,Long
3,2026-09-29 22:20:00+00:00,SNDK,0.4375,Long
3,2026-09-30 01:08:58+00:00,SNDK,0.47777777777777775,Long
3,2026-09-30 10:58:30+00:00,SNDK,0.49000000000000005,Long
3,2026-09-30 12:07:00+00:00,SNDK,0.45454545454545453,Long
3,2026-09-30 12:08:00+00:00,SNDK,0.4583333333333333,Long
3,2026-09-30 14:03:21+00:00,SNDK,0.46923076923076923,Long
3,2026-09-30 16:24:45+00:00,SNDK,0.4714285714285714,Long
3,2026-09-30 16:30:53+00:00,SNDK,0.47333333333333333,Long
3,2026-10-01 12:45:13+00:00,SNDK,0.475,Long
3,2026-09-28 05:37:00+00:00,SNPS,0.2,Long
3,2026-09-28 12:37:53+00:00,SNPS,0.5,Long
3,2026-09-28 13:00:00+00:00,SNPS,0.5,Long
3,2026-09-28 17:00:34+00:00,SNPS,0.575,Long
3,2026-09-28 19:34:00+00:00,SNPS,0.4,Long
3,2026-09-28 22:23:20+00:00,SNPS,0.4166666666666667,Long
3,2026-09-30 11:00:00+00:00,SNPS,0.42857142857142855,Long
3,2026-09-30 13:00:00+00:00,SNPS,0.45,Long
3,2026-09-30 13:46:33+00:00,SNPS,0.4666666666666667,Long
3,2026-09-30 13:51:18+00:00,SNPS,0.5,Long
3,2026-09-30 14:00:04+00:00,SNPS,0.5272727272727272,Long
3,2026-09-30 18:29:00+00:00,SNPS,0.5499999999999999,Long
3,2026-09-30 20:05:00+00:00,SNPS,0.5461538461538461,Long
3,2026-09-30 22:02:27+00:00,SNPS,0.55,Long
3,2026-10-01 08:08:15+00:00,SNPS,0.5714285714285714,Long
3,2026-10-01 12:15:29+00:00,SNPS,0.5733333333333334,Long
3,2026-09-30 12:23:00+00:00,SPCX,-0.6,Short
3,2026-09-30 12:50:17+00:00,SPCX,-0.04999999999999999,Neutral
3,2026-09-30 13:10:00+00:00,SPCX,0.16666666666666666,Long
3,2026-09-30 13:10:05+00:00,SPCX,0.25,Long
3,2026-09-30 14:03:47+00:00,SPCX,0.3,Long
3,2026-09-30 14:29:47+00:00,SPCX,0.3833333333333333,Long
3,2026-09-30 14:56:00+00:00,SPCX,0.24285714285714288,Long
3,2026-09-30 15:03:08+00:00,SPCX,0.3125,Long
3,2026-09-30 17:19:20+00:00,SPCX,0.30000000000000004,Long
3,2026-09-30 17:55:40+00:00,SPCX,0.35,Long
3,2026-09-30 18:15:16+00:00,SPCX,0.33636363636363636,Long
3,2026-09-30 20:25:00+00:00,SPCX,0.35000000000000003,Long
3,2026-10-01 12:53:47+00:00,SPCX,0.2846153846153846,Long
3,2026-09-24 16:13:00+00:00,STX,-0.5,Short
3,2026-09-24 17:30:15+00:00,STX,0.0,Neutral
3,2026-09-25 17:36:37+00:00,STX,0.06666666666666667,Neutral
3,2026-09-27 20:00:28+00:00,STX,0.2,Long
3,2026-09-28 03:10:02+00:00,STX,0.2,Long
3,2026-09-28 13:18:00+00:00,STX,0.2,Long
3,2026-09-28 17:09:02+00:00,STX,0.26,Long
3,2026-09-29 11:29:00+00:00,STX,0.32,Long
3,2026-09-29 16:58:47+00:00,STX,0.35000000000000003,Long
3,2026-10-01 00:12:08+00:00,STX,0.39999999999999997,Long
3,2026-10-01 12:16:26+00:00,STX,0.45,Long
3,2026-09-24 15:16:00+00:00,TER,0.2,Long
3,2026-09-24 19:12:58+00:00,TER,0.2,Long
3,2026-09-25 21:00:04+00:00,TER,0.3,Long
3,2026-09-28 18:38:36+00:00,TER,0.0,Neutral
3,2026-09-28 21:07:12+00:00,TER,-0.2,Short
3,2026-09-28 21:32:28+00:00,TER,-0.06666666666666667,Neutral
3,2026-09-29 03:11:59+00:00,TER,0.07500000000000001,Neutral
3,2026-09-29 04:27:23+00:00,TER,0.08,Neutral
3,2026-09-29 13:00:00+00:00,TER,0.16666666666666666,Long
3,2026-09-29 16:22:04+00:00,TER,0.07142857142857142,Neutral
3,2026-09-29 20:05:33+00:00,TER,0.125,Long
3,2026-09-30 12:30:03+00:00,TER,0.2,Long
3,2026-09-25 13:56:00+00:00,TMUS,-0.5,Short
3,2026-09-25 20:07:00+00:00,TMUS,0.0,Neutral
3,2026-09-26 12:20:07+00:00,TMUS,0.03333333333333333,Neutral
3,2026-09-26 13:09:35+00:00,TMUS,0.175,Long
3,2026-09-27 09:42:52+00:00,TMUS,0.18,Long
3,2026-09-28 12:00:59+00:00,TMUS,0.2333333333333333,Long
3,2026-09-28 14:16:00+00:00,TMUS,0.39999999999999997,Long
3,2026-09-28 15:20:51+00:00,TMUS,0.37142857142857144,Long
3,2026-09-29 00:07:07+00:00,TMUS,0.37142857142857144,Long
3,2026-09-29 02:47:00+00:00,TMUS,0.3875,Long
3,2026-09-29 12:50:01+00:00,TMUS,0.39999999999999997,Long
3,2026-09-29 13:00:00+00:00,TMUS,0.4222222222222222,Long
3,2026-09-29 13:58:00+00:00,TMUS,0.3777777777777778,Long
3,2026-09-29 23:30:02+00:00,TMUS,0.42000000000000004,Long
3,2026-09-30 02:17:00+00:00,TMUS,0.30909090909090914,Long
3,2026-09-30 13:10:19+00:00,TMUS,0.3090909090909091,Long
3,2026-10-01 11:54:00+00:00,TMUS,0.35000000000000003,Long
3,2026-10-01 13:00:00+00:00,TMUS,0.35000000000000003,Long
3,2026-09-29 15:00:00+00:00,TRI,0.0,Neutral
3,2026-09-29 00:00:00+00:00,TSLA,0.1,Neutral
3,2026-09-30 11:35:00+00:00,TSLA,0.45,Long
3,2026-09-30 12:05:00+00:00,TSLA,0.5,Long
3,2026-09-30 12:10:45+00:00,TSLA,0.5,Long
3,2026-09-30 12:15:58+00:00,TSLA,0.5599999999999999,Long
3,2026-09-30 12:37:17+00:00,TSLA,0.6,Long
3,2026-09-30 12:45:08+00:00,TSLA,0.5857142857142856,Long
3,2026-09-30 12:45:46+00:00,TSLA,0.4375,Long
3,2026-09-30 13:02:00+00:00,TSLA,0.47777777777777775,Long
3,2026-09-30 13:20:00+00:00,TSLA,0.44000000000000006,Long
3,2026-09-30 13:55:00+00:00,TSLA,0.4454545454545455,Long
3,2026-09-30 14:19:59+00:00,TSLA,0.42500000000000004,Long
3,2026-09-30 15:02:03+00:00,TSLA,0.4538461538461539,Long
3,2026-09-30 15:26:36+00:00,TSLA,0.40714285714285714,Long
3,2026-09-30 15:28:00+00:00,TSLA,0.41333333333333333,Long
3,2026-09-30 17:03:25+00:00,TSLA,0.3375,Long
3,2026-09-30 18:53:28+00:00,TSLA,0.3470588235294118,Long
3,2026-09-30 18:55:30+00:00,TSLA,0.2833333333333333,Long
3,2026-10-01 11:37:11+00:00,TSLA,0.3105263157894737,Long
3,2026-10-01 13:28:36+00:00,TSLA,0.325,Long
3,2026-09-24 15:35:00+00:00,TTWO,0.5,Long
3,2026-09-24 20:52:00+00:00,TTWO,0.15,Long
3,2026-09-26 13:18:34+00:00,TTWO,0.13333333333333333,Long
3,2026-09-28 13:41:00+00:00,TTWO,-0.24999999999999997,Short
3,2026-09-28 16:13:42+00:00,TTWO,1.850371707708594e-17,Neutral
3,2026-09-29 15:20:01+00:00,TTWO,0.13333333333333333,Long
3,2026-09-29 19:10:25+00:00,TTWO,0.225,Long
3,2026-09-29 20:49:11+00:00,TTWO,0.18,Long
3,2026-09-30 00:00:00+00:00,TTWO,0.18333333333333335,Long
3,2026-09-30 13:12:45+00:00,TTWO,0.18571428571428572,Long
3,2026-09-30 15:09:00+00:00,TTWO,0.1875,Long
3,2026-09-30 17:03:48+00:00,TTWO,0.2222222222222222,Long
3,2026-09-25 14:27:52+00:00,TXN,-0.2,Short
3,2026-09-25 20:50:05+00:00,TXN,0.15,Long
3,2026-09-25 23:00:02+00:00,TXN,0.3,Long
3,2026-09-26 15:35:00+00:00,TXN,0.35,Long
3,2026-09-27 20:19:10+00:00,TXN,0.44000000000000006,Long
3,2026-09-28 09:27:32+00:00,TXN,0.39999999999999997,Long
3,2026-09-28 09:28:00+00:00,TXN,0.42857142857142855,Long
3,2026-09-28 15:23:00+00:00,TXN,0.5285714285714286,Long
3,2026-09-29 10:05:04+00:00,TXN,0.35000000000000003,Long
3,2026-09-29 11:09:00+00:00,TXN,0.4142857142857143,Long
3,2026-09-30 19:32:41+00:00,TXN,0.3428571428571429,Long
3,2026-09-24 14:14:00+00:00,VRTX,-0.5,Short
3,2026-09-24 14:27:00+00:00,VRTX,0.0,Neutral
3,2026-09-24 20:50:06+00:00,VRTX,0.16666666666666666,Long
3,2026-09-25 04:23:46+00:00,VRTX,0.175,Long
3,2026-09-26 20:21:01+00:00,VRTX,0.3,Long
3,2026-09-28 10:38:36+00:00,VRTX,0.5,Long
3,2026-09-29 00:37:08+00:00,VRTX,0.5,Long
3,2026-09-29 09:30:00+00:00,VRTX,0.575,Long
3,2026-09-28 15:10:50+00:00,WBD,0.2,Long
3,2026-09-28 15:15:35+00:00,WBD,0.35,Long
3,2026-09-28 15:23:00+00:00,WBD,0.03333333333333336,Neutral
3,2026-09-28 18:26:55+00:00,WBD,0.22500000000000003,Long
3,2026-09-28 20:23:40+00:00,WBD,0.040000000000000036,Neutral
3,2026-09-29 12:19:12+00:00,WBD,0.0666666666666667,Neutral
3,2026-09-29 13:52:32+00:00,WBD,0.08571428571428574,Neutral
3,2026-09-29 14:15:27+00:00,WBD,0.17500000000000004,Long
3,2026-09-29 15:44:36+00:00,WBD,0.21111111111111114,Long
3,2026-09-29 17:05:57+00:00,WBD,0.13000000000000003,Long
3,2026-09-29 17:49:32+00:00,WBD,0.12727272727272732,Long
3,2026-09-29 21:08:04+00:00,WBD,0.16666666666666666,Long
3,2026-09-30 16:26:00+00:00,WBD,0.10000000000000002,Long
3,2026-09-30 21:42:00+00:00,WBD,0.1285714285714286,Long
3,2026-09-30 22:49:00+00:00,WBD,0.15333333333333335,Long
3,2026-10-01 00:49:14+00:00,WBD,0.17500000000000002,Long
3,2026-10-01 01:02:00+00:00,WBD,0.19411764705882353,Long
3,2026-09-24 15:12:46+00:00,WDAY,0.8,Long
3,2026-09-24 16:12:17+00:00,WDAY,0.5,Long
3,2026-09-25 11:17:00+00:00,WDAY,0.5,Long
3,2026-09-25 14:57:00+00:00,WDAY,0.5,Long
3,2026-09-28 01:08:08+00:00,WDAY,0.39999999999999997,Long
3,2026-09-28 12:00:00+00:00,WDAY,0.39999999999999997,Long
3,2026-09-28 14:43:38+00:00,WDAY,0.15,Long
3,2026-09-28 15:07:00+00:00,WDAY,0.15,Long
3,2026-09-29 00:00:00+00:00,WDAY,0.13999999999999999,Long
3,2026-09-29 12:30:00+00:00,WDAY,0.19999999999999998,Long
3,2026-09-30 13:00:00+00:00,WDAY,0.24285714285714285,Long
3,2026-09-25 11:03:00+00:00,WDC,0.6,Long
3,2026-09-25 14:03:01+00:00,WDC,0.55,Long
3,2026-09-25 14:20:07+00:00,WDC,0.39999999999999997,Long
3,2026-09-26 03:17:58+00:00,WDC,0.425,Long
3,2026-09-26 17:54:00+00:00,WDC,0.44000000000000006,Long
3,2026-09-26 21:12:47+00:00,WDC,0.45,Long
3,2026-09-28 01:09:48+00:00,WDC,0.4571428571428572,Long
3,2026-09-28 15:03:41+00:00,WDC,0.29999999999999993,Long
3,2026-09-28 17:10:27+00:00,WDC,0.3333333333333333,Long
3,2026-09-28 19:26:36+00:00,WDC,0.35714285714285715,Long
3,2026-09-28 22:54:36+00:00,WDC,0.24999999999999997,Long
3,2026-09-29 00:27:07+00:00,WDC,0.2777777777777778,Long
3,2026-09-29 13:05:06+00:00,WDC,0.16666666666666663,Long
3,2026-09-30 12:00:02+00:00,WDC,0.125,Long
3,2026-10-01 13:10:10+00:00,WDC,0.125,Long
3,2026-09-29 17:30:36+00:00,WMT,0.5,Long
3,2026-09-29 18:42:52+00:00,WMT,0.5,Long
3,2026-09-29 18:50:00+00:00,WMT,0.16666666666666666,Long
3,2026-09-29 20:45:05+00:00,WMT,0.0,Neutral
3,2026-09-29 20:49:02+00:00,WMT,-0.04,Neutral
3,2026-09-29 23:17:00+00:00,WMT,-0.16666666666666666,Short
3,2026-09-30 05:07:51+00:00,WMT,-0.07142857142857142,Neutral
3,2026-09-30 06:47:51+00:00,WMT,0.0,Neutral
3,2026-09-30 07:07:23+00:00,WMT,0.022222222222222223,Neutral
3,2026-09-30 08:52:00+00:00,WMT,0.1,Neutral
3,2026-09-30 13:00:00+00:00,WMT,0.14545454545454548,Long
3,2026-09-30 14:11:00+00:00,WMT,0.19999999999999998,Long
3,2026-09-30 15:55:41+00:00,WMT,0.19230769230769232,Long
3,2026-09-30 16:55:49+00:00,WMT,0.14285714285714285,Long
3,2026-09-30 17:01:00+00:00,WMT,0.16666666666666666,Long
3,2026-10-01 07:30:00+00:00,WMT,0.19375,Long
3,2026-09-29 15:32:00+00:00,XEL,0.5,Long
3,2026-09-30 13:00:00+00:00,XEL,0.5,Long
5,2026-09-25 09:30:22+00:00,AAPL,0.2,Long
5,2026-09-30 13:35:17+00:00,AAPL,0.0,Neutral
5,2026-09-30 13:40:56+00:00,AAPL,-0.3,Short
5,2026-09-30 13:57:00+00:00,AAPL,-0.13333333333333333,Short
5,2026-09-30 14:45:08+00:00,AAPL,0.05,Neutral
5,2026-09-30 15:08:09+00:00,AAPL,0.16,Long
5,2026-09-30 15:29:21+00:00,AAPL,0.2333333333333333,Long
5,2026-09-30 16:24:00+00:00,AAPL,0.2714285714285714,Long
5,2026-09-30 16:46:59+00:00,AAPL,0.3375,Long
5,2026-09-30 17:54:13+00:00,AAPL,0.35555555555555557,Long
5,2026-09-30 17:58:03+00:00,AAPL,0.4,Long
5,2026-09-30 18:04:43+00:00,AAPL,0.4090909090909091,Long
5,2026-09-30 21:06:15+00:00,AAPL,0.4166666666666667,Long
5,2026-10-01 07:16:54+00:00,AAPL,0.43076923076923074,Long
5,2026-10-01 12:30:56+00:00,AAPL,0.41428571428571426,Long
5,2026-09-24 15:00:00+00:00,ABNB,-0.5,Short
5,2026-09-24 15:14:31+00:00,ABNB,-0.55,Short
5,2026-09-24 15:36:47+00:00,ABNB,-0.5666666666666667,Short
5,2026-09-24 20:16:14+00:00,ABNB,-0.375,Short
5,2026-09-24 23:39:41+00:00,ABNB,-0.41999999999999993,Short
5,2026-09-25 11:32:49+00:00,ABNB,-0.26666666666666666,Short
5,2026-09-25 14:57:42+00:00,ABNB,-0.1571428571428571,Short
5,2026-09-25 16:30:09+00:00,ABNB,-0.07499999999999998,Neutral
5,2026-09-27 07:09:51+00:00,ABNB,-0.011111111111111096,Neutral
5,2026-09-27 23:39:48+00:00,ABNB,0.010000000000000014,Neutral
5,2026-09-28 16:00:00+00:00,ABNB,0.05454545454545456,Neutral
5,2026-09-29 19:35:20+00:00,ABNB,0.3111111111111111,Long
5,2026-09-29 19:52:00+00:00,ABNB,0.33999999999999997,Long
5,2026-09-29 23:20:01+00:00,ABNB,0.37,Long
5,2026-09-30 13:25:00+00:00,ABNB,0.47777777777777775,Long
5,2026-09-30 22:13:13+00:00,ABNB,0.475,Long
5,2026-09-28 15:09:42+00:00,ADBE,0.5,Long
5,2026-09-28 15:27:00+00:00,ADBE,0.5,Long
5,2026-09-28 19:41:11+00:00,ADBE,0.5,Long
5,2026-09-28 19:43:15+00:00,ADBE,0.5,Long
5,2026-09-28 19:44:57+00:00,ADBE,0.52,Long
5,2026-09-29 12:00:00+00:00,ADBE,0.5333333333333333,Long
5,2026-09-29 13:30:00+00:00,ADBE,0.5428571428571428,Long
5,2026-09-29 18:15:16+00:00,ADBE,0.4875,Long
5,2026-09-29 18:30:28+00:00,ADBE,0.5222222222222223,Long
5,2026-09-29 19:03:42+00:00,ADBE,0.49000000000000005,Long
5,2026-09-30 01:38:25+00:00,ADBE,0.49090909090909096,Long
5,2026-09-30 08:10:36+00:00,ADBE,0.5166666666666667,Long
5,2026-09-30 08:45:13+00:00,ADBE,0.49230769230769234,Long
5,2026-09-30 12:30:37+00:00,ADBE,0.4928571428571429,Long
5,2026-09-24 14:30:03+00:00,ADI,0.5,Long
5,2026-09-25 14:22:00+00:00,ADI,0.35,Long
5,2026-09-27 17:30:17+00:00,ADI,0.43333333333333335,Long
5,2026-09-28 06:00:00+00:00,ADI,0.45,Long
5,2026-09-28 23:47:19+00:00,ADI,0.4,Long
5,2026-09-29 13:53:00+00:00,ADI,0.4666666666666666,Long
5,2026-09-30 12:12:32+00:00,ADI,0.48333333333333334,Long
5,2026-09-24 15:33:42+00:00,ADP,-0.5,Short
5,2026-09-24 17:58:17+00:00,ADP,0.0,Neutral
5,2026-09-24 20:05:00+00:00,ADP,0.16666666666666666,Long
5,2026-09-25 15:04:37+00:00,ADP,0.175,Long
5,2026-09-28 04:01:00+00:00,ADP,0.18,Long
5,2026-09-28 11:34:57+00:00,ADP,0.18333333333333335,Long
5,2026-09-28 12:00:00+00:00,ADP,0.15714285714285717,Long
5,2026-09-28 13:31:00+00:00,ADP,0.2,Long
5,2026-09-28 15:03:00+00:00,ADP,0.23333333333333334,Long
5,2026-09-29 17:08:22+00:00,ADP,0.3111111111111111,Long
5,2026-09-30 11:37:00+00:00,ADP,0.1625,Long
5,2026-09-30 12:00:00+00:00,ADP,0.14444444444444446,Long
5,2026-09-30 12:15:00+00:00,ADP,0.21000000000000002,Long
5,2026-09-30 12:24:21+00:00,ADP,0.2090909090909091,Long
5,2026-09-30 12:33:55+00:00,ADP,0.2416666666666667,Long
5,2026-09-30 13:42:09+00:00,ADP,0.26153846153846155,Long
5,2026-09-24 19:36:03+00:00,ADSK,-0.6,Short
5,2026-09-24 20:24:58+00:00,ADSK,-0.19999999999999998,Short
5,2026-09-24 22:59:47+00:00,ADSK,0.03333333333333335,Neutral
5,2026-09-25 21:07:50+00:00,ADSK,0.15000000000000002,Long
5,2026-09-26 14:10:41+00:00,ADSK,0.28,Long
5,2026-09-28 05:00:00+00:00,ADSK,0.3166666666666667,Long
5,2026-09-28 16:05:54+00:00,ADSK,0.3428571428571429,Long
5,2026-09-30 15:09:11+00:00,ADSK,0.48,Long
5,2026-09-30 15:17:11+00:00,ADSK,0.39999999999999997,Long
5,2026-09-30 18:44:48+00:00,ADSK,0.2571428571428572,Long
5,2026-09-24 14:53:47+00:00,AEP,0.6,Long
5,2026-09-29 19:19:01+00:00,AEP,0.1,Neutral
5,2026-09-30 00:00:00+00:00,AEP,-0.05,Neutral
5,2026-09-25 03:11:01+00:00,ALAB,0.2,Long
5,2026-09-25 13:55:20+00:00,ALAB,0.35,Long
5,2026-09-25 21:15:01+00:00,ALAB,0.39999999999999997,Long
5,2026-09-29 15:43:34+00:00,ALAB,0.44999999999999996,Long
5,2026-09-30 07:00:00+00:00,ALAB,0.45,Long
5,2026-09-30 09:04:02+00:00,ALAB,0.52,Long
5,2026-09-30 11:11:00+00:00,ALAB,0.5666666666666668,Long
5,2026-09-30 12:40:04+00:00,ALAB,0.4142857142857143,Long
5,2026-09-25 00:36:00+00:00,ALNY,0.5,Long
5,2026-09-28 09:43:00+00:00,ALNY,0.65,Long
5,2026-09-28 13:57:00+00:00,ALNY,0.6,Long
5,2026-09-29 13:00:00+00:00,ALNY,0.575,Long
5,2026-09-25 04:25:30+00:00,AMAT,0.2,Long
5,2026-09-26 05:12:14+00:00,AMAT,0.2,Long
5,2026-09-28 06:18:09+00:00,AMAT,0.3,Long
5,2026-09-28 08:16:13+00:00,AMAT,0.35,Long
5,2026-09-28 11:30:02+00:00,AMAT,0.38,Long
5,2026-09-28 12:55:03+00:00,AMAT,0.39999999999999997,Long
5,2026-09-29 15:07:00+00:00,AMAT,0.41428571428571426,Long
5,2026-09-29 18:17:12+00:00,AMAT,0.4625,Long
5,2026-09-29 20:05:00+00:00,AMAT,0.4666666666666667,Long
5,2026-09-30 02:21:03+00:00,AMAT,0.48,Long
5,2026-09-30 08:09:47+00:00,AMAT,0.51,Long
5,2026-09-30 12:30:02+00:00,AMAT,0.5181818181818182,Long
5,2026-10-01 13:00:00+00:00,AMAT,0.5545454545454546,Long
5,2026-09-27 20:14:07+00:00,AMD,-0.6,Short
5,2026-09-29 10:17:06+00:00,AMD,-0.19999999999999998,Short
5,2026-09-29 11:09:14+00:00,AMD,0.13333333333333336,Long
5,2026-09-30 14:00:00+00:00,AMD,0.22500000000000003,Long
5,2026-09-30 14:14:00+00:00,AMD,0.22000000000000003,Long
5,2026-09-30 14:15:03+00:00,AMD,0.08333333333333337,Neutral
5,2026-09-30 14:24:31+00:00,AMD,3.172065784643304e-17,Neutral
5,2026-09-30 14:28:05+00:00,AMD,0.06250000000000003,Neutral
5,2026-09-30 16:29:13+00:00,AMD,0.12222222222222223,Long
5,2026-09-30 17:00:41+00:00,AMD,0.13000000000000003,Long
5,2026-09-30 17:23:00+00:00,AMD,0.17272727272727273,Long
5,2026-09-30 17:52:10+00:00,AMD,0.225,Long
5,2026-09-30 17:56:57+00:00,AMD,0.15384615384615385,Long
5,2026-09-30 20:48:55+00:00,AMD,0.18571428571428572,Long
5,2026-10-01 11:15:41+00:00,AMD,0.14,Long
5,2026-10-01 12:45:02+00:00,AMD,0.16875,Long
5,2026-09-25 12:00:04+00:00,AMGN,0.5,Long
5,2026-09-25 14:00:00+00:00,AMGN,0.65,Long
5,2026-09-25 17:13:11+00:00,AMGN,0.46666666666666673,Long
5,2026-09-25 20:50:02+00:00,AMGN,0.475,Long
5,2026-09-25 22:00:00+00:00,AMGN,0.48,Long
5,2026-09-27 12:46:00+00:00,AMGN,0.5,Long
5,2026-09-27 19:55:55+00:00,AMGN,0.5,Long
5,2026-09-27 20:34:31+00:00,AMGN,0.5125,Long
5,2026-09-28 12:00:00+00:00,AMGN,0.5444444444444445,Long
5,2026-09-28 12:12:00+00:00,AMGN,0.54,Long
5,2026-09-28 19:55:35+00:00,AMGN,0.509090909090909,Long
5,2026-09-29 00:08:30+00:00,AMGN,0.47500000000000003,Long
5,2026-09-29 01:27:17+00:00,AMGN,0.4538461538461539,Long
5,2026-09-29 12:06:00+00:00,AMGN,0.4571428571428572,Long
5,2026-09-29 13:03:17+00:00,AMGN,0.39333333333333337,Long
5,2026-09-29 16:23:35+00:00,AMGN,0.4,Long
5,2026-09-29 18:43:14+00:00,AMGN,0.388235294117647,Long
5,2026-09-30 13:30:00+00:00,AMGN,0.3941176470588235,Long
5,2026-10-01 08:29:07+00:00,AMGN,0.37857142857142856,Long
5,2026-09-30 16:57:51+00:00,AMZN,0.8,Long
5,2026-09-30 17:26:50+00:00,AMZN,0.5,Long
5,2026-09-30 18:01:56+00:00,AMZN,0.16666666666666666,Long
5,2026-09-30 18:09:21+00:00,AMZN,0.325,Long
5,2026-09-30 19:33:19+00:00,AMZN,0.36,Long
5,2026-09-30 20:00:00+00:00,AMZN,0.3833333333333333,Long
5,2026-10-01 10:38:38+00:00,AMZN,0.4428571428571429,Long
5,2026-10-01 11:01:01+00:00,AMZN,0.45,Long
5,2026-10-01 12:37:48+00:00,AMZN,0.4555555555555555,Long
5,2026-10-01 12:45:28+00:00,AMZN,0.36,Long
5,2026-10-01 13:05:34+00:00,AMZN,0.33636363636363636,Long
5,2026-10-01 13:41:07+00:00,AMZN,0.30833333333333335,Long
5,2026-09-24 18:46:53+00:00,APP,0.2,Long
5,2026-09-24 19:09:33+00:00,APP,-0.19999999999999998,Short
5,2026-09-25 06:52:39+00:00,APP,-0.06666666666666665,Neutral
5,2026-09-25 12:00:07+00:00,APP,0.07500000000000001,Neutral
5,2026-09-26 05:20:00+00:00,APP,-0.039999999999999994,Neutral
5,2026-09-26 07:12:27+00:00,APP,0.05000000000000001,Neutral
5,2026-09-26 08:08:49+00:00,APP,0.1142857142857143,Long
5,2026-09-26 22:09:28+00:00,APP,0.125,Long
5,2026-09-27 10:13:32+00:00,APP,0.022222222222222216,Neutral
5,2026-09-27 11:43:03+00:00,APP,-0.04,Neutral
5,2026-09-27 20:32:58+00:00,APP,-0.08181818181818182,Neutral
5,2026-09-28 10:30:36+00:00,APP,-0.05833333333333333,Neutral
5,2026-09-28 13:15:31+00:00,APP,-0.007692307692307699,Neutral
5,2026-09-28 13:41:07+00:00,APP,-5.9476233462061954e-18,Neutral
5,2026-09-28 19:29:26+00:00,APP,0.013333333333333329,Neutral
5,2026-09-29 15:22:01+00:00,APP,0.049999999999999996,Neutral
5,2026-09-30 15:48:47+00:00,APP,0.0,Neutral
5,2026-09-30 20:54:22+00:00,APP,0.03571428571428571,Neutral
5,2026-09-26 11:00:00+00:00,ARM,0.0,Neutral
5,2026-09-26 17:36:00+00:00,ARM,0.1,Neutral
5,2026-09-28 15:17:53+00:00,ARM,-0.09999999999999999,Neutral
5,2026-09-28 15:51:29+00:00,ARM,-0.275,Short
5,2026-09-28 18:44:57+00:00,ARM,-0.3,Short
5,2026-09-28 21:37:15+00:00,ARM,-0.21666666666666667,Short
5,2026-09-29 06:09:35+00:00,ARM,-0.1142857142857143,Short
5,2026-09-29 08:30:00+00:00,ARM,-0.1,Neutral
5,2026-09-29 09:09:11+00:00,ARM,0.0,Neutral
5,2026-09-29 12:08:07+00:00,ARM,-0.08,Neutral
5,2026-09-29 15:30:00+00:00,ARM,-0.02727272727272728,Neutral
5,2026-09-29 18:49:31+00:00,ARM,0.016666666666666663,Neutral
5,2026-09-30 15:20:04+00:00,ARM,-0.02307692307692308,Neutral
5,2026-09-30 18:00:32+00:00,ARM,-0.007142857142857145,Neutral
5,2026-09-30 22:05:00+00:00,ARM,0.026666666666666665,Neutral
5,2026-10-01 12:09:22+00:00,ARM,0.05999999999999999,Neutral
5,2026-09-25 04:07:17+00:00,ASML,0.5,Long
5,2026-09-25 12:14:30+00:00,ASML,0.55,Long
5,2026-09-26 10:10:00+00:00,ASML,0.5333333333333333,Long
5,2026-09-26 16:20:01+00:00,ASML,0.45,Long
5,2026-09-26 23:08:14+00:00,ASML,0.45999999999999996,Long
5,2026-09-27 16:00:21+00:00,ASML,0.5166666666666667,Long
5,2026-09-28 09:36:00+00:00,ASML,0.5571428571428572,Long
5,2026-09-28 12:00:00+00:00,ASML,0.48750000000000004,Long
5,2026-09-28 20:50:05+00:00,ASML,0.48888888888888893,Long
5,2026-09-29 07:37:42+00:00,ASML,0.42000000000000004,Long
5,2026-09-29 09:40:58+00:00,ASML,0.43636363636363634,Long
5,2026-09-29 15:07:44+00:00,ASML,0.3833333333333333,Long
5,2026-09-29 18:48:36+00:00,ASML,0.4,Long
5,2026-09-29 19:30:56+00:00,ASML,0.40714285714285714,Long
5,2026-09-30 10:11:54+00:00,ASML,0.33571428571428574,Long
5,2026-09-30 11:20:01+00:00,ASML,0.3266666666666667,Long
5,2026-09-30 12:00:06+00:00,ASML,0.31875,Long
5,2026-09-30 12:05:40+00:00,ASML,0.27058823529411763,Long
5,2026-09-30 15:12:11+00:00,ASML,0.20588235294117646,Long
5,2026-09-30 11:37:27+00:00,AVGO,0.8,Long
5,2026-09-30 12:12:31+00:00,AVGO,0.15000000000000002,Long
5,2026-09-30 12:45:58+00:00,AVGO,-0.09999999999999998,Neutral
5,2026-09-30 13:19:01+00:00,AVGO,-0.02499999999999998,Neutral
5,2026-09-30 15:21:36+00:00,AVGO,0.08000000000000002,Neutral
5,2026-09-30 18:12:05+00:00,AVGO,0.15000000000000002,Long
5,2026-09-30 19:15:32+00:00,AVGO,0.2,Long
5,2026-10-01 10:55:30+00:00,AVGO,0.18750000000000003,Long
5,2026-10-01 11:22:00+00:00,AVGO,0.2222222222222222,Long
5,2026-09-25 00:16:58+00:00,AXON,-0.6,Short
5,2026-09-25 20:50:04+00:00,AXON,-0.55,Short
5,2026-09-29 18:58:34+00:00,AXON,-0.6333333333333333,Short
5,2026-09-30 12:00:04+00:00,AXON,-0.26666666666666666,Short
5,2026-09-24 21:37:06+00:00,BKNG,0.0,Neutral
5,2026-09-24 23:19:33+00:00,BKNG,0.0,Neutral
5,2026-09-25 06:30:00+00:00,BKNG,0.16666666666666666,Long
5,2026-09-26 02:00:00+00:00,BKNG,0.325,Long
5,2026-09-26 15:42:15+00:00,BKNG,0.36,Long
5,2026-09-28 02:00:00+00:00,BKNG,0.3833333333333333,Long
5,2026-09-29 13:00:00+00:00,BKNG,0.41428571428571426,Long
5,2026-09-29 13:00:00+00:00,BKNG,0.425,Long
5,2026-09-29 14:15:00+00:00,BKNG,0.4666666666666667,Long
5,2026-09-29 18:57:00+00:00,BKNG,0.44000000000000006,Long
5,2026-09-30 03:32:00+00:00,BKNG,0.5444444444444445,Long
5,2026-10-01 09:17:07+00:00,BKNG,0.5125000000000001,Long
5,2026-09-25 17:15:00+00:00,BKR,0.5,Long
5,2026-09-26 00:01:00+00:00,BKR,0.0,Neutral
5,2026-09-27 20:05:56+00:00,BKR,0.06666666666666667,Neutral
5,2026-09-28 11:00:00+00:00,BKR,0.05,Neutral
5,2026-09-28 14:00:00+00:00,BKR,0.2,Long
5,2026-09-28 15:35:00+00:00,BKR,0.26666666666666666,Long
5,2026-09-28 17:46:43+00:00,BKR,0.2285714285714286,Long
5,2026-09-29 10:21:13+00:00,BKR,0.275,Long
5,2026-09-30 13:09:13+00:00,BKR,0.26666666666666666,Long
5,2026-09-24 20:17:38+00:00,CCEP,0.5,Long
5,2026-09-29 17:05:00+00:00,CCEP,0.65,Long
5,2026-09-24 20:02:30+00:00,CDNS,0.5,Long
5,2026-09-24 20:18:23+00:00,CDNS,0.35,Long
5,2026-09-25 00:37:37+00:00,CDNS,0.3,Long
5,2026-09-25 14:12:34+00:00,CDNS,0.275,Long
5,2026-09-25 20:20:00+00:00,CDNS,0.22000000000000003,Long
5,2026-09-25 20:50:03+00:00,CDNS,0.26666666666666666,Long
5,2026-09-28 06:18:00+00:00,CDNS,0.2571428571428572,Long
5,2026-09-28 11:00:03+00:00,CDNS,0.2875,Long
5,2026-09-28 17:35:00+00:00,CDNS,0.3222222222222222,Long
5,2026-09-29 12:00:03+00:00,CDNS,0.33999999999999997,Long
5,2026-09-30 23:28:35+00:00,CDNS,0.4,Long
5,2026-10-01 12:27:00+00:00,CDNS,0.4666666666666666,Long
5,2026-09-24 22:16:15+00:00,CEG,0.5,Long
5,2026-09-25 00:30:14+00:00,CEG,0.35,Long
5,2026-09-25 04:11:42+00:00,CEG,0.39999999999999997,Long
5,2026-09-25 15:04:00+00:00,CEG,0.35,Long
5,2026-09-28 12:00:06+00:00,CEG,0.38,Long
5,2026-09-28 16:32:00+00:00,CEG,0.39999999999999997,Long
5,2026-09-28 20:45:03+00:00,CEG,0.2714285714285714,Long
5,2026-09-29 13:10:02+00:00,CEG,0.2625,Long
5,2026-09-29 14:30:00+00:00,CEG,0.23333333333333334,Long
5,2026-09-29 15:00:53+00:00,CEG,0.26,Long
5,2026-09-30 09:06:52+00:00,CEG,0.2375,Long
5,2026-09-30 20:44:46+00:00,CEG,0.2875,Long
5,2026-09-30 21:02:00+00:00,CEG,0.3222222222222222,Long
5,2026-10-01 04:21:14+00:00,CEG,0.33999999999999997,Long
5,2026-10-01 10:03:00+00:00,CEG,0.32727272727272727,Long
5,2026-10-01 11:15:40+00:00,CEG,0.3666666666666667,Long
5,2026-10-01 11:15:53+00:00,CEG,0.38461538461538464,Long
5,2026-10-01 12:00:05+00:00,CEG,0.39285714285714285,Long
5,2026-09-25 21:35:55+00:00,CMCSA,0.1,Neutral
5,2026-09-26 12:08:36+00:00,CMCSA,0.1,Neutral
5,2026-09-27 11:10:33+00:00,CMCSA,0.13333333333333333,Long
5,2026-09-27 13:10:08+00:00,CMCSA,-0.04999999999999999,Neutral
5,2026-09-27 14:00:49+00:00,CMCSA,-0.13999999999999999,Short
5,2026-09-28 12:00:02+00:00,CMCSA,-0.033333333333333326,Neutral
5,2026-09-28 13:15:00+00:00,CMCSA,0.08571428571428573,Neutral
5,2026-09-28 14:00:00+00:00,CMCSA,0.1375,Long
5,2026-09-28 20:00:00+00:00,CMCSA,0.21111111111111114,Long
5,2026-09-29 11:09:46+00:00,CMCSA,0.24000000000000005,Long
5,2026-09-29 11:55:14+00:00,CMCSA,0.17272727272727273,Long
5,2026-09-29 12:00:00+00:00,CMCSA,0.20000000000000004,Long
5,2026-09-29 13:30:00+00:00,CMCSA,0.24615384615384617,Long
5,2026-09-29 13:44:35+00:00,CMCSA,0.19285714285714287,Long
5,2026-09-29 15:03:37+00:00,CMCSA,0.23333333333333334,Long
5,2026-09-29 16:01:34+00:00,CMCSA,0.18125000000000002,Long
5,2026-09-29 16:41:00+00:00,CMCSA,0.2,Long
5,2026-09-29 20:54:57+00:00,CMCSA,0.23333333333333334,Long
5,2026-09-30 12:00:00+00:00,CMCSA,0.2473684210526316,Long
5,2026-10-01 12:00:00+00:00,CMCSA,0.26842105263157895,Long
5,2026-09-24 14:54:24+00:00,COST,0.2,Long
5,2026-09-24 21:42:22+00:00,COST,0.5,Long
5,2026-09-26 04:30:26+00:00,COST,0.5,Long
5,2026-09-26 15:40:50+00:00,COST,0.425,Long
5,2026-09-28 23:08:42+00:00,COST,0.44000000000000006,Long
5,2026-09-28 23:37:00+00:00,COST,0.25,Long
5,2026-09-29 01:09:27+00:00,COST,0.24285714285714285,Long
5,2026-09-29 02:23:01+00:00,COST,0.225,Long
5,2026-09-29 06:09:40+00:00,COST,0.2888888888888889,Long
5,2026-09-29 07:14:36+00:00,COST,0.27,Long
5,2026-09-29 08:31:01+00:00,COST,0.29090909090909095,Long
5,2026-09-29 08:55:01+00:00,COST,0.2833333333333333,Long
5,2026-09-29 11:03:00+00:00,COST,0.3076923076923077,Long
5,2026-09-29 14:22:00+00:00,COST,0.34285714285714286,Long
5,2026-09-29 15:01:00+00:00,COST,0.38571428571428573,Long
5,2026-09-29 15:20:00+00:00,COST,0.41333333333333333,Long
5,2026-09-29 16:31:33+00:00,COST,0.41875,Long
5,2026-09-29 16:50:00+00:00,COST,0.4294117647058823,Long
5,2026-09-30 00:37:00+00:00,COST,0.38823529411764707,Long
5,2026-09-30 13:00:52+00:00,COST,0.41111111111111115,Long
5,2026-09-30 13:15:00+00:00,COST,0.41578947368421054,Long
5,2026-09-30 14:07:00+00:00,COST,0.42000000000000004,Long
5,2026-09-30 14:36:37+00:00,COST,0.4095238095238095,Long
5,2026-09-25 21:15:02+00:00,CPRT,-0.5,Short
5,2026-09-29 09:19:01+00:00,CPRT,-0.15,Short
5,2026-10-01 12:00:00+00:00,CPRT,0.2,Long
5,2026-09-29 17:30:00+00:00,CRWD,0.5,Long
5,2026-09-29 19:08:46+00:00,CRWD,0.55,Long
5,2026-09-29 19:30:04+00:00,CRWD,0.43333333333333335,Long
5,2026-09-29 20:54:54+00:00,CRWD,0.45,Long
5,2026-09-30 00:21:07+00:00,CRWD,0.4,Long
5,2026-09-30 02:57:09+00:00,CRWD,0.4166666666666667,Long
5,2026-09-30 11:13:45+00:00,CRWD,0.42857142857142855,Long
5,2026-09-30 11:15:11+00:00,CRWD,0.4375,Long
5,2026-09-30 12:29:19+00:00,CRWD,0.47777777777777775,Long
5,2026-09-30 12:45:13+00:00,CRWD,0.45,Long
5,2026-09-30 13:15:24+00:00,CRWD,0.4636363636363636,Long
5,2026-09-30 15:41:53+00:00,CRWD,0.4916666666666667,Long
5,2026-09-30 21:14:47+00:00,CRWD,0.4153846153846154,Long
5,2026-09-30 23:14:30+00:00,CRWD,0.42142857142857143,Long
5,2026-09-29 18:25:00+00:00,CRWV,0.1,Neutral
5,2026-09-30 11:10:22+00:00,CRWV,0.45,Long
5,2026-09-30 13:00:00+00:00,CRWV,0.5666666666666668,Long
5,2026-09-30 13:00:00+00:00,CRWV,0.55,Long
5,2026-09-30 13:00:00+00:00,CRWV,0.54,Long
5,2026-09-30 13:00:00+00:00,CRWV,0.5333333333333333,Long
5,2026-09-30 13:00:00+00:00,CRWV,0.5285714285714286,Long
5,2026-09-30 13:16:39+00:00,CRWV,0.4,Long
5,2026-09-30 13:16:48+00:00,CRWV,0.30000000000000004,Long
5,2026-09-30 13:53:28+00:00,CRWV,0.32,Long
5,2026-09-30 14:47:40+00:00,CRWV,0.33636363636363636,Long
5,2026-09-30 15:17:55+00:00,CRWV,0.35000000000000003,Long
5,2026-09-30 17:48:00+00:00,CRWV,0.3384615384615385,Long
5,2026-09-30 17:53:29+00:00,CRWV,0.37142857142857144,Long
5,2026-10-01 02:09:22+00:00,CRWV,0.38,Long
5,2026-10-01 12:45:47+00:00,CRWV,0.30625,Long
5,2026-09-28 19:30:16+00:00,CSCO,-0.3,Short
5,2026-09-28 21:41:30+00:00,CSCO,0.1,Neutral
5,2026-09-29 09:05:00+00:00,CSCO,0.3333333333333333,Long
5,2026-09-29 12:00:00+00:00,CSCO,0.375,Long
5,2026-09-29 13:05:00+00:00,CSCO,0.33999999999999997,Long
5,2026-09-29 13:25:50+00:00,CSCO,0.3666666666666667,Long
5,2026-09-29 15:53:00+00:00,CSCO,0.38571428571428573,Long
5,2026-09-29 15:55:00+00:00,CSCO,0.4125,Long
5,2026-09-29 15:58:00+00:00,CSCO,0.4555555555555555,Long
5,2026-09-29 16:39:56+00:00,CSCO,0.45999999999999996,Long
5,2026-09-29 18:52:46+00:00,CSCO,0.3727272727272727,Long
5,2026-09-29 21:41:56+00:00,CSCO,0.35000000000000003,Long
5,2026-09-29 22:08:12+00:00,CSCO,0.36153846153846153,Long
5,2026-09-30 11:54:14+00:00,CSCO,0.33571428571428574,Long
5,2026-09-30 13:55:11+00:00,CSCO,0.31333333333333335,Long
5,2026-09-30 15:00:30+00:00,CSCO,0.29375,Long
5,2026-09-30 17:53:18+00:00,CSCO,0.27647058823529413,Long
5,2026-09-30 23:11:59+00:00,CSCO,0.27222222222222225,Long
5,2026-09-25 13:27:08+00:00,CSX,0.5,Long
5,2026-09-27 18:45:16+00:00,CSX,0.55,Long
5,2026-09-30 10:37:13+00:00,CSX,0.43333333333333335,Long
5,2026-10-01 11:57:07+00:00,CSX,0.10000000000000002,Long
5,2026-09-24 18:20:57+00:00,CTAS,0.2,Long
5,2026-09-25 12:40:00+00:00,CTAS,0.5,Long
5,2026-09-25 15:14:52+00:00,CTAS,0.6,Long
5,2026-09-28 22:38:33+00:00,CTAS,0.6,Long
5,2026-09-29 00:17:37+00:00,CTAS,0.58,Long
5,2026-09-30 10:00:00+00:00,CTAS,0.6399999999999999,Long
5,2026-09-30 10:37:55+00:00,CTAS,0.5333333333333333,Long
5,2026-09-27 22:11:13+00:00,DASH,0.2,Long
5,2026-09-28 12:44:44+00:00,DASH,0.2,Long
5,2026-09-28 15:00:00+00:00,DASH,0.3,Long
5,2026-09-28 18:55:39+00:00,DASH,0.275,Long
5,2026-09-28 21:39:23+00:00,DASH,0.08000000000000003,Neutral
5,2026-09-29 01:02:36+00:00,DASH,-0.016666666666666646,Neutral
5,2026-09-29 01:18:36+00:00,DASH,-0.09999999999999998,Neutral
5,2026-09-29 10:00:00+00:00,DASH,-0.012499999999999983,Neutral
5,2026-09-29 13:12:02+00:00,DASH,0.011111111111111127,Neutral
5,2026-09-29 16:43:18+00:00,DASH,0.06000000000000001,Neutral
5,2026-09-30 12:50:00+00:00,DASH,0.1,Neutral
5,2026-09-30 13:00:00+00:00,DASH,0.10833333333333334,Long
5,2026-09-30 13:00:00+00:00,DASH,0.14615384615384616,Long
5,2026-09-30 13:00:00+00:00,DASH,0.17142857142857146,Long
5,2026-09-30 13:00:00+00:00,DASH,0.2,Long
5,2026-09-30 13:00:00+00:00,DASH,0.225,Long
5,2026-09-30 13:00:00+00:00,DASH,0.24117647058823527,Long
5,2026-09-30 15:45:29+00:00,DASH,0.2611111111111111,Long
5,2026-09-30 19:12:36+00:00,DASH,0.2578947368421053,Long
5,2026-10-01 11:01:07+00:00,DASH,0.27,Long
5,2026-09-25 00:19:52+00:00,DDOG,0.5,Long
5,2026-09-25 11:37:00+00:00,DDOG,0.5,Long
5,2026-09-25 12:00:05+00:00,DDOG,0.5,Long
5,2026-09-25 12:04:53+00:00,DDOG,0.5,Long
5,2026-09-25 18:06:30+00:00,DDOG,0.44000000000000006,Long
5,2026-09-26 03:12:37+00:00,DDOG,0.4666666666666666,Long
5,2026-09-28 12:12:06+00:00,DDOG,0.4714285714285714,Long
5,2026-09-28 13:45:51+00:00,DDOG,0.35,Long
5,2026-09-28 15:35:00+00:00,DDOG,0.36666666666666664,Long
5,2026-09-28 16:30:52+00:00,DDOG,0.32999999999999996,Long
5,2026-09-28 22:09:52+00:00,DDOG,0.3090909090909091,Long
5,2026-09-29 03:14:06+00:00,DDOG,0.325,Long
5,2026-09-29 14:51:17+00:00,DDOG,0.34615384615384615,Long
5,2026-09-30 00:11:02+00:00,DDOG,0.33571428571428574,Long
5,2026-09-30 04:38:27+00:00,DDOG,0.33571428571428574,Long
5,2026-09-30 11:49:13+00:00,DDOG,0.31428571428571433,Long
5,2026-09-25 00:20:09+00:00,DXCM,0.5,Long
5,2026-09-25 11:36:37+00:00,DXCM,0.5,Long
5,2026-09-28 06:00:00+00:00,DXCM,0.5,Long
5,2026-09-28 07:00:00+00:00,DXCM,0.575,Long
5,2026-09-28 20:36:00+00:00,DXCM,0.62,Long
5,2026-09-29 14:06:00+00:00,DXCM,0.43333333333333335,Long
5,2026-09-24 23:30:00+00:00,EXC,0.8,Long
5,2026-09-25 14:11:34+00:00,FANG,0.5,Long
5,2026-09-25 15:00:00+00:00,FANG,0.5,Long
5,2026-09-29 02:35:00+00:00,FANG,0.6,Long
5,2026-09-29 13:52:02+00:00,FANG,0.575,Long
5,2026-09-30 00:00:00+00:00,FANG,0.48,Long
5,2026-09-30 11:40:00+00:00,FANG,0.48333333333333334,Long
5,2026-09-30 14:00:00+00:00,FANG,0.41428571428571426,Long
5,2026-09-30 14:00:00+00:00,FANG,0.3625,Long
5,2026-09-28 13:11:47+00:00,FAST,0.5,Long
5,2026-09-28 20:05:00+00:00,FAST,0.25,Long
5,2026-09-29 09:15:21+00:00,FAST,-0.033333333333333326,Neutral
5,2026-09-29 10:50:00+00:00,FAST,0.1,Neutral
5,2026-09-29 13:05:35+00:00,FAST,0.1,Neutral
5,2026-09-28 04:51:35+00:00,FER,0.2,Long
5,2026-09-30 21:38:00+00:00,FER,0.35,Long
5,2026-09-25 16:24:40+00:00,FTNT,0.2,Long
5,2026-09-25 20:25:53+00:00,FTNT,0.2,Long
5,2026-09-25 20:45:06+00:00,FTNT,-0.033333333333333326,Neutral
5,2026-09-26 21:11:58+00:00,FTNT,6.938893903907228e-18,Neutral
5,2026-09-27 15:25:00+00:00,FTNT,0.12,Long
5,2026-09-28 05:00:02+00:00,FTNT,0.2333333333333333,Long
5,2026-09-28 16:08:07+00:00,FTNT,0.21428571428571427,Long
5,2026-09-28 22:11:30+00:00,FTNT,0.2125,Long
5,2026-09-29 10:00:00+00:00,FTNT,0.24444444444444446,Long
5,2026-09-29 12:54:00+00:00,FTNT,0.24,Long
5,2026-09-30 12:00:00+00:00,FTNT,0.2727272727272727,Long
5,2026-09-30 12:57:00+00:00,FTNT,0.2916666666666667,Long
5,2026-09-30 19:14:08+00:00,FTNT,0.31666666666666665,Long
5,2026-10-01 13:02:00+00:00,FTNT,0.4272727272727272,Long
5,2026-09-26 15:17:00+00:00,GEHC,0.6,Long
5,2026-09-28 10:24:00+00:00,GEHC,0.55,Long
5,2026-09-28 17:31:00+00:00,GEHC,0.5666666666666667,Long
5,2026-09-28 19:34:36+00:00,GEHC,0.425,Long
5,2026-09-30 06:56:00+00:00,GEHC,0.5,Long
5,2026-09-27 23:09:17+00:00,GILD,0.2,Long
5,2026-09-27 23:12:45+00:00,GILD,0.2,Long
5,2026-09-27 23:16:08+00:00,GILD,0.2,Long
5,2026-09-27 23:20:05+00:00,GILD,0.275,Long
5,2026-09-28 13:11:34+00:00,GILD,0.26,Long
5,2026-09-28 18:08:25+00:00,GILD,0.3,Long
5,2026-09-28 18:45:06+00:00,GILD,0.32857142857142857,Long
5,2026-09-28 23:52:03+00:00,GILD,0.3125,Long
5,2026-09-29 09:22:00+00:00,GILD,0.36666666666666664,Long
5,2026-09-29 13:00:00+00:00,GILD,0.38,Long
5,2026-09-30 08:47:00+00:00,GILD,0.41818181818181815,Long
5,2026-09-30 17:16:25+00:00,GOOG,0.2,Long
5,2026-09-30 17:58:43+00:00,GOOG,-0.15,Short
5,2026-09-30 20:30:29+00:00,GOOG,-0.3,Short
5,2026-10-01 12:17:21+00:00,GOOG,-0.1,Neutral
5,2026-10-01 12:37:42+00:00,GOOG,0.019999999999999997,Neutral
5,2026-10-01 12:45:09+00:00,GOOG,0.11666666666666665,Long
5,2026-10-01 12:45:41+00:00,GOOG,0.028571428571428564,Neutral
5,2026-10-01 13:08:39+00:00,GOOG,0.049999999999999996,Neutral
5,2026-10-01 13:47:53+00:00,GOOG,0.05555555555555555,Neutral
5,2026-09-30 09:58:52+00:00,GOOGL,0.6,Long
5,2026-09-30 16:07:35+00:00,GOOGL,0.55,Long
5,2026-09-30 19:23:31+00:00,GOOGL,0.43333333333333335,Long
5,2026-09-30 22:35:21+00:00,GOOGL,0.2,Long
5,2026-10-01 06:43:50+00:00,GOOGL,0.32,Long
5,2026-10-01 08:55:12+00:00,GOOGL,0.35000000000000003,Long
5,2026-10-01 12:01:00+00:00,GOOGL,0.4142857142857143,Long
5,2026-10-01 12:48:19+00:00,GOOGL,0.3875,Long
5,2026-10-01 13:26:14+00:00,GOOGL,0.2777777777777778,Long
5,2026-09-24 16:05:02+00:00,HON,0.2,Long
5,2026-09-24 19:25:06+00:00,HON,0.15000000000000002,Long
5,2026-09-25 00:48:24+00:00,HON,0.16666666666666666,Long
5,2026-09-25 08:26:00+00:00,HON,0.325,Long
5,2026-09-25 15:04:00+00:00,HON,0.36,Long
5,2026-09-25 17:03:00+00:00,HON,0.3,Long
5,2026-09-26 19:08:11+00:00,HON,0.32857142857142857,Long
5,2026-09-26 22:07:42+00:00,HON,0.3875,Long
5,2026-09-27 10:01:58+00:00,HON,0.41111111111111115,Long
5,2026-09-28 03:10:13+00:00,HON,0.39,Long
5,2026-09-28 08:09:00+00:00,HON,0.4090909090909091,Long
5,2026-09-28 09:18:00+00:00,HON,0.425,Long
5,2026-09-28 18:17:36+00:00,HON,0.4,Long
5,2026-09-29 19:12:00+00:00,HON,0.34615384615384615,Long
5,2026-09-30 11:30:00+00:00,HON,0.38181818181818183,Long
5,2026-09-30 13:29:04+00:00,HON,0.39166666666666666,Long
5,2026-09-29 12:00:00+00:00,HONA,0.0,Neutral
5,2026-09-30 13:00:00+00:00,IDXX,0.5,Long
5,2026-09-29 16:31:08+00:00,INTC,0.5,Long
5,2026-09-29 18:04:00+00:00,INTC,0.5,Long
5,2026-09-29 19:30:00+00:00,INTC,0.5,Long
5,2026-09-30 07:48:55+00:00,INTC,0.575,Long
5,2026-09-30 11:15:56+00:00,INTC,0.58,Long
5,2026-09-30 12:45:13+00:00,INTC,0.5166666666666667,Long
5,2026-09-30 13:47:17+00:00,INTC,0.5285714285714286,Long
5,2026-09-30 14:17:33+00:00,INTC,0.4625,Long
5,2026-09-30 15:39:14+00:00,INTC,0.4222222222222222,Long
5,2026-09-30 17:27:33+00:00,INTC,0.44000000000000006,Long
5,2026-09-30 18:51:54+00:00,INTC,0.4090909090909091,Long
5,2026-10-01 12:13:38+00:00,INTC,0.44166666666666665,Long
5,2026-09-24 14:30:03+00:00,INTU,-0.5,Short
5,2026-09-26 15:32:54+00:00,INTU,-0.15,Short
5,2026-09-26 17:57:44+00:00,INTU,0.06666666666666667,Neutral
5,2026-09-26 18:08:36+00:00,INTU,0.175,Long
5,2026-09-28 14:06:36+00:00,INTU,0.18,Long
5,2026-09-28 20:50:02+00:00,INTU,0.06666666666666667,Neutral
5,2026-09-29 02:30:36+00:00,INTU,0.08571428571428573,Neutral
5,2026-09-29 09:30:04+00:00,INTU,0.1375,Long
5,2026-09-29 11:52:02+00:00,INTU,0.06666666666666668,Neutral
5,2026-09-29 12:02:00+00:00,INTU,0.11000000000000001,Long
5,2026-09-29 13:05:00+00:00,INTU,0.14545454545454548,Long
5,2026-09-29 13:26:02+00:00,INTU,0.08333333333333333,Neutral
5,2026-09-29 14:13:51+00:00,INTU,0.12307692307692308,Long
5,2026-09-29 18:22:54+00:00,INTU,0.2,Long
5,2026-09-30 10:11:08+00:00,INTU,0.22142857142857145,Long
5,2026-09-30 13:05:00+00:00,INTU,0.24666666666666667,Long
5,2026-09-30 18:12:02+00:00,INTU,0.2625,Long
5,2026-10-01 13:33:07+00:00,INTU,0.29411764705882354,Long
5,2026-09-24 18:45:20+00:00,ISRG,0.2,Long
5,2026-09-28 19:27:25+00:00,ISRG,0.35,Long
5,2026-09-29 12:00:02+00:00,ISRG,0.26666666666666666,Long
5,2026-09-29 19:26:58+00:00,ISRG,0.23333333333333336,Long
5,2026-09-29 19:38:00+00:00,ISRG,0.30000000000000004,Long
5,2026-09-30 09:08:45+00:00,ISRG,0.34,Long
5,2026-09-25 11:34:49+00:00,KDP,0.5,Long
5,2026-09-25 19:48:17+00:00,KDP,0.25,Long
5,2026-09-26 14:40:04+00:00,KDP,0.2333333333333333,Long
5,2026-09-28 00:00:00+00:00,KDP,0.2,Long
5,2026-09-28 08:14:23+00:00,KDP,0.06000000000000001,Neutral
5,2026-10-01 00:00:00+00:00,KDP,0.07500000000000001,Neutral
5,2026-10-01 11:00:00+00:00,KDP,0.16,Long
5,2026-09-29 14:02:00+00:00,KLAC,0.5,Long
5,2026-09-25 12:25:26+00:00,LIN,0.5,Long
5,2026-09-25 21:55:06+00:00,LIN,0.5,Long
5,2026-09-29 15:01:59+00:00,LIN,0.5,Long
5,2026-09-30 19:38:50+00:00,LIN,0.16666666666666666,Long
5,2026-09-24 15:23:00+00:00,LITE,0.5,Long
5,2026-09-24 19:07:44+00:00,LITE,0.35,Long
5,2026-09-25 09:09:00+00:00,LITE,0.5,Long
5,2026-09-25 11:53:17+00:00,LITE,0.525,Long
5,2026-09-25 12:55:00+00:00,LITE,0.52,Long
5,2026-09-28 11:42:25+00:00,LITE,0.5166666666666667,Long
5,2026-09-28 20:12:36+00:00,LITE,0.5142857142857143,Long
5,2026-09-29 11:30:02+00:00,LITE,0.5125,Long
5,2026-09-29 15:00:52+00:00,LITE,0.5222222222222223,Long
5,2026-09-29 15:47:00+00:00,LITE,0.48888888888888893,Long
5,2026-09-29 21:32:57+00:00,LITE,0.4666666666666667,Long
5,2026-09-30 11:12:28+00:00,LITE,0.43333333333333335,Long
5,2026-09-30 12:02:52+00:00,LITE,0.3888888888888889,Long
5,2026-09-30 13:40:37+00:00,LITE,0.3555555555555555,Long
5,2026-10-01 10:00:00+00:00,LITE,0.37,Long
5,2026-09-24 14:36:30+00:00,LRCX,0.0,Neutral
5,2026-09-24 23:28:58+00:00,LRCX,-0.25,Short
5,2026-09-25 03:11:43+00:00,LRCX,0.0,Neutral
5,2026-09-25 12:30:04+00:00,LRCX,0.2,Long
5,2026-09-25 20:45:06+00:00,LRCX,0.26,Long
5,2026-09-28 08:09:00+00:00,LRCX,0.31666666666666665,Long
5,2026-09-28 12:29:00+00:00,LRCX,0.34285714285714286,Long
5,2026-09-29 18:50:00+00:00,LRCX,0.41428571428571426,Long
5,2026-09-30 14:07:02+00:00,LRCX,0.41999999999999993,Long
5,2026-09-30 20:05:00+00:00,LRCX,0.3499999999999999,Long
5,2026-09-24 22:26:03+00:00,MAR,0.5,Long
5,2026-09-25 02:33:00+00:00,MAR,0.35,Long
5,2026-09-25 08:54:48+00:00,MAR,0.26666666666666666,Long
5,2026-09-27 00:28:47+00:00,MAR,0.225,Long
5,2026-09-28 21:56:01+00:00,MAR,0.22000000000000003,Long
5,2026-09-24 21:28:58+00:00,MCHP,-0.5,Short
5,2026-09-24 22:32:58+00:00,MCHP,-0.5,Short
5,2026-09-25 04:25:05+00:00,MCHP,-0.26666666666666666,Short
5,2026-09-25 14:12:00+00:00,MCHP,-0.07500000000000001,Neutral
5,2026-09-25 20:56:28+00:00,MCHP,0.039999999999999994,Neutral
5,2026-09-26 03:44:37+00:00,MCHP,0.11666666666666665,Long
5,2026-09-28 06:04:00+00:00,MCHP,0.09999999999999999,Neutral
5,2026-09-29 12:00:00+00:00,MCHP,0.15,Long
5,2026-09-29 12:42:50+00:00,MCHP,0.14444444444444446,Long
5,2026-09-29 22:32:02+00:00,MCHP,0.25555555555555554,Long
5,2026-09-30 17:16:22+00:00,MCHP,0.32857142857142857,Long
5,2026-09-25 02:10:52+00:00,MDLZ,0.2,Long
5,2026-09-25 14:48:00+00:00,MDLZ,0.1,Neutral
5,2026-09-26 16:05:00+00:00,MDLZ,0.2333333333333333,Long
5,2026-09-27 13:40:00+00:00,MDLZ,0.225,Long
5,2026-09-27 20:04:00+00:00,MDLZ,0.27999999999999997,Long
5,2026-09-28 14:34:36+00:00,MDLZ,0.25,Long
5,2026-09-28 14:40:07+00:00,MDLZ,0.2857142857142857,Long
5,2026-09-29 00:10:56+00:00,MDLZ,0.275,Long
5,2026-09-29 11:22:00+00:00,MDLZ,0.18888888888888888,Long
5,2026-09-30 06:46:00+00:00,MDLZ,0.2222222222222222,Long
5,2026-09-24 18:03:00+00:00,MELI,0.5,Long
5,2026-09-24 20:50:04+00:00,MELI,0.0,Neutral
5,2026-09-25 01:14:01+00:00,MELI,-0.19999999999999998,Short
5,2026-09-25 12:32:00+00:00,MELI,-0.09999999999999999,Neutral
5,2026-09-25 12:40:01+00:00,MELI,-0.039999999999999994,Neutral
5,2026-09-26 13:52:24+00:00,MELI,9.25185853854297e-18,Neutral
5,2026-09-28 19:21:16+00:00,MELI,0.014285714285714294,Neutral
5,2026-09-29 10:16:02+00:00,MELI,0.012500000000000008,Neutral
5,2026-09-29 11:42:43+00:00,MELI,0.07777777777777778,Neutral
5,2026-09-29 11:56:00+00:00,MELI,0.15,Long
5,2026-09-24 21:43:02+00:00,META,0.6,Long
5,2026-09-25 14:59:57+00:00,META,0.4,Long
5,2026-09-26 08:21:01+00:00,META,0.3333333333333333,Long
5,2026-09-29 14:12:49+00:00,META,0.1,Neutral
5,2026-09-30 10:06:44+00:00,META,-0.175,Short
5,2026-09-30 13:45:30+00:00,META,-0.039999999999999994,Neutral
5,2026-09-30 13:47:00+00:00,META,0.10000000000000002,Long
5,2026-09-30 13:50:17+00:00,META,0.0142857142857143,Neutral
5,2026-09-30 14:25:06+00:00,META,-0.04999999999999999,Neutral
5,2026-09-30 14:51:48+00:00,META,-0.09999999999999999,Neutral
5,2026-09-30 15:31:53+00:00,META,-0.17777777777777776,Short
5,2026-09-30 16:00:59+00:00,META,-0.10999999999999999,Short
5,2026-09-30 16:10:32+00:00,META,-0.0909090909090909,Neutral
5,2026-09-30 18:05:00+00:00,META,-0.13333333333333333,Short
5,2026-09-30 18:29:00+00:00,META,-0.06153846153846153,Neutral
5,2026-09-30 22:33:21+00:00,META,-0.04999999999999999,Neutral
5,2026-10-01 04:05:00+00:00,META,-0.1,Neutral
5,2026-10-01 10:55:00+00:00,META,-0.14666666666666667,Short
5,2026-10-01 12:00:28+00:00,META,-0.10625000000000001,Short
5,2026-10-01 12:30:00+00:00,META,-0.12941176470588237,Short
5,2026-10-01 12:37:00+00:00,META,-0.15555555555555556,Short
5,2026-09-24 19:53:00+00:00,MNST,-0.5,Short
5,2026-09-24 19:55:19+00:00,MNST,-0.15,Short
5,2026-09-25 00:00:00+00:00,MNST,-0.16666666666666666,Short
5,2026-09-25 08:08:28+00:00,MNST,0.07500000000000001,Neutral
5,2026-09-26 14:53:47+00:00,MNST,0.1,Neutral
5,2026-09-26 22:07:46+00:00,MNST,0.16666666666666666,Long
5,2026-09-28 12:14:36+00:00,MNST,0.17142857142857143,Long
5,2026-09-28 13:27:19+00:00,MNST,0.2125,Long
5,2026-09-28 15:11:14+00:00,MNST,0.24444444444444446,Long
5,2026-09-28 18:53:00+00:00,MNST,0.27,Long
5,2026-09-28 22:01:34+00:00,MNST,0.2545454545454545,Long
5,2026-09-29 12:37:00+00:00,MNST,0.27499999999999997,Long
5,2026-09-29 15:05:00+00:00,MNST,0.21538461538461537,Long
5,2026-09-28 09:26:36+00:00,MPWR,0.2,Long
5,2026-09-28 21:35:06+00:00,MPWR,0.2,Long
5,2026-10-01 09:33:07+00:00,MPWR,0.3,Long
5,2026-09-25 00:00:00+00:00,MRVL,0.1,Neutral
5,2026-09-29 14:00:02+00:00,MRVL,0.35,Long
5,2026-09-29 14:24:02+00:00,MRVL,0.3,Long
5,2026-09-29 19:01:52+00:00,MRVL,0.35,Long
5,2026-09-29 21:52:00+00:00,MRVL,0.38,Long
5,2026-09-30 00:00:02+00:00,MRVL,0.45999999999999996,Long
5,2026-09-30 00:06:42+00:00,MRVL,0.4666666666666666,Long
5,2026-09-30 03:09:02+00:00,MRVL,0.41428571428571426,Long
5,2026-09-30 13:37:00+00:00,MRVL,0.425,Long
5,2026-09-30 14:00:53+00:00,MRVL,0.4666666666666667,Long
5,2026-09-30 20:52:26+00:00,MRVL,0.42000000000000004,Long
5,2026-09-30 15:30:51+00:00,MSFT,0.8,Long
5,2026-09-30 15:34:55+00:00,MSFT,0.5,Long
5,2026-09-30 15:39:02+00:00,MSFT,0.5,Long
5,2026-09-30 15:40:50+00:00,MSFT,0.4,Long
5,2026-09-30 16:15:26+00:00,MSFT,0.48,Long
5,2026-09-30 16:40:00+00:00,MSFT,0.5333333333333333,Long
5,2026-09-30 17:25:46+00:00,MSFT,0.5428571428571428,Long
5,2026-09-30 17:30:20+00:00,MSFT,0.55,Long
5,2026-09-30 17:59:10+00:00,MSFT,0.43333333333333335,Long
5,2026-09-30 18:05:43+00:00,MSFT,0.31,Long
5,2026-09-30 18:23:00+00:00,MSFT,0.32727272727272727,Long
5,2026-09-30 20:09:25+00:00,MSFT,0.3416666666666666,Long
5,2026-10-01 11:15:28+00:00,MSFT,0.37692307692307697,Long
5,2026-10-01 11:30:30+00:00,MSFT,0.31428571428571433,Long
5,2026-10-01 13:05:14+00:00,MSFT,0.2533333333333333,Long
5,2026-10-01 13:42:00+00:00,MSFT,0.26875,Long
5,2026-09-25 00:00:00+00:00,MSTR,0.1,Neutral
5,2026-09-28 00:00:00+00:00,MSTR,0.1,Neutral
5,2026-09-28 15:26:53+00:00,MSTR,0.1,Neutral
5,2026-09-28 15:59:00+00:00,MSTR,0.275,Long
5,2026-09-28 16:00:00+00:00,MSTR,0.32,Long
5,2026-09-28 16:35:13+00:00,MSTR,0.35000000000000003,Long
5,2026-09-28 16:49:28+00:00,MSTR,0.4142857142857143,Long
5,2026-09-28 19:54:00+00:00,MSTR,0.4625,Long
5,2026-09-28 20:13:28+00:00,MSTR,0.4222222222222223,Long
5,2026-09-29 09:56:20+00:00,MSTR,0.43,Long
5,2026-09-29 11:30:50+00:00,MSTR,0.4090909090909091,Long
5,2026-09-29 11:42:37+00:00,MSTR,0.39166666666666666,Long
5,2026-09-29 12:30:17+00:00,MSTR,0.37692307692307697,Long
5,2026-09-29 16:30:24+00:00,MSTR,0.35000000000000003,Long
5,2026-09-29 17:20:01+00:00,MSTR,0.36000000000000004,Long
5,2026-09-30 06:58:31+00:00,MSTR,0.39333333333333337,Long
5,2026-09-30 11:15:58+00:00,MSTR,0.40625000000000006,Long
5,2026-09-30 13:55:00+00:00,MSTR,0.411764705882353,Long
5,2026-09-30 14:13:00+00:00,MSTR,0.43333333333333335,Long
5,2026-10-01 00:00:00+00:00,MSTR,0.41052631578947374,Long
5,2026-10-01 07:09:15+00:00,MSTR,0.4,Long
5,2026-10-01 11:43:55+00:00,MSTR,0.40476190476190477,Long
5,2026-09-30 00:00:00+00:00,MU,0.1,Neutral
5,2026-09-30 13:44:46+00:00,MU,0.15000000000000002,Long
5,2026-09-30 20:10:07+00:00,MU,0.3666666666666667,Long
5,2026-10-01 07:36:23+00:00,MU,0.325,Long
5,2026-10-01 08:20:34+00:00,MU,0.3,Long
5,2026-10-01 08:37:00+00:00,MU,0.16666666666666666,Long
5,2026-10-01 09:00:22+00:00,MU,0.2571428571428572,Long
5,2026-10-01 10:59:00+00:00,MU,0.15000000000000002,Long
5,2026-10-01 11:20:08+00:00,MU,0.15555555555555556,Long
5,2026-10-01 12:06:51+00:00,MU,0.19,Long
5,2026-10-01 12:12:22+00:00,MU,0.24545454545454548,Long
5,2026-10-01 12:50:04+00:00,MU,0.26666666666666666,Long
5,2026-10-01 13:17:00+00:00,MU,0.2846153846153846,Long
5,2026-10-01 13:56:10+00:00,MU,0.2785714285714286,Long
5,2026-09-29 14:15:01+00:00,NBIS,0.2,Long
5,2026-09-29 15:56:40+00:00,NBIS,0.2,Long
5,2026-09-29 18:33:11+00:00,NBIS,0.3,Long
5,2026-09-29 19:07:00+00:00,NBIS,0.375,Long
5,2026-09-29 21:37:01+00:00,NBIS,0.33999999999999997,Long
5,2026-09-30 06:17:00+00:00,NBIS,0.31666666666666665,Long
5,2026-09-30 08:12:03+00:00,NBIS,0.3,Long
5,2026-09-30 10:36:56+00:00,NBIS,0.325,Long
5,2026-09-30 10:41:00+00:00,NBIS,0.3111111111111111,Long
5,2026-09-30 12:17:00+00:00,NBIS,0.32999999999999996,Long
5,2026-09-30 15:22:00+00:00,NBIS,0.3727272727272727,Long
5,2026-09-30 17:23:52+00:00,NBIS,0.3833333333333333,Long
5,2026-10-01 11:00:00+00:00,NBIS,0.3923076923076923,Long
5,2026-09-29 17:15:04+00:00,NFLX,0.8,Long
5,2026-09-29 17:29:22+00:00,NFLX,0.65,Long
5,2026-09-29 18:19:56+00:00,NFLX,0.6,Long
5,2026-09-29 18:23:17+00:00,NFLX,0.5,Long
5,2026-09-29 18:32:00+00:00,NFLX,0.5,Long
5,2026-09-29 19:01:39+00:00,NFLX,0.5499999999999999,Long
5,2026-09-29 19:20:20+00:00,NFLX,0.4714285714285714,Long
5,2026-09-29 20:11:39+00:00,NFLX,0.475,Long
5,2026-09-30 03:50:00+00:00,NFLX,0.47777777777777775,Long
5,2026-09-30 05:09:30+00:00,NFLX,0.45,Long
5,2026-09-30 06:05:44+00:00,NFLX,0.36363636363636365,Long
5,2026-09-30 11:15:43+00:00,NFLX,0.2916666666666667,Long
5,2026-09-30 12:00:04+00:00,NFLX,0.3076923076923077,Long
5,2026-10-01 12:18:29+00:00,NFLX,0.34285714285714286,Long
5,2026-10-01 12:21:48+00:00,NFLX,0.2866666666666667,Long
5,2026-10-01 13:12:40+00:00,NFLX,0.28125,Long
5,2026-09-28 09:46:47+00:00,NVDA,0.6,Long
5,2026-09-29 21:33:24+00:00,NVDA,0.04999999999999999,Neutral
5,2026-09-30 14:10:14+00:00,NVDA,0.09999999999999999,Neutral
5,2026-09-30 19:47:00+00:00,NVDA,0.125,Long
5,2026-09-30 20:19:14+00:00,NVDA,0.26,Long
5,2026-09-30 23:06:29+00:00,NVDA,0.3,Long
5,2026-10-01 03:55:00+00:00,NVDA,0.32857142857142857,Long
5,2026-10-01 10:00:00+00:00,NVDA,0.3875,Long
5,2026-10-01 11:15:14+00:00,NVDA,0.41111111111111115,Long
5,2026-10-01 11:15:20+00:00,NVDA,0.45,Long
5,2026-10-01 11:15:36+00:00,NVDA,0.4181818181818182,Long
5,2026-10-01 11:46:14+00:00,NVDA,0.425,Long
5,2026-10-01 12:17:27+00:00,NVDA,0.34615384615384615,Long
5,2026-09-25 12:08:50+00:00,NXPI,0.6,Long
5,2026-09-28 04:30:00+00:00,NXPI,0.7,Long
5,2026-09-28 05:27:32+00:00,NXPI,0.6333333333333333,Long
5,2026-09-28 09:15:59+00:00,NXPI,0.6,Long
5,2026-09-28 13:30:44+00:00,NXPI,0.6,Long
5,2026-09-28 23:37:54+00:00,NXPI,0.5333333333333333,Long
5,2026-09-30 12:29:13+00:00,NXPI,0.43333333333333335,Long
5,2026-09-24 15:26:00+00:00,ODFL,0.5,Long
5,2026-09-24 18:00:58+00:00,ODFL,0.35,Long
5,2026-09-25 08:37:00+00:00,ODFL,0.39999999999999997,Long
5,2026-09-26 04:14:10+00:00,ODFL,0.175,Long
5,2026-09-28 14:15:00+00:00,ODFL,0.13999999999999999,Long
5,2026-09-28 15:12:00+00:00,ODFL,0.13333333333333333,Long
5,2026-09-28 15:27:00+00:00,ODFL,0.04285714285714285,Neutral
5,2026-09-30 13:00:00+00:00,ODFL,-0.18000000000000002,Short
5,2026-10-01 11:49:07+00:00,ODFL,-0.18000000000000002,Short
5,2026-09-25 13:04:00+00:00,ORLY,0.5,Long
5,2026-09-25 21:09:32+00:00,ORLY,0.35,Long
5,2026-09-26 14:10:38+00:00,ORLY,0.3,Long
5,2026-09-30 15:46:56+00:00,ORLY,0.2,Long
5,2026-10-01 09:10:19+00:00,ORLY,-0.09999999999999996,Neutral
5,2026-09-29 19:23:43+00:00,PANW,0.2,Long
5,2026-09-29 20:32:02+00:00,PANW,0.35,Long
5,2026-09-30 07:00:00+00:00,PANW,0.39999999999999997,Long
5,2026-09-30 12:45:15+00:00,PANW,0.35,Long
5,2026-09-30 13:00:00+00:00,PANW,0.38,Long
5,2026-09-30 16:57:04+00:00,PANW,0.45,Long
5,2026-10-01 01:23:37+00:00,PANW,0.41428571428571426,Long
5,2026-10-01 11:30:36+00:00,PANW,0.425,Long
5,2026-09-24 17:50:00+00:00,PAYX,0.5,Long
5,2026-09-25 17:02:26+00:00,PAYX,0.0,Neutral
5,2026-09-26 20:03:43+00:00,PAYX,-0.16666666666666666,Short
5,2026-09-26 20:34:09+00:00,PAYX,0.0,Neutral
5,2026-09-27 16:58:10+00:00,PAYX,0.1,Neutral
5,2026-09-28 12:00:00+00:00,PAYX,0.21666666666666667,Long
5,2026-09-28 13:34:36+00:00,PAYX,0.1,Neutral
5,2026-09-28 14:48:20+00:00,PAYX,0.1,Neutral
5,2026-09-29 02:26:29+00:00,PAYX,0.10000000000000002,Long
5,2026-09-29 12:30:00+00:00,PAYX,0.14,Long
5,2026-09-29 14:37:31+00:00,PAYX,0.10909090909090911,Long
5,2026-09-29 17:09:26+00:00,PAYX,0.05833333333333334,Neutral
5,2026-09-24 15:12:25+00:00,PCAR,-0.5,Short
5,2026-09-24 16:53:38+00:00,PCAR,-0.25,Short
5,2026-09-25 12:41:58+00:00,PCAR,-0.13333333333333333,Short
5,2026-09-28 18:30:07+00:00,PCAR,0.024999999999999994,Neutral
5,2026-09-29 10:40:02+00:00,PCAR,0.06,Neutral
5,2026-09-29 20:02:05+00:00,PCAR,0.25,Long
5,2026-09-30 18:14:38+00:00,PCAR,0.10000000000000002,Long
5,2026-09-29 11:47:20+00:00,PEP,-0.5,Short
5,2026-09-29 12:00:00+00:00,PEP,0.0,Neutral
5,2026-09-29 12:39:25+00:00,PEP,0.0,Neutral
5,2026-09-29 13:00:00+00:00,PEP,0.2,Long
5,2026-09-29 13:29:00+00:00,PEP,0.2,Long
5,2026-09-29 16:40:00+00:00,PEP,0.20000000000000004,Long
5,2026-09-29 18:34:53+00:00,PEP,0.2,Long
5,2026-09-29 19:08:41+00:00,PEP,0.11250000000000002,Long
5,2026-09-30 07:00:00+00:00,PEP,0.04444444444444446,Neutral
5,2026-09-30 08:21:00+00:00,PEP,0.040000000000000015,Neutral
5,2026-09-30 09:57:00+00:00,PEP,0.05454545454545456,Neutral
5,2026-09-30 11:15:42+00:00,PEP,0.008333333333333345,Neutral
5,2026-09-30 12:45:44+00:00,PEP,0.02307692307692309,Neutral
5,2026-09-30 12:50:26+00:00,PEP,0.057142857142857155,Neutral
5,2026-09-30 14:15:31+00:00,PEP,0.06666666666666668,Neutral
5,2026-09-30 19:13:14+00:00,PEP,0.09375000000000001,Neutral
5,2026-10-01 13:19:00+00:00,PEP,0.11764705882352941,Long
5,2026-10-01 13:24:52+00:00,PEP,0.12222222222222223,Long
5,2026-09-27 00:18:09+00:00,PLTR,-0.5,Short
5,2026-09-29 15:37:12+00:00,PLTR,-0.5,Short
5,2026-09-29 17:24:00+00:00,PLTR,-0.16666666666666666,Short
5,2026-09-29 18:07:02+00:00,PLTR,0.0,Neutral
5,2026-09-29 18:31:05+00:00,PLTR,0.1,Neutral
5,2026-09-29 18:50:48+00:00,PLTR,0.0,Neutral
5,2026-09-29 19:40:43+00:00,PLTR,0.028571428571428574,Neutral
5,2026-09-29 19:47:00+00:00,PLTR,0.037500000000000006,Neutral
5,2026-09-29 20:23:00+00:00,PLTR,-0.022222222222222216,Neutral
5,2026-09-30 02:33:00+00:00,PLTR,-0.06999999999999999,Neutral
5,2026-09-30 03:06:01+00:00,PLTR,-0.018181818181818177,Neutral
5,2026-09-30 03:08:13+00:00,PLTR,-0.05833333333333333,Neutral
5,2026-09-30 07:05:00+00:00,PLTR,-0.0923076923076923,Neutral
5,2026-09-30 10:30:00+00:00,PLTR,-0.07142857142857142,Neutral
5,2026-09-30 12:20:01+00:00,PLTR,-0.10666666666666666,Short
5,2026-09-30 12:45:40+00:00,PLTR,-0.06874999999999999,Neutral
5,2026-10-01 08:51:20+00:00,PLTR,-0.0588235294117647,Neutral
5,2026-10-01 13:23:43+00:00,PLTR,-0.022222222222222216,Neutral
5,2026-09-28 13:00:00+00:00,PYPL,0.6,Long
5,2026-09-28 13:00:02+00:00,PYPL,0.55,Long
5,2026-09-28 14:00:00+00:00,PYPL,0.5666666666666667,Long
5,2026-09-28 15:18:00+00:00,PYPL,0.55,Long
5,2026-09-28 15:27:00+00:00,PYPL,0.54,Long
5,2026-09-28 18:45:13+00:00,PYPL,0.48333333333333334,Long
5,2026-09-28 20:45:05+00:00,PYPL,0.34285714285714286,Long
5,2026-09-29 05:54:00+00:00,PYPL,0.3625,Long
5,2026-09-29 07:07:14+00:00,PYPL,0.26666666666666666,Long
5,2026-09-29 14:20:00+00:00,PYPL,0.25,Long
5,2026-09-29 15:50:07+00:00,PYPL,0.23636363636363636,Long
5,2026-09-29 16:09:04+00:00,PYPL,0.17499999999999996,Long
5,2026-09-29 18:47:30+00:00,PYPL,0.12307692307692307,Long
5,2026-09-30 09:08:07+00:00,PYPL,0.07857142857142856,Neutral
5,2026-09-30 10:09:44+00:00,PYPL,0.10666666666666666,Long
5,2026-09-30 12:05:00+00:00,PYPL,0.13124999999999998,Long
5,2026-09-30 12:32:00+00:00,PYPL,0.15294117647058822,Long
5,2026-09-30 13:00:00+00:00,PYPL,0.10555555555555556,Long
5,2026-09-28 23:50:36+00:00,QCOM,-0.5,Short
5,2026-09-29 12:52:42+00:00,QCOM,-0.15,Short
5,2026-09-29 13:10:00+00:00,QCOM,0.06666666666666667,Neutral
5,2026-09-29 14:02:14+00:00,QCOM,0.1,Neutral
5,2026-09-29 14:31:38+00:00,QCOM,0.04,Neutral
5,2026-09-29 15:06:14+00:00,QCOM,0.13333333333333333,Long
5,2026-09-29 15:21:46+00:00,QCOM,0.14285714285714285,Long
5,2026-09-29 18:58:56+00:00,QCOM,0.19999999999999998,Long
5,2026-09-30 12:20:01+00:00,QCOM,0.19999999999999998,Long
5,2026-09-30 12:45:13+00:00,QCOM,0.22999999999999998,Long
5,2026-09-30 15:09:17+00:00,QCOM,0.2545454545454545,Long
5,2026-09-30 16:19:30+00:00,QCOM,0.25,Long
5,2026-09-30 20:01:47+00:00,QCOM,0.24615384615384614,Long
5,2026-09-28 16:11:00+00:00,REGN,0.8,Long
5,2026-09-28 17:15:38+00:00,REGN,0.15000000000000002,Long
5,2026-09-28 17:25:01+00:00,REGN,0.16666666666666666,Long
5,2026-09-28 19:16:00+00:00,REGN,0.325,Long
5,2026-09-28 20:09:30+00:00,REGN,0.36,Long
5,2026-09-29 02:13:00+00:00,REGN,0.3333333333333333,Long
5,2026-09-29 04:01:00+00:00,REGN,0.39999999999999997,Long
5,2026-09-29 07:08:05+00:00,REGN,0.375,Long
5,2026-09-29 09:07:03+00:00,REGN,0.2777777777777778,Long
5,2026-09-29 11:37:00+00:00,REGN,0.3,Long
5,2026-09-29 13:20:00+00:00,REGN,0.3181818181818182,Long
5,2026-09-29 14:00:00+00:00,REGN,0.3333333333333333,Long
5,2026-09-29 14:13:00+00:00,REGN,0.3692307692307692,Long
5,2026-09-29 14:40:03+00:00,REGN,0.35714285714285715,Long
5,2026-09-30 00:00:00+00:00,REGN,0.33999999999999997,Long
5,2026-09-30 12:03:28+00:00,REGN,0.2875,Long
5,2026-09-30 12:05:05+00:00,REGN,0.2823529411764706,Long
5,2026-10-01 05:00:00+00:00,REGN,0.29444444444444445,Long
5,2026-10-01 06:00:28+00:00,REGN,0.32105263157894737,Long
5,2026-10-01 06:27:00+00:00,REGN,0.32999999999999996,Long
5,2026-10-01 13:38:06+00:00,REGN,0.3238095238095238,Long
5,2026-09-28 15:28:17+00:00,RKLB,0.5,Long
5,2026-09-28 17:15:46+00:00,RKLB,0.55,Long
5,2026-09-28 19:11:42+00:00,RKLB,0.5333333333333333,Long
5,2026-09-28 21:15:05+00:00,RKLB,0.275,Long
5,2026-09-29 00:08:59+00:00,RKLB,0.38,Long
5,2026-09-29 00:46:01+00:00,RKLB,0.4166666666666667,Long
5,2026-09-29 12:43:13+00:00,RKLB,0.4428571428571429,Long
5,2026-09-29 13:10:59+00:00,RKLB,0.325,Long
5,2026-09-29 14:55:00+00:00,RKLB,0.34444444444444444,Long
5,2026-09-29 15:30:00+00:00,RKLB,0.32999999999999996,Long
5,2026-09-29 15:56:34+00:00,RKLB,0.3090909090909091,Long
5,2026-09-29 17:54:42+00:00,RKLB,0.3,Long
5,2026-09-29 20:50:00+00:00,RKLB,0.3153846153846154,Long
5,2026-09-30 07:10:00+00:00,RKLB,0.2928571428571428,Long
5,2026-09-30 11:07:00+00:00,RKLB,0.2866666666666667,Long
5,2026-09-30 23:00:00+00:00,RKLB,0.31875,Long
5,2026-10-01 12:17:20+00:00,RKLB,0.31176470588235294,Long
5,2026-10-01 13:22:51+00:00,RKLB,0.33888888888888885,Long
5,2026-09-27 20:06:34+00:00,ROP,0.5,Long
5,2026-09-29 14:40:05+00:00,ROP,0.35,Long
5,2026-10-01 00:00:00+00:00,ROP,0.26666666666666666,Long
5,2026-10-01 12:30:00+00:00,ROP,0.2,Long
5,2026-10-01 12:33:00+00:00,ROP,0.26,Long
5,2026-09-28 12:30:01+00:00,ROST,0.8,Long
5,2026-09-29 21:00:04+00:00,ROST,0.15000000000000002,Long
5,2026-09-26 19:13:00+00:00,SBUX,-0.7,Short
5,2026-09-27 11:10:39+00:00,SBUX,-0.75,Short
5,2026-09-27 12:36:14+00:00,SBUX,-0.3333333333333333,Short
5,2026-09-27 13:25:24+00:00,SBUX,-0.2,Short
5,2026-09-27 16:50:29+00:00,SBUX,-0.2,Short
5,2026-09-28 01:06:33+00:00,SBUX,-0.2833333333333333,Short
5,2026-09-28 01:27:35+00:00,SBUX,-0.34285714285714286,Short
5,2026-09-28 03:30:06+00:00,SBUX,-0.375,Short
5,2026-09-28 12:24:00+00:00,SBUX,-0.3888888888888889,Short
5,2026-09-28 14:01:00+00:00,SBUX,-0.32999999999999996,Short
5,2026-09-28 17:23:52+00:00,SBUX,-0.34545454545454546,Short
5,2026-09-28 17:45:34+00:00,SBUX,-0.36666666666666664,Short
5,2026-09-28 17:50:00+00:00,SBUX,-0.38461538461538464,Short
5,2026-09-28 18:08:06+00:00,SBUX,-0.39285714285714285,Short
5,2026-09-28 18:31:00+00:00,SBUX,-0.4,Short
5,2026-09-28 18:41:03+00:00,SBUX,-0.34375,Short
5,2026-09-28 21:03:57+00:00,SBUX,-0.35294117647058826,Short
5,2026-09-29 17:53:54+00:00,SBUX,-0.3222222222222222,Short
5,2026-09-30 04:23:11+00:00,SBUX,-0.29473684210526313,Short
5,2026-09-30 11:13:33+00:00,SBUX,-0.255,Short
5,2026-09-28 15:09:00+00:00,SHOP,0.8,Long
5,2026-09-28 19:30:20+00:00,SHOP,0.5,Long
5,2026-09-28 20:57:00+00:00,SHOP,0.3666666666666667,Long
5,2026-09-28 23:59:43+00:00,SHOP,0.4,Long
5,2026-09-29 16:13:02+00:00,SHOP,0.22000000000000003,Long
5,2026-09-29 19:07:01+00:00,SHOP,0.26666666666666666,Long
5,2026-09-29 20:45:05+00:00,SHOP,0.2571428571428572,Long
5,2026-09-30 04:30:46+00:00,SHOP,0.325,Long
5,2026-09-30 12:16:32+00:00,SHOP,0.3777777777777778,Long
5,2026-09-30 12:26:36+00:00,SHOP,0.29000000000000004,Long
5,2026-09-30 13:00:00+00:00,SHOP,0.33636363636363636,Long
5,2026-09-30 16:54:42+00:00,SHOP,0.35000000000000003,Long
5,2026-09-30 18:41:00+00:00,SHOP,0.36153846153846153,Long
5,2026-09-26 04:53:14+00:00,SNDK,0.2,Long
5,2026-09-28 23:34:01+00:00,SNDK,0.35,Long
5,2026-09-29 06:14:00+00:00,SNDK,0.39999999999999997,Long
5,2026-09-29 10:30:48+00:00,SNDK,0.425,Long
5,2026-09-29 13:05:05+00:00,SNDK,0.38,Long
5,2026-09-29 14:00:51+00:00,SNDK,0.45,Long
5,2026-09-29 14:30:27+00:00,SNDK,0.5,Long
5,2026-09-29 21:30:00+00:00,SNDK,0.4375,Long
5,2026-09-29 22:20:00+00:00,SNDK,0.41111111111111115,Long
5,2026-09-30 01:08:58+00:00,SNDK,0.45,Long
5,2026-09-30 10:58:30+00:00,SNDK,0.4636363636363636,Long
5,2026-09-30 12:07:00+00:00,SNDK,0.43333333333333335,Long
5,2026-09-30 12:08:00+00:00,SNDK,0.43846153846153846,Long
5,2026-09-30 14:03:21+00:00,SNDK,0.45,Long
5,2026-09-30 16:24:45+00:00,SNDK,0.4533333333333333,Long
5,2026-09-30 16:30:53+00:00,SNDK,0.45625,Long
5,2026-10-01 12:45:13+00:00,SNDK,0.475,Long
5,2026-09-28 05:37:00+00:00,SNPS,0.2,Long
5,2026-09-28 12:37:53+00:00,SNPS,0.5,Long
5,2026-09-28 13:00:00+00:00,SNPS,0.5,Long
5,2026-09-28 17:00:34+00:00,SNPS,0.575,Long
5,2026-09-28 19:34:00+00:00,SNPS,0.4,Long
5,2026-09-28 22:23:20+00:00,SNPS,0.4166666666666667,Long
5,2026-09-30 11:00:00+00:00,SNPS,0.42857142857142855,Long
5,2026-09-30 13:00:00+00:00,SNPS,0.45,Long
5,2026-09-30 13:46:33+00:00,SNPS,0.4666666666666667,Long
5,2026-09-30 13:51:18+00:00,SNPS,0.5,Long
5,2026-09-30 14:00:04+00:00,SNPS,0.5272727272727272,Long
5,2026-09-30 18:29:00+00:00,SNPS,0.5499999999999999,Long
5,2026-09-30 20:05:00+00:00,SNPS,0.5461538461538461,Long
5,2026-09-30 22:02:27+00:00,SNPS,0.55,Long
5,2026-10-01 08:08:15+00:00,SNPS,0.5466666666666666,Long
5,2026-10-01 12:15:29+00:00,SNPS,0.55,Long
5,2026-09-30 12:23:00+00:00,SPCX,-0.6,Short
5,2026-09-30 12:50:17+00:00,SPCX,-0.04999999999999999,Neutral
5,2026-09-30 13:10:00+00:00,SPCX,0.16666666666666666,Long
5,2026-09-30 13:10:05+00:00,SPCX,0.25,Long
5,2026-09-30 14:03:47+00:00,SPCX,0.3,Long
5,2026-09-30 14:29:47+00:00,SPCX,0.3833333333333333,Long
5,2026-09-30 14:56:00+00:00,SPCX,0.24285714285714288,Long
5,2026-09-30 15:03:08+00:00,SPCX,0.3125,Long
5,2026-09-30 17:19:20+00:00,SPCX,0.30000000000000004,Long
5,2026-09-30 17:55:40+00:00,SPCX,0.35,Long
5,2026-09-30 18:15:16+00:00,SPCX,0.33636363636363636,Long
5,2026-09-30 20:25:00+00:00,SPCX,0.35000000000000003,Long
5,2026-10-01 12:53:47+00:00,SPCX,0.2846153846153846,Long
5,2026-09-24 16:13:00+00:00,STX,-0.5,Short
5,2026-09-24 17:30:15+00:00,STX,0.0,Neutral
5,2026-09-25 17:36:37+00:00,STX,0.06666666666666667,Neutral
5,2026-09-27 20:00:28+00:00,STX,0.1,Neutral
5,2026-09-28 03:10:02+00:00,STX,0.12000000000000002,Long
5,2026-09-28 13:18:00+00:00,STX,0.13333333333333333,Long
5,2026-09-28 17:09:02+00:00,STX,0.18571428571428572,Long
5,2026-09-29 11:29:00+00:00,STX,0.225,Long
5,2026-09-29 16:58:47+00:00,STX,0.35,Long
5,2026-10-01 00:12:08+00:00,STX,0.37142857142857144,Long
5,2026-10-01 12:16:26+00:00,STX,0.3875,Long
5,2026-09-24 15:16:00+00:00,TER,0.2,Long
5,2026-09-24 19:12:58+00:00,TER,0.2,Long
5,2026-09-25 21:00:04+00:00,TER,0.3,Long
5,2026-09-28 18:38:36+00:00,TER,0.1,Neutral
5,2026-09-28 21:07:12+00:00,TER,0.1,Neutral
5,2026-09-28 21:32:28+00:00,TER,0.11666666666666668,Long
5,2026-09-29 03:11:59+00:00,TER,0.17142857142857146,Long
5,2026-09-29 04:27:23+00:00,TER,0.1625,Long
5,2026-09-29 13:00:00+00:00,TER,0.2111111111111111,Long
5,2026-09-29 16:22:04+00:00,TER,0.13333333333333336,Long
5,2026-09-29 20:05:33+00:00,TER,0.16666666666666666,Long
5,2026-09-30 12:30:03+00:00,TER,0.22999999999999998,Long
5,2026-09-25 13:56:00+00:00,TMUS,-0.5,Short
5,2026-09-25 20:07:00+00:00,TMUS,0.0,Neutral
5,2026-09-26 12:20:07+00:00,TMUS,0.03333333333333333,Neutral
5,2026-09-26 13:09:35+00:00,TMUS,0.175,Long
5,2026-09-27 09:42:52+00:00,TMUS,0.18,Long
5,2026-09-28 12:00:59+00:00,TMUS,0.2333333333333333,Long
5,2026-09-28 14:16:00+00:00,TMUS,0.2714285714285714,Long
5,2026-09-28 15:20:51+00:00,TMUS,0.2625,Long
5,2026-09-29 00:07:07+00:00,TMUS,0.2888888888888889,Long
5,2026-09-29 02:47:00+00:00,TMUS,0.31,Long
5,2026-09-29 12:50:01+00:00,TMUS,0.3,Long
5,2026-09-29 13:00:00+00:00,TMUS,0.325,Long
5,2026-09-29 13:58:00+00:00,TMUS,0.3153846153846154,Long
5,2026-09-29 23:30:02+00:00,TMUS,0.35000000000000003,Long
5,2026-09-30 02:17:00+00:00,TMUS,0.2733333333333333,Long
5,2026-09-30 13:10:19+00:00,TMUS,0.26875,Long
5,2026-10-01 11:54:00+00:00,TMUS,0.33999999999999997,Long
5,2026-10-01 13:00:00+00:00,TMUS,0.36666666666666664,Long
5,2026-09-29 15:00:00+00:00,TRI,0.0,Neutral
5,2026-09-29 00:00:00+00:00,TSLA,0.1,Neutral
5,2026-09-30 11:35:00+00:00,TSLA,0.45,Long
5,2026-09-30 12:05:00+00:00,TSLA,0.5,Long
5,2026-09-30 12:10:45+00:00,TSLA,0.5,Long
5,2026-09-30 12:15:58+00:00,TSLA,0.5599999999999999,Long
5,2026-09-30 12:37:17+00:00,TSLA,0.6,Long
5,2026-09-30 12:45:08+00:00,TSLA,0.5857142857142856,Long
5,2026-09-30 12:45:46+00:00,TSLA,0.4375,Long
5,2026-09-30 13:02:00+00:00,TSLA,0.47777777777777775,Long
5,2026-09-30 13:20:00+00:00,TSLA,0.44000000000000006,Long
5,2026-09-30 13:55:00+00:00,TSLA,0.4454545454545455,Long
5,2026-09-30 14:19:59+00:00,TSLA,0.42500000000000004,Long
5,2026-09-30 15:02:03+00:00,TSLA,0.4538461538461539,Long
5,2026-09-30 15:26:36+00:00,TSLA,0.40714285714285714,Long
5,2026-09-30 15:28:00+00:00,TSLA,0.41333333333333333,Long
5,2026-09-30 17:03:25+00:00,TSLA,0.3375,Long
5,2026-09-30 18:53:28+00:00,TSLA,0.3470588235294118,Long
5,2026-09-30 18:55:30+00:00,TSLA,0.2833333333333333,Long
5,2026-10-01 11:37:11+00:00,TSLA,0.3105263157894737,Long
5,2026-10-01 13:28:36+00:00,TSLA,0.325,Long
5,2026-09-24 15:35:00+00:00,TTWO,0.5,Long
5,2026-09-24 20:52:00+00:00,TTWO,0.15,Long
5,2026-09-26 13:18:34+00:00,TTWO,0.13333333333333333,Long
5,2026-09-28 13:41:00+00:00,TTWO,-0.04999999999999999,Neutral
5,2026-09-28 16:13:42+00:00,TTWO,0.06000000000000001,Neutral
5,2026-09-29 15:20:01+00:00,TTWO,0.13333333333333333,Long
5,2026-09-29 19:10:25+00:00,TTWO,0.13333333333333333,Long
5,2026-09-29 20:49:11+00:00,TTWO,0.1142857142857143,Long
5,2026-09-30 00:00:00+00:00,TTWO,0.17142857142857143,Long
5,2026-09-30 13:12:45+00:00,TTWO,0.175,Long
5,2026-09-30 15:09:00+00:00,TTWO,0.17777777777777778,Long
5,2026-09-30 17:03:48+00:00,TTWO,0.21000000000000002,Long
5,2026-09-25 14:27:52+00:00,TXN,-0.2,Short
5,2026-09-25 20:50:05+00:00,TXN,0.15,Long
5,2026-09-25 23:00:02+00:00,TXN,0.3,Long
5,2026-09-26 15:35:00+00:00,TXN,0.35,Long
5,2026-09-27 20:19:10+00:00,TXN,0.44000000000000006,Long
5,2026-09-28 09:27:32+00:00,TXN,0.39999999999999997,Long
5,2026-09-28 09:28:00+00:00,TXN,0.42857142857142855,Long
5,2026-09-28 15:23:00+00:00,TXN,0.4375,Long
5,2026-09-29 10:05:04+00:00,TXN,0.3333333333333333,Long
5,2026-09-29 11:09:00+00:00,TXN,0.38,Long
5,2026-09-30 19:32:41+00:00,TXN,0.4,Long
5,2026-09-24 14:14:00+00:00,VRTX,-0.5,Short
5,2026-09-24 14:27:00+00:00,VRTX,0.0,Neutral
5,2026-09-24 20:50:06+00:00,VRTX,0.16666666666666666,Long
5,2026-09-25 04:23:46+00:00,VRTX,0.175,Long
5,2026-09-26 20:21:01+00:00,VRTX,0.3,Long
5,2026-09-28 10:38:36+00:00,VRTX,0.2833333333333333,Long
5,2026-09-29 00:37:08+00:00,VRTX,0.31428571428571433,Long
5,2026-09-29 09:30:00+00:00,VRTX,0.375,Long
5,2026-09-28 15:10:50+00:00,WBD,0.2,Long
5,2026-09-28 15:15:35+00:00,WBD,0.35,Long
5,2026-09-28 15:23:00+00:00,WBD,0.03333333333333336,Neutral
5,2026-09-28 18:26:55+00:00,WBD,0.22500000000000003,Long
5,2026-09-28 20:23:40+00:00,WBD,0.040000000000000036,Neutral
5,2026-09-29 12:19:12+00:00,WBD,0.0666666666666667,Neutral
5,2026-09-29 13:52:32+00:00,WBD,0.08571428571428574,Neutral
5,2026-09-29 14:15:27+00:00,WBD,0.17500000000000004,Long
5,2026-09-29 15:44:36+00:00,WBD,0.21111111111111114,Long
5,2026-09-29 17:05:57+00:00,WBD,0.13000000000000003,Long
5,2026-09-29 17:49:32+00:00,WBD,0.12727272727272732,Long
5,2026-09-29 21:08:04+00:00,WBD,0.16666666666666666,Long
5,2026-09-30 16:26:00+00:00,WBD,0.10000000000000002,Long
5,2026-09-30 21:42:00+00:00,WBD,0.1285714285714286,Long
5,2026-09-30 22:49:00+00:00,WBD,0.15333333333333335,Long
5,2026-10-01 00:49:14+00:00,WBD,0.17500000000000002,Long
5,2026-10-01 01:02:00+00:00,WBD,0.19411764705882353,Long
5,2026-09-24 15:12:46+00:00,WDAY,0.8,Long
5,2026-09-24 16:12:17+00:00,WDAY,0.5,Long
5,2026-09-25 11:17:00+00:00,WDAY,0.5,Long
5,2026-09-25 14:57:00+00:00,WDAY,0.5,Long
5,2026-09-28 01:08:08+00:00,WDAY,0.44000000000000006,Long
5,2026-09-28 12:00:00+00:00,WDAY,0.45,Long
5,2026-09-28 14:43:38+00:00,WDAY,0.3,Long
5,2026-09-28 15:07:00+00:00,WDAY,0.325,Long
5,2026-09-29 00:00:00+00:00,WDAY,0.30000000000000004,Long
5,2026-09-29 12:30:00+00:00,WDAY,0.32,Long
5,2026-09-30 13:00:00+00:00,WDAY,0.275,Long
5,2026-09-25 11:03:00+00:00,WDC,0.6,Long
5,2026-09-25 14:03:01+00:00,WDC,0.55,Long
5,2026-09-25 14:20:07+00:00,WDC,0.39999999999999997,Long
5,2026-09-26 03:17:58+00:00,WDC,0.425,Long
5,2026-09-26 17:54:00+00:00,WDC,0.44000000000000006,Long
5,2026-09-26 21:12:47+00:00,WDC,0.45,Long
5,2026-09-28 01:09:48+00:00,WDC,0.4571428571428572,Long
5,2026-09-28 15:03:41+00:00,WDC,0.3375,Long
5,2026-09-28 17:10:27+00:00,WDC,0.35555555555555557,Long
5,2026-09-28 19:26:36+00:00,WDC,0.37,Long
5,2026-09-28 22:54:36+00:00,WDC,0.29090909090909095,Long
5,2026-09-29 00:27:07+00:00,WDC,0.30833333333333335,Long
5,2026-09-29 13:05:06+00:00,WDC,0.24615384615384617,Long
5,2026-09-30 12:00:02+00:00,WDC,0.23846153846153845,Long
5,2026-10-01 13:10:10+00:00,WDC,0.22727272727272727,Long
5,2026-09-29 17:30:36+00:00,WMT,0.5,Long
5,2026-09-29 18:42:52+00:00,WMT,0.5,Long
5,2026-09-29 18:50:00+00:00,WMT,0.16666666666666666,Long
5,2026-09-29 20:45:05+00:00,WMT,0.0,Neutral
5,2026-09-29 20:49:02+00:00,WMT,-0.04,Neutral
5,2026-09-29 23:17:00+00:00,WMT,-0.16666666666666666,Short
5,2026-09-30 05:07:51+00:00,WMT,-0.07142857142857142,Neutral
5,2026-09-30 06:47:51+00:00,WMT,0.0,Neutral
5,2026-09-30 07:07:23+00:00,WMT,0.022222222222222223,Neutral
5,2026-09-30 08:52:00+00:00,WMT,0.1,Neutral
5,2026-09-30 13:00:00+00:00,WMT,0.14545454545454548,Long
5,2026-09-30 14:11:00+00:00,WMT,0.19999999999999998,Long
5,2026-09-30 15:55:41+00:00,WMT,0.19230769230769232,Long
5,2026-09-30 16:55:49+00:00,WMT,0.14285714285714285,Long
5,2026-09-30 17:01:00+00:00,WMT,0.16666666666666666,Long
5,2026-10-01 07:30:00+00:00,WMT,0.19375,Long
5,2026-09-29 15:32:00+00:00,XEL,0.5,Long
5,2026-09-30 13:00:00+00:00,XEL,0.5,Long
